backend,array_layout,tile_extent_rows,query_chunk_rows,cache_mode,pattern,batch_size,overlap_case,overlap_placement,width,world_size,latency_mean_ms,latency_p50_ms,latency_p95_ms,rows_per_second,useful_gib_per_second,storage_read_gib,storage_read_gib_per_second,process_read_gib,device_read_gib,storage_counter_source,read_amplification,process_cpu_percent,unique_row_fraction,within_rank_unique_row_fraction,node_unique_row_fraction,within_rank_repetition_mean,requesting_ranks_per_unique_row_mean,owner_unique_rows_mean,owner_unique_rows_max_mean,owner_unique_max_to_mean_mean,contiguous_ranges_mean,estimated_tiles_touched_mean,node_contiguous_ranges_mean,node_estimated_tiles_touched_mean,clustered_run_count,slowest_rank_storage_fraction,storage_owner_count_mean,cuda_peak_temporary_bytes,aggregate_rss_peak_bytes,index_bytes_peak_per_rank,raw_staging_bytes_peak_per_rank,output_bytes_peak_per_rank,samples,id_routing_mean_ms,id_routing_rank_max_mean_ms,id_routing_rank_mean_mean_ms,id_routing_storage_owner_max_mean_ms,id_routing_storage_owner_mean_mean_ms,gpu_sort_mean_ms,gpu_sort_rank_max_mean_ms,gpu_sort_rank_mean_mean_ms,gpu_sort_storage_owner_max_mean_ms,gpu_sort_storage_owner_mean_mean_ms,gpu_deduplicate_mean_ms,gpu_deduplicate_rank_max_mean_ms,gpu_deduplicate_rank_mean_mean_ms,gpu_deduplicate_storage_owner_max_mean_ms,gpu_deduplicate_storage_owner_mean_mean_ms,staging_allocation_mean_ms,staging_allocation_rank_max_mean_ms,staging_allocation_rank_mean_mean_ms,staging_allocation_storage_owner_max_mean_ms,staging_allocation_storage_owner_mean_mean_ms,indices_d2h_mean_ms,indices_d2h_rank_max_mean_ms,indices_d2h_rank_mean_mean_ms,indices_d2h_storage_owner_max_mean_ms,indices_d2h_storage_owner_mean_mean_ms,tiledb_read_mean_ms,tiledb_read_rank_max_mean_ms,tiledb_read_rank_mean_mean_ms,tiledb_read_storage_owner_max_mean_ms,tiledb_read_storage_owner_mean_mean_ms,id_decode_mean_ms,id_decode_rank_max_mean_ms,id_decode_rank_mean_mean_ms,id_decode_storage_owner_max_mean_ms,id_decode_storage_owner_mean_mean_ms,id_sort_mean_ms,id_sort_rank_max_mean_ms,id_sort_rank_mean_mean_ms,id_sort_storage_owner_max_mean_ms,id_sort_storage_owner_mean_mean_ms,id_deduplicate_mean_ms,id_deduplicate_rank_max_mean_ms,id_deduplicate_rank_mean_mean_ms,id_deduplicate_storage_owner_max_mean_ms,id_deduplicate_storage_owner_mean_mean_ms,query_setup_mean_ms,query_setup_rank_max_mean_ms,query_setup_rank_mean_mean_ms,query_setup_storage_owner_max_mean_ms,query_setup_storage_owner_mean_mean_ms,range_build_mean_ms,range_build_rank_max_mean_ms,range_build_rank_mean_mean_ms,range_build_storage_owner_max_mean_ms,range_build_storage_owner_mean_mean_ms,query_submit_mean_ms,query_submit_rank_max_mean_ms,query_submit_rank_mean_mean_ms,query_submit_storage_owner_max_mean_ms,query_submit_storage_owner_mean_mean_ms,cpu_reorder_mean_ms,cpu_reorder_rank_max_mean_ms,cpu_reorder_rank_mean_mean_ms,cpu_reorder_storage_owner_max_mean_ms,cpu_reorder_storage_owner_mean_mean_ms,rows_h2d_mean_ms,rows_h2d_rank_max_mean_ms,rows_h2d_rank_mean_mean_ms,rows_h2d_storage_owner_max_mean_ms,rows_h2d_storage_owner_mean_mean_ms,gpu_expand_mean_ms,gpu_expand_rank_max_mean_ms,gpu_expand_rank_mean_mean_ms,gpu_expand_storage_owner_max_mean_ms,gpu_expand_storage_owner_mean_mean_ms,embedding_exchange_mean_ms,embedding_exchange_rank_max_mean_ms,embedding_exchange_rank_mean_mean_ms,embedding_exchange_storage_owner_max_mean_ms,embedding_exchange_storage_owner_mean_mean_ms,output_reorder_mean_ms,output_reorder_rank_max_mean_ms,output_reorder_rank_mean_mean_ms,output_reorder_storage_owner_max_mean_ms,output_reorder_storage_owner_mean_mean_ms,storage_requested_rows_mean,storage_unique_rows_mean,storage_range_count_mean,storage_query_count_mean,storage_requested_rows_rank_max_mean,storage_requested_rows_rank_mean_mean,storage_requested_rows_storage_owner_max_mean,storage_requested_rows_storage_owner_mean_mean,storage_unique_rows_rank_max_mean,storage_unique_rows_rank_mean_mean,storage_unique_rows_storage_owner_max_mean,storage_unique_rows_storage_owner_mean_mean,storage_range_count_rank_max_mean,storage_range_count_rank_mean_mean,storage_range_count_storage_owner_max_mean,storage_range_count_storage_owner_mean_mean,storage_query_count_rank_max_mean,storage_query_count_rank_mean_mean,storage_query_count_storage_owner_max_mean,storage_query_count_storage_owner_mean_mean,index_bytes_rank_max_mean,index_bytes_rank_mean_mean,index_bytes_storage_owner_max_mean,index_bytes_storage_owner_mean_mean,raw_staging_bytes_rank_max_mean,raw_staging_bytes_rank_mean_mean,raw_staging_bytes_storage_owner_max_mean,raw_staging_bytes_storage_owner_mean_mean,output_bytes_rank_max_mean,output_bytes_rank_mean_mean,output_bytes_storage_owner_max_mean,output_bytes_storage_owner_mean_mean,tile_overlap_planning_mean_ms,relevant_tile_overlap_mean_ms,partition_planning_mean_ms,internal_tile_read_mean_ms,internal_unfilter_mean_ms,internal_copy_mean_ms,internal_reader_work_mean_ms,tiledb_ranges_requested_mean,tiledb_tiles_read_mean,tiledb_vfs_read_ops_mean,tiledb_vfs_read_bytes_mean
cpu,none,,0,resident,overlap_clustered_runs_10_cross_rank_25,100000,cross_rank_25,clustered_runs_10,2048,4,34.83220142079517,34.805460018105805,34.95394142810255,11483626.750079483,87.61311912597262,0.0,0.0,0.0,0.0,device,0.0,400.41847575195834,1.0,1.0,0.25,1.0,4,25000,25000,1.0,40,,10,,10,0.0,0,2461560320,143601078272,0,0,0,5,0.0,0.0,0.0,,,0.0,0.0,0.0,,,0.0,0.0,0.0,,,0.0,0.0,0.0,,,0.0,0.0,0.0,,,0.0,0.0,0.0,,,0.0,0.0,0.0,,,0.0,0.0,0.0,,,0.0,0.0,0.0,,,0.0,0.0,0.0,,,0.0,0.0,0.0,,,0.0,0.0,0.0,,,0.0,0.0,0.0,,,0.0,0.0,0.0,,,0.0,0.0,0.0,,,0.0,0.0,0.0,,,0.0,0.0,0.0,,,0,0,0,0,0,0,,,0,0,,,0,0,,,0,0,,,0,0,,,0,0,,,0,0,,,,,,,,,,,,,
cpu,none,,0,resident,overlap_clustered_runs_10_within_rank_25,100000,within_rank_25,clustered_runs_10,2048,4,35.47260561026633,35.46978998929262,35.53111901273951,11276307.255090214,86.03139690467998,0.0,0.0,0.0,0.0,device,0.0,357.14757238846323,0.25,0.25,0.25,4.0,1,25000,25000,1.0,13,,10,,10,0.0,0,2461560320,143601532928,0,0,0,5,0.0,0.0,0.0,,,0.0,0.0,0.0,,,0.0,0.0,0.0,,,0.0,0.0,0.0,,,0.0,0.0,0.0,,,0.0,0.0,0.0,,,0.0,0.0,0.0,,,0.0,0.0,0.0,,,0.0,0.0,0.0,,,0.0,0.0,0.0,,,0.0,0.0,0.0,,,0.0,0.0,0.0,,,0.0,0.0,0.0,,,0.0,0.0,0.0,,,0.0,0.0,0.0,,,0.0,0.0,0.0,,,0.0,0.0,0.0,,,0,0,0,0,0,0,,,0,0,,,0,0,,,0,0,,,0,0,,,0,0,,,0,0,,,,,,,,,,,,,
cpu,none,,0,resident,overlap_clustered_runs_40_cross_rank_25,100000,cross_rank_25,clustered_runs_40,2048,4,34.80716778431088,34.88247899804264,34.92494799429551,11491885.88047941,87.6761312902787,0.0,0.0,0.0,0.0,device,0.0,399.95750893225454,1.0,1.0,0.25,1.0,4,25000,25000,1.0,160,,40,,40,0.0,0,2461560320,143601930240,0,0,0,5,0.0,0.0,0.0,,,0.0,0.0,0.0,,,0.0,0.0,0.0,,,0.0,0.0,0.0,,,0.0,0.0,0.0,,,0.0,0.0,0.0,,,0.0,0.0,0.0,,,0.0,0.0,0.0,,,0.0,0.0,0.0,,,0.0,0.0,0.0,,,0.0,0.0,0.0,,,0.0,0.0,0.0,,,0.0,0.0,0.0,,,0.0,0.0,0.0,,,0.0,0.0,0.0,,,0.0,0.0,0.0,,,0.0,0.0,0.0,,,0,0,0,0,0,0,,,0,0,,,0,0,,,0,0,,,0,0,,,0,0,,,0,0,,,,,,,,,,,,,
cpu,none,,0,resident,overlap_clustered_runs_40_within_rank_25,100000,within_rank_25,clustered_runs_40,2048,4,24.647606594953686,24.703193979803473,24.77163637522608,16228756.267226994,123.81558431417079,0.0,0.0,0.0,0.0,device,0.0,398.24180097103846,0.25,0.25,0.25,4.0,1,25000,25000,1.0,40,,40,,40,0.0,0,2461560320,143602257920,0,0,0,5,0.0,0.0,0.0,,,0.0,0.0,0.0,,,0.0,0.0,0.0,,,0.0,0.0,0.0,,,0.0,0.0,0.0,,,0.0,0.0,0.0,,,0.0,0.0,0.0,,,0.0,0.0,0.0,,,0.0,0.0,0.0,,,0.0,0.0,0.0,,,0.0,0.0,0.0,,,0.0,0.0,0.0,,,0.0,0.0,0.0,,,0.0,0.0,0.0,,,0.0,0.0,0.0,,,0.0,0.0,0.0,,,0.0,0.0,0.0,,,0,0,0,0,0,0,,,0,0,,,0,0,,,0,0,,,0,0,,,0,0,,,0,0,,,,,,,,,,,,,
cpu,none,,0,resident,overlap_clustered_runs_100_cross_rank_25,100000,cross_rank_25,clustered_runs_100,2048,4,34.80334996711463,34.78097997140139,34.878579154610634,11493146.503941614,87.68574908402721,0.0,0.0,0.0,0.0,device,0.0,400.0318513348628,1.0,1.0,0.25,1.0,4,25000,25000,1.0,400,,100,,100,0.0,0,2461560320,143602573312,0,0,0,5,0.0,0.0,0.0,,,0.0,0.0,0.0,,,0.0,0.0,0.0,,,0.0,0.0,0.0,,,0.0,0.0,0.0,,,0.0,0.0,0.0,,,0.0,0.0,0.0,,,0.0,0.0,0.0,,,0.0,0.0,0.0,,,0.0,0.0,0.0,,,0.0,0.0,0.0,,,0.0,0.0,0.0,,,0.0,0.0,0.0,,,0.0,0.0,0.0,,,0.0,0.0,0.0,,,0.0,0.0,0.0,,,0.0,0.0,0.0,,,0,0,0,0,0,0,,,0,0,,,0,0,,,0,0,,,0,0,,,0,0,,,0,0,,,,,,,,,,,,,
cpu,none,,0,resident,overlap_clustered_runs_100_within_rank_25,100000,within_rank_25,clustered_runs_100,2048,4,22.3398657864891,22.35535002546385,22.378927166573703,17905210.524671797,136.60591525781095,0.0,0.0,0.0,0.0,device,0.0,400.26841188132767,0.25,0.25,0.25,4.0,1,25000,25000,1.0,100,,100,,100,0.0,0,2461560320,143602786304,0,0,0,5,0.0,0.0,0.0,,,0.0,0.0,0.0,,,0.0,0.0,0.0,,,0.0,0.0,0.0,,,0.0,0.0,0.0,,,0.0,0.0,0.0,,,0.0,0.0,0.0,,,0.0,0.0,0.0,,,0.0,0.0,0.0,,,0.0,0.0,0.0,,,0.0,0.0,0.0,,,0.0,0.0,0.0,,,0.0,0.0,0.0,,,0.0,0.0,0.0,,,0.0,0.0,0.0,,,0.0,0.0,0.0,,,0.0,0.0,0.0,,,0,0,0,0,0,0,,,0,0,,,0,0,,,0,0,,,0,0,,,0,0,,,0,0,,,,,,,,,,,,,
tiledb,node,256,0,cold,overlap_clustered_runs_10_cross_rank_25,100000,cross_rank_25,clustered_runs_10,2048,4,217.17596558155492,216.6497499565594,220.3100056038238,1841824.4345265275,14.052005268299313,3.9484100341796875,3.636139039240935,3.9484100341796875,3.9484100341796875,device,0.258763,713.8356375893869,1.0,1.0,0.25,1.0,4,25000,25000,1.0,40,1607.2,10,401.8,10,1.0,4,2670282240,7275438080,200000,204800000,204800000,5,0.3105694,0.333617,0.26828005,0.333617,0.26828005,0.0889964,0.0903746,0.08849649999999999,0.0903746,0.08849649999999999,0.037807600000000004,0.038813600000000004,0.03806415,0.038813600000000004,0.03806415,0.0132518,0.0143018,0.0124357,0.0143018,0.0124357,0.0111916,0.0125576,0.0117847,0.0125576,0.0117847,184.4804264,192.6755972,174.73467395,192.6755972,174.73467395,0.0209078,0.0210778,0.0207683,0.0210778,0.0207683,0.0,0.0,0.0,0.0,0.0,0.0,0.0,0.0,0.0,0.0,0.0774866,0.0900924,0.0791011,0.0900924,0.0791011,0.0138656,0.0149198,0.01393825,0.0149198,0.01393825,183.9440946,192.1985766,174.1491644,192.1985766,174.1491644,0.0,0.0,0.0,0.0,0.0,3.7221288,3.7638986,3.6934647,3.7638986,3.6934647,0.9714394000000001,0.9940708,0.9766027,0.9940708,0.9766027,26.007216,54.507687600000004,35.70980755,54.507687600000004,35.70980755,1.1760300000000001,1.1831880000000001,1.1637302,1.1831880000000001,1.1637302,100000,25000,2.2,1,100000,100000,100000,100000,25000,25000,25000,25000,3,2.5,3,2.5,1,1,1,1,200000,200000,200000,200000,204800000,204800000,204800000,204800000,204800000,204800000,204800000,204800000,,,,,,,,,,,
tiledb,node,256,0,cold,overlap_clustered_runs_10_within_rank_25,100000,within_rank_25,clustered_runs_10,2048,4,218.6411636066623,218.56697998009622,221.73920061904937,1829481.6648506504,13.957837408833697,3.9484100341796875,3.611771881422034,3.9484100341796875,3.9484100341796875,device,0.258763,703.9030879696178,0.25,0.25,0.25,4.0,1,25000,25000,1.0,13,404.8,10,401.8,10,1.0,4,2670282240,7276146688,200000,204800000,204800000,5,0.29766539999999997,0.2995874,0.2593176,0.2995874,0.2593176,0.0875168,0.0884648,0.0869898,0.0884648,0.0869898,0.0381112,0.0402652,0.03822575,0.0402652,0.03822575,0.010612,0.0139238,0.01217435,0.0139238,0.01217435,0.0111118,0.011416,0.01087695,0.011416,0.01087695,155.2446716,190.3668602,171.96216225,190.3668602,171.96216225,0.020884,0.0212636,0.02100275,0.0212636,0.02100275,0.0,0.0,0.0,0.0,0.0,0.0,0.0,0.0,0.0,0.0,0.075697,0.0866568,0.0778354,0.0866568,0.0778354,0.013976,0.0150138,0.0141103,0.0150138,0.0141103,154.729185,189.8940696,171.4588918,189.8940696,171.4588918,0.0,0.0,0.0,0.0,0.0,3.6782836,3.7380728,3.68083185,3.7380728,3.68083185,0.786104,0.7933638000000001,0.78882595,0.7933638000000001,0.78882595,56.9480068,57.8182934,37.3074388,57.8182934,37.3074388,1.1854518,1.1858958000000002,1.1714836,1.1858958000000002,1.1714836,100000,25000,3,1,100000,100000,100000,100000,25000,25000,25000,25000,3,2.5,3,2.5,1,1,1,1,200000,200000,200000,200000,204800000,204800000,204800000,204800000,204800000,204800000,204800000,204800000,,,,,,,,,,,
tiledb,node,256,0,cold,overlap_clustered_runs_40_cross_rank_25,100000,cross_rank_25,clustered_runs_40,2048,4,224.58949302090332,224.72485702019185,227.2413003956899,1781027.2182357642,13.58815931881534,4.271129608154297,3.8034990423677284,4.271129608154297,4.271129608154297,device,0.27991275,492.38740447090936,1.0,1.0,0.25,1.0,4,25000,25000,1.0,160,1718.4,40,429.6,40,1.0,4,2670282240,7276875776,200000,204800000,204800000,5,0.315351,0.3371308,0.3224435,0.3371308,0.3224435,0.0873626,0.0903666,0.0881472,0.0903666,0.0881472,0.0374614,0.0387294,0.03804545,0.0387294,0.03804545,0.0125118,0.013357599999999999,0.01227675,0.013357599999999999,0.01227675,0.0109518,0.0116298,0.01131635,0.0116298,0.01131635,200.3546922,200.3546922,199.12771295,200.3546922,199.12771295,0.0207056,0.0211516,0.0208336,0.0211516,0.0208336,0.0,0.0,0.0,0.0,0.0,0.0,0.0,0.0,0.0,0.0,0.0836764,0.0875408,0.0803417,0.0875408,0.0803417,0.0161318,0.0169294,0.016274749999999998,0.0169294,0.016274749999999998,199.8090906,199.8314902,198.59217950000001,199.8314902,198.59217950000001,0.0,0.0,0.0,0.0,0.0,3.7554186,3.8196738,3.7458893,3.8196738,3.7458893,0.9690296,0.9859089999999999,0.9756187000000001,0.9859089999999999,0.9756187000000001,17.5062694,20.3929296,18.64702605,20.3929296,18.64702605,1.1763082,1.180586,1.17673605,1.180586,1.17673605,100000,25000,10,1,100000,100000,100000,100000,25000,25000,25000,25000,10,10,10,10,1,1,1,1,200000,200000,200000,200000,204800000,204800000,204800000,204800000,204800000,204800000,204800000,204800000,,,,,,,,,,,
tiledb,node,256,0,cold,overlap_clustered_runs_40_within_rank_25,100000,within_rank_25,clustered_runs_40,2048,4,225.62328139320016,225.8107609814033,227.6027345797047,1772866.6896875263,13.525899426937304,4.271129608154297,3.7860717048174446,4.271129608154297,4.271129608154297,device,0.27991275,497.84230477637783,0.25,0.25,0.25,4.0,1,25000,25000,1.0,40,429.6,40,429.6,40,1.0,4,2670282240,7277330432,200000,204800000,204800000,5,0.2478102,0.257864,0.24414875,0.257864,0.24414875,0.0860688,0.0893228,0.0870173,0.0893228,0.0870173,0.0378372,0.0387852,0.0379147,0.0387852,0.0379147,0.01203,0.01321,0.0124095,0.01321,0.0124095,0.0112238,0.0116258,0.0113013,0.0116258,0.0113013,199.4606476,200.2400958,198.78402755,200.2400958,198.78402755,0.0209316,0.0211676,0.02090565,0.0211676,0.02090565,0.0,0.0,0.0,0.0,0.0,0.0,0.0,0.0,0.0,0.0,0.079257,0.0839208,0.0791063,0.0839208,0.0791063,0.0177496,0.0183638,0.0166008,0.0183638,0.0166008,198.9675912,199.7174976,198.28223565,199.7174976,198.28223565,0.0,0.0,0.0,0.0,0.0,3.7391872,3.7672326000000003,3.7196379,3.7672326000000003,3.7196379,0.79214,0.796904,0.7918195,0.796904,0.7918195,19.7012978,21.4823828,20.0147367,21.4823828,20.0147367,1.1757382,1.179074,1.17534565,1.179074,1.17534565,100000,25000,10,1,100000,100000,100000,100000,25000,25000,25000,25000,10,10,10,10,1,1,1,1,200000,200000,200000,200000,204800000,204800000,204800000,204800000,204800000,204800000,204800000,204800000,,,,,,,,,,,
tiledb,node,256,0,cold,overlap_clustered_runs_100_cross_rank_25,100000,cross_rank_25,clustered_runs_100,2048,4,258.79799380199984,260.0682280026376,261.8897690088488,1545607.035524512,11.792045864292236,4.967048645019531,3.8385526657673408,4.967048645019531,4.967048645019531,device,0.3255205,466.6632440450809,1.0,1.0,0.25,1.0,4,25000,25000,1.0,400,1961.6,100,490.4,100,1.0,4,2670282240,7278202880,200000,204800000,204800000,5,0.3269608,0.3335508,0.30455015,0.3335508,0.30455015,0.0883806,0.0906044,0.08884305,0.0906044,0.08884305,0.0397096,0.0401316,0.0393996,0.0401316,0.0393996,0.0124338,0.0134418,0.012792350000000001,0.0134418,0.012792350000000001,0.0113176,0.0130096,0.0118681,0.0130096,0.0118681,234.3676962,234.5621034,233.38100465,234.5621034,233.38100465,0.0222136,0.0225678,0.02146315,0.0225678,0.02146315,0.0,0.0,0.0,0.0,0.0,0.0,0.0,0.0,0.0,0.0,0.0774286,0.0873346,0.0794357,0.0873346,0.0794357,0.0180198,0.0196638,0.018513250000000002,0.0196638,0.018513250000000002,233.8072508,233.9917038,232.8320511,233.9917038,232.8320511,0.0,0.0,0.0,0.0,0.0,3.7597208,3.79713,3.74319295,3.79713,3.74319295,0.977979,0.9954807999999999,0.9784946,0.9954807999999999,0.9784946,17.6727906,19.9936156,18.58050685,19.9936156,18.58050685,1.1791099999999999,1.1814879999999999,1.17801955,1.1814879999999999,1.17801955,100000,25000,25,1,100000,100000,100000,100000,25000,25000,25000,25000,25,25,25,25,1,1,1,1,200000,200000,200000,200000,204800000,204800000,204800000,204800000,204800000,204800000,204800000,204800000,,,,,,,,,,,
tiledb,node,256,0,cold,overlap_clustered_runs_100_within_rank_25,100000,within_rank_25,clustered_runs_100,2048,4,257.26338560925797,254.4102250249125,262.8708322183229,1554826.7743297764,11.862386889112674,4.967048645019531,3.8614501113374025,4.967048645019531,4.967048645019531,device,0.3255205,487.3628722683186,0.25,0.25,0.25,4.0,1,25000,25000,1.0,100,490.4,100,490.4,100,1.0,4,2670282240,7278948352,200000,204800000,204800000,5,0.24757020000000002,0.252804,0.24401575,0.252804,0.24401575,0.1394798,0.1410258,0.1006413,0.1410258,0.1006413,0.0385616,0.0390256,0.0383046,0.0390256,0.0383046,0.0124976,0.0135156,0.01222565,0.0135156,0.01222565,0.0113498,0.0115256,0.01116625,0.0115256,0.01116625,233.89471740000002,233.89471740000002,231.9746231,233.89471740000002,231.9746231,0.0209576,0.0215576,0.0209347,0.0215576,0.0209347,0.0,0.0,0.0,0.0,0.0,0.0,0.0,0.0,0.0,0.0,0.0804168,0.0851108,0.0791257,0.0851108,0.0791257,0.0183416,0.0191338,0.0186017,0.0191338,0.0186017,233.2977222,233.2977222,231.4438056,233.2977222,231.4438056,0.0,0.0,0.0,0.0,0.0,3.738135,3.787422,3.72169425,3.787422,3.72169425,0.791374,0.8099096,0.79514985,0.8099096,0.79514985,16.8380294,20.291233000000002,18.7183873,20.291233000000002,18.7183873,1.1803122,1.180606,1.17553575,1.180606,1.17553575,100000,25000,25,1,100000,100000,100000,100000,25000,25000,25000,25000,25,25,25,25,1,1,1,1,200000,200000,200000,200000,204800000,204800000,204800000,204800000,204800000,204800000,204800000,204800000,,,,,,,,,,,
tiledb,node,256,0,warm,overlap_clustered_runs_10_cross_rank_25,100000,cross_rank_25,clustered_runs_10,2048,4,102.83024539239705,103.9532859576866,104.26246719434857,3889906.111510406,29.677628414233443,0.0,0.0,0.0,0.0,device,0.0,1077.3417061999055,1.0,1.0,0.25,1.0,4,25000,25000,1.0,40,1607.2,10,401.8,10,1.0,4,2670282240,7279230976,200000,204800000,204800000,5,0.3343088,0.3404606,0.3195891,0.3404606,0.3195891,0.0869964,0.088582,0.0877407,0.088582,0.0877407,0.0365616,0.038751799999999996,0.03786535,0.038751799999999996,0.03786535,0.0115318,0.0129896,0.0121262,0.0129896,0.0121262,0.0109716,0.011591599999999999,0.011214149999999999,0.011591599999999999,0.011214149999999999,78.6303484,78.6303484,75.736346,78.6303484,75.736346,0.0204536,0.0210058,0.02072875,0.0210058,0.02072875,0.0,0.0,0.0,0.0,0.0,0.0,0.0,0.0,0.0,0.0,0.0729804,0.0802284,0.07695225,0.0802284,0.07695225,0.013646,0.0150956,0.0142198,0.0150956,0.0142198,78.1745816,78.1745816,75.24424985,78.1745816,75.24424985,0.0,0.0,0.0,0.0,0.0,3.6851458,3.7280572,3.6785873,3.7280572,3.6785873,0.9712412,0.982847,0.9723103,0.982847,0.9723103,17.5484304,24.8311156,20.3515549,24.8311156,20.3515549,1.180944,1.181016,1.1756478,1.181016,1.1756478,100000,25000,2.2,1,100000,100000,100000,100000,25000,25000,25000,25000,3,2.5,3,2.5,1,1,1,1,200000,200000,200000,200000,204800000,204800000,204800000,204800000,204800000,204800000,204800000,204800000,,,,,,,,,,,
tiledb,node,256,0,warm,overlap_clustered_runs_10_within_rank_25,100000,within_rank_25,clustered_runs_10,2048,4,109.41775301471353,111.07831803383306,112.73420880315825,3655713.894492163,27.890883594453147,0.0,0.0,0.0,0.0,device,0.0,1014.8438908727004,0.25,0.25,0.25,4.0,1,25000,25000,1.0,13,404.8,10,401.8,10,1.0,4,2670282240,7279837184,200000,204800000,204800000,5,0.2373546,0.3111174,0.2631617,0.3111174,0.2631617,0.0906988,0.0915148,0.08784785,0.0915148,0.08784785,0.0380494,0.0384392,0.03745125,0.0384392,0.03745125,0.0117778,0.0121898,0.0112214,0.0121898,0.0112214,0.010920000000000001,0.011436,0.0108089,0.011436,0.0108089,71.1060604,77.6578832,73.6914764,77.6578832,73.6914764,0.0206896,0.0209376,0.0205552,0.0209376,0.0205552,0.0,0.0,0.0,0.0,0.0,0.0,0.0,0.0,0.0,0.0,0.0737854,0.078283,0.071314,0.078283,0.071314,0.0140534,0.0143754,0.01355565,0.0143754,0.01355565,70.6270542,77.2301378,73.20547695,77.2301378,73.20547695,0.0,0.0,0.0,0.0,0.0,3.6960482,3.7356692,3.6879404,3.7356692,3.6879404,0.787614,0.8043518,0.79004995,0.8043518,0.79004995,31.898563799999998,32.2601782,25.2875277,32.2601782,25.2875277,1.179604,1.17968,1.1622602499999999,1.17968,1.1622602499999999,100000,25000,3,1,100000,100000,100000,100000,25000,25000,25000,25000,3,2.5,3,2.5,1,1,1,1,200000,200000,200000,200000,204800000,204800000,204800000,204800000,204800000,204800000,204800000,204800000,,,,,,,,,,,
tiledb,node,256,0,warm,overlap_clustered_runs_40_cross_rank_25,100000,cross_rank_25,clustered_runs_40,2048,4,91.59320058533922,91.52104501845315,92.04828338697553,4367136.39706598,33.31860654499802,0.0,0.0,0.0,0.0,device,0.0,1441.1521079778538,1.0,1.0,0.25,1.0,4,25000,25000,1.0,160,1718.4,40,429.6,40,1.0,4,2670282240,7280332800,200000,204800000,204800000,5,0.2432084,0.2536184,0.24140395,0.2536184,0.24140395,0.08716840000000001,0.0886628,0.0876867,0.0886628,0.0876867,0.0380136,0.0384196,0.0376506,0.0384196,0.0376506,0.0139598,0.0141536,0.012994200000000001,0.0141536,0.012994200000000001,0.010928,0.012661799999999999,0.0115499,0.012661799999999999,0.0115499,67.3868454,67.3868454,65.56770765,67.3868454,65.56770765,0.0218396,0.0220476,0.0216331,0.0220476,0.0216331,0.0,0.0,0.0,0.0,0.0,0.0,0.0,0.0,0.0,0.0,0.0797886,0.0805586,0.0772733,0.0805586,0.0772733,0.0161958,0.016575799999999998,0.01599475,0.016575799999999998,0.01599475,66.8464778,66.8464778,65.0547351,66.8464778,65.0547351,0.0,0.0,0.0,0.0,0.0,3.7312632,3.7592368,3.70446415,3.7592368,3.70446415,0.974771,0.979331,0.9743466,0.979331,0.9743466,17.565974399999998,21.6646958,19.324246549999998,21.6646958,19.324246549999998,1.177352,1.177596,1.1759451,1.177596,1.1759451,100000,25000,10,1,100000,100000,100000,100000,25000,25000,25000,25000,10,10,10,10,1,1,1,1,200000,200000,200000,200000,204800000,204800000,204800000,204800000,204800000,204800000,204800000,204800000,,,,,,,,,,,
tiledb,node,256,0,warm,overlap_clustered_runs_40_within_rank_25,100000,within_rank_25,clustered_runs_40,2048,4,92.35425340011716,92.21433603670448,93.13781319651753,4331148.650696499,33.04404182965469,0.0,0.0,0.0,0.0,device,0.0,1446.560201414941,0.25,0.25,0.25,4.0,1,25000,25000,1.0,40,429.6,40,429.6,40,1.0,4,2670282240,7281225728,200000,204800000,204800000,5,0.3114112,0.331553,0.2615159,0.331553,0.2615159,0.0858128,0.0866428,0.0860268,0.0866428,0.0860268,0.0400974,0.0403072,0.03945175,0.0403072,0.03945175,0.0112018,0.01236,0.01173195,0.01236,0.01173195,0.0112516,0.0113816,0.0111362,0.0113816,0.0111362,65.8263236,66.838002,66.0309832,66.838002,66.0309832,0.0208338,0.0210358,0.0207317,0.0210358,0.0207317,0.0,0.0,0.0,0.0,0.0,0.0,0.0,0.0,0.0,0.0,0.0783866,0.079651,0.0773789,0.079651,0.0773789,0.016146,0.016866,0.01605545,0.016866,0.01605545,65.3449646,66.238967,65.52684925,66.238967,65.52684925,0.0,0.0,0.0,0.0,0.0,3.7452828,3.8643052,3.77922345,3.8643052,3.77922345,0.793944,0.79649,0.7914815000000001,0.79649,0.7914815000000001,19.9886754,20.5181414,19.43386435,20.5181414,19.43386435,1.1753022,1.1782299999999999,1.17394215,1.1782299999999999,1.17394215,100000,25000,10,1,100000,100000,100000,100000,25000,25000,25000,25000,10,10,10,10,1,1,1,1,200000,200000,200000,200000,204800000,204800000,204800000,204800000,204800000,204800000,204800000,204800000,,,,,,,,,,,
tiledb,node,256,0,warm,overlap_clustered_runs_100_cross_rank_25,100000,cross_rank_25,clustered_runs_100,2048,4,96.7759957886301,96.79645602591336,98.79521095426753,4133256.3590835687,31.534243462246465,0.0,0.0,0.0,0.0,device,0.0,1504.7690038556966,1.0,1.0,0.25,1.0,4,25000,25000,1.0,400,1961.6,100,490.4,100,1.0,4,2670282240,7281889280,200000,204800000,204800000,5,0.247568,0.2789336,0.25592885,0.2789336,0.25592885,0.08816460000000001,0.0894226,0.08808865,0.0894226,0.08808865,0.0372034,0.0387394,0.03787335,0.0387394,0.03787335,0.011462,0.0123798,0.0115464,0.0123798,0.0115464,0.0106636,0.0115756,0.01095325,0.0115756,0.01095325,72.6141922,72.6809772,70.5944398,72.6809772,70.5944398,0.0219296,0.0222414,0.02150405,0.0222414,0.02150405,0.0,0.0,0.0,0.0,0.0,0.0,0.0,0.0,0.0,0.0,0.0763508,0.0795506,0.07608235,0.0795506,0.07608235,0.0186318,0.0193638,0.0185658,0.0193638,0.0185658,72.1162936,72.1664228,70.07302165,72.1664228,70.07302165,0.0,0.0,0.0,0.0,0.0,3.676662,3.7566628,3.6910993,3.7566628,3.6910993,0.9716132,0.982639,0.9752301,0.982639,0.9752301,17.5730364,22.565942200000002,19.48953075,22.565942200000002,19.48953075,1.178976,1.1801422,1.1739591,1.1801422,1.1739591,100000,25000,25,1,100000,100000,100000,100000,25000,25000,25000,25000,25,25,25,25,1,1,1,1,200000,200000,200000,200000,204800000,204800000,204800000,204800000,204800000,204800000,204800000,204800000,,,,,,,,,,,
tiledb,node,256,0,warm,overlap_clustered_runs_100_within_rank_25,100000,within_rank_25,clustered_runs_100,2048,4,96.8243513838388,96.8196359463036,97.11969700874761,4131192.146222474,31.518494767932694,0.0,0.0,0.0,0.0,device,0.0,1504.948430610626,0.25,0.25,0.25,4.0,1,25000,25000,1.0,100,490.4,100,490.4,100,1.0,4,2670282240,7282450432,200000,204800000,204800000,5,0.2389404,0.256,0.2417068,0.256,0.2417068,0.0878124,0.0883064,0.0874159,0.0883064,0.0874159,0.0380718,0.0387298,0.037948249999999996,0.0387298,0.037948249999999996,0.0119478,0.0125956,0.01181675,0.0125956,0.01181675,0.0114074,0.0115314,0.0111866,0.0115314,0.0111866,73.6289748,73.6289748,71.91804725,73.6289748,71.91804725,0.0205978,0.02128,0.02077885,0.02128,0.02077885,0.0,0.0,0.0,0.0,0.0,0.0,0.0,0.0,0.0,0.0,0.0793228,0.0813286,0.07813925,0.0813286,0.07813925,0.0190438,0.0193938,0.0189273,0.0193938,0.0189273,73.1016384,73.1016384,71.38931,73.1016384,71.38931,0.0,0.0,0.0,0.0,0.0,3.729765,3.8328374,3.74179885,3.8328374,3.74179885,0.789508,0.7962978,0.7904199,0.7962978,0.7904199,16.7454512,19.9762216,18.3635908,19.9762216,18.3635908,1.1782462,1.1791142000000001,1.1752956,1.1791142000000001,1.1752956,100000,25000,25,1,100000,100000,100000,100000,25000,25000,25000,25000,25,25,25,25,1,1,1,1,200000,200000,200000,200000,204800000,204800000,204800000,204800000,204800000,204800000,204800000,204800000,,,,,,,,,,,
