backend,tile_extent_rows,query_chunk_rows,cache_mode,pattern,batch_size,world_size,latency_mean_ms,latency_p50_ms,latency_p95_ms,rows_per_second,useful_gib_per_second,storage_read_gib,storage_read_gib_per_second,process_read_gib,device_read_gib,storage_counter_source,read_amplification,process_cpu_percent,unique_row_fraction,contiguous_ranges_mean,estimated_tiles_touched_mean,cuda_peak_temporary_bytes,aggregate_rss_peak_bytes,staging_allocation_mean_ms,indices_d2h_mean_ms,tiledb_read_mean_ms,rows_h2d_mean_ms,index_bytes_peak_per_rank,raw_staging_bytes_peak_per_rank,output_bytes_peak_per_rank,samples
cuda,,0,resident,random,1024,8,0.19713899988952713,0.19230700490879826,0.21901249929214825,41554436.233270116,19.814699284205492,0.0,0.0,0.0,0.0,device,0.0,1014.0554977893379,0.9999755859375,8191.466666666666,,1625600,13368209408,0.0,0.0,0.0,0.0,0,0,0,30
cuda,,0,resident,random,8192,8,0.4188922665586385,0.4172889966866933,0.4314475510909688,156450727.86471692,74.60152047382208,0.0,0.0,0.0,0.0,device,0.0,892.5691317682222,0.9997294108072917,65486.3,,12816384,13371457536,0.0,0.0,0.0,0.0,0,0,0,30
cuda,,0,resident,random,65536,8,2.038028232588355,2.036754500295501,2.105656501589692,257252569.72232372,122.66758428684412,0.0,0.0,0.0,0.0,device,0.0,797.9067581093977,0.9980552673339844,521223.5333333333,,102092800,13402886144,0.0,0.0,0.0,0.0,0,0,0,30
cuda,,0,resident,locality,1024,8,0.2115760333254002,0.20859700089204125,0.2259529486764222,38718941.22998728,18.462629904740943,0.0,0.0,0.0,0.0,device,0.0,948.559170489813,0.8849039713541667,5653.466666666666,,1939456,13404200960,0.0,0.0,0.0,0.0,0,0,0,30
cuda,,0,resident,locality,8192,8,0.541938933019992,0.5262919985398185,0.6112084516644245,120928754.1583258,57.66332347790041,0.0,0.0,0.0,0.0,device,0.0,788.9669861583716,0.632373046875,15278.666666666666,,15671808,13404405760,0.0,0.0,0.0,0.0,0,0,0,30
cuda,,0,resident,locality,65536,8,2.351949900184991,2.389669003605377,2.702376000524964,222916312.95324892,106.29478118574568,0.0,0.0,0.0,0.0,device,0.0,712.8716559260574,0.6314878463745117,121727.3,,127377920,13404966912,0.0,0.0,0.0,0.0,0,0,0,30
cpu,,0,resident,random,1024,8,0.20716120028131021,0.20305650105001405,0.22767500013287645,39544084.45633567,18.85608885590347,0.0,0.0,0.0,0.0,device,0.0,998.1429263099405,0.9999755859375,8191.466666666666,,1625600,22122954752,0.0,0.0,0.0,0.0,0,0,0,30
cpu,,0,resident,random,8192,8,0.5375655659008771,0.537707001058152,0.5441994984721532,121912570.59066229,58.13244370968928,0.0,0.0,0.0,0.0,device,0.0,872.4723762406104,0.9997294108072917,65486.3,,12816384,22124466176,0.0,0.0,0.0,0.0,0,0,0,30
cpu,,0,resident,random,65536,8,2.9920117328098663,2.9936699975223746,3.0713774478499545,175229259.38115528,83.55582207734837,0.0,0.0,0.0,0.0,device,0.0,792.422936492542,0.9980552673339844,521223.5333333333,,102092800,22124466176,0.0,0.0,0.0,0.0,0,0,0,30
cpu,,0,resident,locality,1024,8,0.22137029979300374,0.21591699987766333,0.23417095253535078,37005867.57871348,17.645772733074892,0.0,0.0,0.0,0.0,device,0.0,923.9189878885337,0.8849039713541667,5653.466666666666,,1939456,22125117440,0.0,0.0,0.0,0.0,0,0,0,30
cpu,,0,resident,locality,8192,8,0.6029636329913046,0.5871014982403722,0.6745315014995867,108689805.51094878,51.82733798549117,0.0,0.0,0.0,0.0,device,0.0,788.4918879347896,0.632373046875,15278.666666666666,,15671808,22127185920,0.0,0.0,0.0,0.0,0,0,0,30
cpu,,0,resident,locality,65536,8,2.9620365661685355,2.963649996672757,3.2807364990731003,177002541.42310572,84.40138884692465,0.0,0.0,0.0,0.0,device,0.0,726.575687118266,0.6314878463745117,121727.3,,127377920,22128304128,0.0,0.0,0.0,0.0,0,0,0,30
tiledb,16,0,cold,random,1024,8,1440.361691867535,1442.9935370026215,1460.4017887486407,5687.460341560784,0.002711992426662819,220.9914321899414,5.114257838562057,220.9914321899414,220.9914321899414,device,1885.7935546875,922.644870296614,0.9999755859375,8191.466666666666,8187.966666666666,1625600,13633290240,0.015431533333333334,0.008405833333333333,1438.4124986666666,0.07651383333333334,8640,552960,552960,30
tiledb,16,0,cold,random,8192,8,1630.4533012669708,1629.0230285012512,1648.3392668022134,40194.95679457619,0.0191664489720231,238.37714004516602,4.873432843490644,238.37714004516602,238.37714004516602,device,254.26894938151042,1865.637897433978,0.9997294108072917,65486.3,65278.86666666667,12816384,13905752064,0.0145031,0.011452866666666667,1625.6685744333333,0.14209086666666668,66680,4267520,4267520,30
tiledb,16,0,cold,random,65536,8,3688.146869433937,3708.839811501093,3819.1834182518505,142154.85948922328,0.06778471922360577,240.5834197998047,2.174383941464618,240.5834197998047,240.5834197998047,device,32.077789306640625,13124.417362506656,0.9980552673339844,521223.5333333333,508219.7,102092800,15800705024,0.015428166666666666,0.0188926,3681.5065517,0.6725265666666667,529296,33874944,33874944,30
tiledb,16,0,cold,locality,1024,8,88.45967059969553,88.98739699725411,101.67050200034282,92607.17278805011,0.044158541101479584,8.591190338134766,3.2373284834744176,8.591190338134766,8.591190338134766,device,73.31149088541666,1660.9148197209358,0.8849039713541667,5653.466666666666,2078.366666666667,1939456,15559995392,0.0096118,0.0075659,79.76473166666666,0.03517736666666667,12928,827392,827392,30
tiledb,16,0,cold,locality,8192,8,100.69839249918004,98.918761996174,114.72303305199603,650814.7585427805,0.31033265998019244,9.976726531982422,3.3025110214027364,9.976726531982422,9.976726531982422,device,10.641841634114583,1718.527216953761,0.632373046875,15278.666666666666,4206.6,15671808,15578607616,0.0105259,0.0100189,92.36054636666667,0.13053966666666666,111032,7106048,7106048,30
tiledb,16,0,cold,locality,65536,8,195.44953043368878,194.2019935013377,210.2927380001347,2682472.5484714224,1.2791025869710075,14.949581146240234,2.549606389105185,14.949581146240234,14.949581146240234,device,1.9932774861653646,6948.041281995984,0.6314878463745117,121727.3,32826.73333333333,127377920,15731011584,0.0116298,0.019361066666666666,179.3775745,0.7626501666666666,816416,52250624,52250624,30
tiledb,16,0,warm,random,1024,8,190.08138323406456,189.1895744993235,205.26729375378636,43097.32947341004,0.020550408112244626,0.0,0.0,0.0,0.0,device,0.0,9924.997750201781,0.9999755859375,8191.466666666666,8187.966666666666,1625600,15675883520,0.0114772,0.008172466666666666,188.29565163333334,0.06449096666666666,8736,559104,559104,30
tiledb,16,0,warm,random,8192,8,284.80070503380074,284.34231750361505,294.82074820007256,230111.78989961438,0.10972585196476668,0.0,0.0,0.0,0.0,device,0.0,11568.439511595703,0.9997294108072917,65486.3,65278.86666666667,12816384,15717519360,0.011409133333333333,0.0106639,270.3779454333333,0.14112446666666667,67096,4294144,4294144,30
tiledb,16,0,warm,random,65536,8,2367.214370333386,2361.248289998912,2452.3646935485885,221478.88529679805,0.10560936226692107,0.0,0.0,0.0,0.0,device,0.0,19509.39324764062,0.9980552673339844,521223.5333333333,508219.7,102092800,15913902080,0.0129323,0.018386333333333334,2357.8600821,0.6501688333333333,527736,33775104,33775104,30
tiledb,16,0,warm,locality,1024,8,48.17512873293405,47.77522400036105,53.54834945137554,170046.25032583854,0.08108437076847007,0.0,0.0,0.0,0.0,device,0.0,2401.285475636919,0.8849039713541667,5653.466666666666,2078.366666666667,1939456,15692165120,0.008314466666666666,0.007465933333333333,43.0360344,0.0319445,11808,755712,755712,30
tiledb,16,0,warm,locality,8192,8,56.104713065966884,55.87288149763481,60.6437461967289,1168101.5091003848,0.5569942040922092,0.0,0.0,0.0,0.0,device,0.0,2422.598674853846,0.632373046875,15278.666666666666,4206.6,15671808,15699664896,0.0098135,0.0106308,50.512503833333334,0.12260806666666667,106544,6818816,6818816,30
tiledb,16,0,warm,locality,65536,8,142.65158126703076,140.38361099665053,157.341458198789,3675304.5100746597,1.7525217581151293,0.0,0.0,0.0,0.0,device,0.0,9201.91440639885,0.6314878463745117,121727.3,32826.73333333333,127377920,15774523392,0.011296933333333333,0.019859266666666667,130.16647306666667,0.7997352333333333,816416,52250624,52250624,30
tiledb,16,1024,cold,random,1024,8,1436.6279054008676,1436.2193790038873,1449.1935355516034,5702.242013539446,0.002719040877122615,221.01936721801758,5.128197923000011,221.01936721801758,221.01936721801758,device,1886.03193359375,922.5787001495711,0.9999755859375,8191.466666666666,8187.966666666666,1625600,15634534400,0.013651433333333334,0.008111933333333333,1435.4270245666667,0.07043596666666667,8736,559104,559104,30
tiledb,16,1024,cold,random,8192,8,1624.2557501337917,1633.2521145013743,1673.4228386503673,40348.32568368727,0.019239580957263597,238.54824447631836,4.895539479269585,238.54824447631836,238.54824447631836,device,254.4514607747396,1304.1813841747794,0.9997294108072917,65486.3,65278.86666666667,12816384,15671377920,0.0119346,0.010709133333333334,1567.0336602333334,0.13279696666666665,66936,4283904,4283904,30
tiledb,16,1024,cold,random,65536,8,3004.9942564670346,3010.407320500235,3037.9434759990545,174472.21367284885,0.08319483455316966,240.5834197998047,2.6687063741974013,240.5834197998047,240.5834197998047,device,32.077789306640625,2010.315972821762,0.9980552673339844,521223.5333333333,508219.7,102092800,15862575104,0.0125492,0.018035766666666668,2997.8518472,0.6453477,528608,33830912,33830912,30
tiledb,16,1024,cold,locality,1024,8,97.92413356602385,97.74704450319405,111.56609479985491,83656.59926392576,0.039890575057948,8.637664794921875,2.940257415058996,8.637664794921875,8.637664794921875,device,73.70807291666667,1512.8565156696745,0.8849039713541667,5653.466666666666,2078.366666666667,1939456,15843647488,0.0092935,0.0076642333333333335,75.46734909999999,0.040550666666666665,13568,868352,868352,30
tiledb,16,1024,cold,locality,8192,8,204.32210186675852,203.41677449687268,235.36398700125574,320748.4623603618,0.15294478528993694,10.10354232788086,1.648303052805896,10.10354232788086,10.10354232788086,device,10.77711181640625,1842.8653992061977,0.632373046875,15278.666666666666,4206.6,15671808,15843811328,0.0098319,0.009852166666666667,165.24724076666666,0.12021683333333333,106544,6818816,6818816,30
tiledb,16,1024,cold,locality,65536,8,1320.0044840339008,1276.0971160023473,1570.7806213544245,397186.5295470731,0.1893932960257879,17.547592163085938,0.44311950894441743,17.547592163085938,17.547592163085938,device,2.339678955078125,1900.3073701292906,0.6314878463745117,121727.3,32826.73333333333,127377920,15857704960,0.012095533333333333,0.019308333333333334,1108.1946963,0.7099342,755320,48340480,48340480,30
tiledb,16,1024,warm,random,1024,8,193.10408193365825,193.37287100279354,207.82268150251184,42422.717935162014,0.020228728263455398,0.0,0.0,0.0,0.0,device,0.0,9199.094459951832,0.9999755859375,8191.466666666666,8187.966666666666,1625600,15847292928,0.0112205,0.007839233333333332,188.1430711,0.06284853333333333,8736,559104,559104,30
tiledb,16,1024,warm,random,8192,8,536.596540533113,535.4822765002609,561.2106997527007,122132.72924735867,0.0582374235379022,0.0,0.0,0.0,0.0,device,0.0,2700.864743350999,0.9997294108072917,65486.3,65278.86666666667,12816384,15850225664,0.0111235,0.0108621,511.6325472666667,0.13389923333333334,66936,4283904,4283904,30
tiledb,16,1024,warm,random,65536,8,2783.9869321658625,2788.521086004039,2823.450707700249,188322.72304960818,0.08979927208404931,0.0,0.0,0.0,0.0,device,0.0,2126.9598550928895,0.9980552673339844,521223.5333333333,508219.7,102092800,15965233152,0.0120004,0.0179105,2545.4739841,0.6490192333333333,529808,33907712,33907712,30
tiledb,16,1024,warm,locality,1024,8,68.99092776705704,68.31469900134834,78.74413715144327,118740.24984356934,0.05661976329973666,0.0,0.0,0.0,0.0,device,0.0,1870.930606013689,0.8849039713541667,5653.466666666666,2078.366666666667,1939456,15949815808,0.009013233333333334,0.007695133333333333,53.05107923333333,0.03982896666666667,12824,820736,820736,30
tiledb,16,1024,warm,locality,8192,8,201.28677856725213,197.85626899829367,241.15452374935552,325585.21958809975,0.1552511308613299,0.0,0.0,0.0,0.0,device,0.0,1927.2375115970294,0.632373046875,15278.666666666666,4206.6,15671808,15947722752,0.0098882,0.009976233333333334,165.1602536,0.1246478,106544,6818816,6818816,30
tiledb,16,1024,warm,locality,65536,8,1328.428795165625,1285.7116529994528,1545.9970447478554,394667.7472725463,0.1881922470438701,0.0,0.0,0.0,0.0,device,0.0,1974.132462972069,0.6314878463745117,121727.3,32826.73333333333,127377920,15955230720,0.011581266666666666,0.0194036,1175.7614945,0.7276724333333333,816416,52250624,52250624,30
tiledb,16,4096,cold,random,1024,8,1425.271149166656,1424.8520490000374,1439.3181946485129,5747.678260932871,0.00274070656820911,220.9914321899414,5.168406781618437,220.9914321899414,220.9914321899414,device,1885.7935546875,921.8748128299931,0.9999755859375,8191.466666666666,8187.966666666666,1625600,15643820032,0.012895433333333333,0.0082712,1424.1485211333334,0.0699023,8640,552960,552960,30
tiledb,16,4096,cold,random,8192,8,1636.3441456662258,1640.0700460035296,1655.539603699799,40050.254815632004,0.019097449691596987,238.41084671020508,4.856575094377795,238.41084671020508,238.41084671020508,device,254.30490315755208,1639.733620786863,0.9997294108072917,65486.3,65278.86666666667,12816384,15704264704,0.013076366666666667,0.0112178,1620.5088374333334,0.13689356666666666,66936,4283904,4283904,30
tiledb,16,4096,cold,random,65536,8,1960.787927267423,1963.636343502003,2041.1045346525498,267386.3872319195,0.12749976502986884,240.5834197998047,4.08991059927432,240.5834197998047,240.5834197998047,device,32.077789306640625,4593.256553060667,0.9980552673339844,521223.5333333333,508219.7,102092800,15788797952,0.0134249,0.0186821,1948.5735300333333,0.6442659000000001,528720,33838080,33838080,30
tiledb,16,4096,cold,locality,1024,8,86.3474413662819,87.07898150169058,98.3205016967986,94872.52743540957,0.04523874637384871,8.591190338134766,3.3165199424540863,8.591190338134766,8.591190338134766,device,73.31149088541666,1645.4708821534207,0.8849039713541667,5653.466666666666,2078.366666666667,1939456,15765553152,0.0097742,0.0079749,79.69605666666666,0.0379324,13568,868352,868352,30
tiledb,16,4096,cold,locality,8192,8,123.52496899936038,121.91070549670258,140.35053040388448,530548.6051191752,0.2529852891536594,9.971874237060547,2.6909199864178017,9.971874237060547,9.971874237060547,device,10.636665852864583,1790.4910332027303,0.632373046875,15278.666666666666,4206.6,15671808,15766274048,0.010776766666666666,0.009928133333333334,104.4913903,0.12149443333333333,106544,6818816,6818816,30
tiledb,16,4096,cold,locality,65536,8,512.6555970011395,509.20137150387745,589.3957142503496,1022690.4827859211,0.48765682353302053,16.202205657958984,1.053482152718535,16.202205657958984,16.202205657958984,device,2.1602940877278645,2055.22158523836,0.6314878463745117,121727.3,32826.73333333333,127377920,15772381184,0.0126518,0.01984963333333333,444.065204,0.7508327333333333,816416,52250624,52250624,30
tiledb,16,4096,warm,random,1024,8,182.62156060009147,181.66187899987563,196.72420424903976,44857.79210889022,0.02138986211246978,0.0,0.0,0.0,0.0,device,0.0,10061.177618873184,0.9999755859375,8191.466666666666,8187.966666666666,1625600,15759925248,0.012201733333333332,0.008480933333333333,178.19975376666667,0.07476673333333334,8736,559104,559104,30
tiledb,16,4096,warm,random,8192,8,311.00516293299734,309.9530829967989,328.88145290453394,210723.18987231416,0.10048064702621182,0.0,0.0,0.0,0.0,device,0.0,7737.623219581216,0.9997294108072917,65486.3,65278.86666666667,12816384,15777705984,0.0114331,0.010946866666666668,280.7719141,0.1382922,66936,4283904,4283904,30
tiledb,16,4096,warm,random,65536,8,1367.6391670002583,1346.281498997996,1494.851604100404,383352.577675849,0.1827967537287946,0.0,0.0,0.0,0.0,device,0.0,5991.849505902448,0.9980552673339844,521223.5333333333,508219.7,102092800,15822675968,0.011791233333333333,0.018264033333333332,1332.0220002333333,0.6473983,530136,33928704,33928704,30
tiledb,16,4096,warm,locality,1024,8,49.106145599701755,48.52187749929726,54.944415646605194,166822.29688272977,0.0795470699704789,0.0,0.0,0.0,0.0,device,0.0,2327.407362444145,0.8849039713541667,5653.466666666666,2078.366666666667,1939456,15801995264,0.009897166666666667,0.00795,42.708672633333336,0.03510666666666667,11808,755712,755712,30
tiledb,16,4096,warm,locality,8192,8,90.10547066645813,89.5607234997442,100.43258050245639,727325.4278044169,0.3468157900831303,0.0,0.0,0.0,0.0,device,0.0,2186.260262959423,0.632373046875,15278.666666666666,4206.6,15671808,15804477440,0.010454266666666667,0.010046866666666666,79.400575,0.1275922,111032,7106048,7106048,30
tiledb,16,4096,warm,locality,65536,8,504.5831333001843,488.599226999213,601.0754968036053,1039051.7744240433,0.49545849534227526,0.0,0.0,0.0,0.0,device,0.0,2069.5948824724987,0.6314878463745117,121727.3,32826.73333333333,127377920,15818993664,0.011523466666666666,0.01943136666666667,423.33598743333334,0.7332185333333333,816416,52250624,52250624,30
tiledb,16,16384,cold,random,1024,8,1424.2390269670675,1424.3747155014717,1439.0093926507689,5751.843507227121,0.002742692712415276,220.9914321899414,5.172152239561105,220.9914321899414,220.9914321899414,device,1885.7935546875,966.1156487640259,0.9999755859375,8191.466666666666,8187.966666666666,1625600,15663378432,0.013328433333333334,0.0086985,1422.60052,0.07393386666666667,8688,556032,556032,30
tiledb,16,16384,cold,random,8192,8,1620.292895800473,1619.5805750030559,1636.5066405513062,40447.00817355819,0.019286636435298057,238.37714004516602,4.903992783506396,238.37714004516602,238.37714004516602,device,254.26894938151042,1802.3942976765934,0.9997294108072917,65486.3,65278.86666666667,12816384,15698440192,0.0137678,0.011200066666666666,1608.0481010666667,0.1387145,66816,4276224,4276224,30
tiledb,16,16384,cold,random,65536,8,1981.8959437337373,1980.7815089952783,2039.4308645012643,264538.6109486063,0.1261418394797355,240.5834197998047,4.046351349583038,240.5834197998047,240.5834197998047,device,32.077789306640625,7972.747192824457,0.9980552673339844,521223.5333333333,508219.7,102092800,15820288000,0.0176787,0.0201658,1960.3410390666668,0.6501559,528608,33830912,33830912,30
tiledb,16,16384,cold,locality,1024,8,86.8875424338815,87.60538299975451,99.19289174977166,94282.7909562966,0.04495753810705976,8.591190338134766,3.295904145166484,8.591190338134766,8.591190338134766,device,73.31149088541666,1649.1539329592565,0.8849039713541667,5653.466666666666,2078.366666666667,1939456,15732408320,0.009625333333333333,0.007911633333333333,72.9123424,0.0403356,13376,856064,856064,30
tiledb,16,16384,cold,locality,8192,8,100.88218969976879,98.85526299694902,116.1828621479799,649629.0395265896,0.30976726509408453,9.976726531982422,3.296494178564038,9.976726531982422,9.976726531982422,device,10.641841634114583,1696.0334827769784,0.632373046875,15278.666666666666,4206.6,15671808,15732871168,0.010959133333333333,0.009700833333333334,94.9654984,0.12870466666666666,106544,6818816,6818816,30
tiledb,16,16384,cold,locality,65536,8,263.9083735656944,264.77056499788887,306.85483970082703,1986628.8928853923,0.9472984756876909,15.10866928100586,1.9083225839421722,15.10866928100586,15.10866928100586,device,2.014489237467448,3186.733480161122,0.6314878463745117,121727.3,32826.73333333333,127377920,15769575424,0.0126272,0.020125766666666666,233.22205483333335,0.7811834,816416,52250624,52250624,30
tiledb,16,16384,warm,random,1024,8,179.65090163221853,176.93114999565296,200.20541790145217,45599.54848860524,0.021743559116652128,0.0,0.0,0.0,0.0,device,0.0,10171.888291090789,0.9999755859375,8191.466666666666,8187.966666666666,1625600,15746318336,0.010749100000000001,0.008085266666666667,178.15515426666667,0.06430443333333333,8696,556544,556544,30
tiledb,16,16384,warm,random,8192,8,269.8813918332841,269.3734400018002,278.02448675101914,242832.59973879214,0.11579160677852256,0.0,0.0,0.0,0.0,device,0.0,11606.819490498163,0.9997294108072917,65486.3,65278.86666666667,12816384,15788363776,0.010782066666666666,0.010471566666666666,262.7827006333333,0.13756236666666666,66816,4276224,4276224,30
tiledb,16,16384,warm,random,65536,8,1131.5379161656892,1133.879019500455,1180.793855103184,463341.07987878454,0.22093824380816676,0.0,0.0,0.0,0.0,device,0.0,13136.214313526196,0.9980552673339844,521223.5333333333,508219.7,102092800,15880822784,0.0120474,0.0181158,1123.2876582,0.6484044666666666,528504,33824256,33824256,30
tiledb,16,16384,warm,locality,1024,8,49.03387336647332,48.726385000918526,56.65166289909393,167068.18037347303,0.07966431635545398,0.0,0.0,0.0,0.0,device,0.0,2349.2280150037764,0.8849039713541667,5653.466666666666,2078.366666666667,1939456,15788048384,0.008945766666666667,0.0073388333333333335,40.670026766666666,0.030588166666666666,11808,755712,755712,30
tiledb,16,16384,warm,locality,8192,8,55.652406431909185,55.58136649779044,60.2751252517919,1177595.079921358,0.5615210914236822,0.0,0.0,0.0,0.0,device,0.0,2426.3579557015687,0.632373046875,15278.666666666666,4206.6,15671808,15786602496,0.009751533333333333,0.009856466666666668,49.60405203333333,0.1176396,106544,6818816,6818816,30
tiledb,16,16384,warm,locality,65536,8,226.12083716594498,225.8972809977422,259.7695478019886,2318618.69331059,1.1056035486748648,0.0,0.0,0.0,0.0,device,0.0,3546.258263105209,0.6314878463745117,121727.3,32826.73333333333,127377920,15813640192,0.0120509,0.020208633333333333,198.6570096,0.7709023666666667,816416,52250624,52250624,30
tiledb,64,0,cold,random,1024,8,1442.1752036003454,1440.4077690014674,1460.3037131975725,5680.308453195512,0.0027085821405389366,220.80657577514648,5.103554113349283,220.80657577514648,220.80657577514648,device,1884.21611328125,1019.5421878187634,0.9999755859375,8191.466666666666,8175.133333333333,1625600,15672131584,0.013872133333333333,0.008674166666666667,1440.7613797,0.06999623333333334,8728,558592,558592,30
tiledb,64,0,cold,random,8192,8,1629.2850822329153,1629.5108259982953,1644.6129403469968,40223.777112218886,0.019180191570386355,238.0693130493164,4.870629366737247,238.0693130493164,238.0693130493164,device,253.9406005859375,1777.5455661208728,0.9997294108072917,65486.3,64521.63333333333,12816384,15718461440,0.014671833333333334,0.0108269,1624.4598566,0.14008416666666668,66936,4283904,4283904,30
tiledb,64,0,cold,random,65536,8,2449.5223836337877,2493.0550794997544,2580.205323902919,214036.82754767712,0.1020607125986467,240.1456298828125,3.2679245484387613,240.1456298828125,240.1456298828125,device,32.01941731770833,10057.84266348498,0.9980552673339844,521223.5333333333,463872.8333333333,102092800,15968342016,0.015721766666666668,0.019359633333333334,2446.3481611666666,0.6611503666666667,528608,33830912,33830912,30
tiledb,64,0,cold,locality,1024,8,83.16971803336249,83.81367599940859,94.20029949869786,98497.38815651488,0.046967214658982695,8.660179138183594,3.470886336582934,8.660179138183594,8.660179138183594,device,73.9001953125,1590.0404990385919,0.8849039713541667,5653.466666666666,623.7666666666667,1939456,15744884736,0.009761333333333334,0.007845266666666666,77.323547,0.04492683333333333,13568,868352,868352,30
tiledb,64,0,cold,locality,8192,8,95.8559032342843,93.72163550142432,110.85186050186167,683692.89515557,0.3260101772096491,9.982425689697266,3.4713305259523835,9.982425689697266,9.982425689697266,device,10.647920735677083,1626.8266843777656,0.632373046875,15278.666666666666,1147.5,15671808,15741296640,0.0104741,0.010866833333333333,86.27978006666666,0.12707803333333334,111032,7106048,7106048,30
tiledb,64,0,cold,locality,65536,8,162.2987155332036,161.0697895011981,174.90308470005402,3230389.090126468,1.5403695536262836,14.991222381591797,3.078936337099321,14.991222381591797,14.991222381591797,device,1.9988296508789063,3285.030139939248,0.6314878463745117,121727.3,8302.366666666667,127377920,15795245056,0.011857433333333334,0.021610333333333332,147.7233105,0.7580199,816416,52250624,52250624,30
tiledb,64,0,warm,random,1024,8,177.17548633299884,177.4904814992624,187.67712775152177,46236.644637188976,0.02204735023364495,0.0,0.0,0.0,0.0,device,0.0,10030.848391387539,0.9999755859375,8191.466666666666,8175.133333333333,1625600,15756664832,0.012446033333333334,0.0080105,175.1828331,0.06767893333333333,8520,545280,545280,30
tiledb,64,0,warm,random,8192,8,278.45805299997056,278.98688499772106,288.85255014756694,235353.22212429217,0.11222516161169632,0.0,0.0,0.0,0.0,device,0.0,10675.17784246058,0.9997294108072917,65486.3,64521.63333333333,12816384,15800520704,0.010862433333333333,0.010427233333333334,271.5319966,0.13975646666666666,66928,4283392,4283392,30
tiledb,64,0,warm,random,65536,8,1243.7870870664483,1242.0220074964163,1304.9105066005723,421525.52108943893,0.2009990315863795,0.0,0.0,0.0,0.0,device,0.0,18885.970164746042,0.9980552673339844,521223.5333333333,463872.8333333333,102092800,16047280128,0.012921133333333333,0.018872333333333335,1239.5171398333334,0.6498282,528504,33824256,33824256,30
tiledb,64,0,warm,locality,1024,8,41.13773230007306,40.21232849845546,45.4354609024449,199135.91590913848,0.09495540423829006,0.0,0.0,0.0,0.0,device,0.0,2327.366925534119,0.8849039713541667,5653.466666666666,623.7666666666667,1939456,15839039488,0.009373266666666666,0.007701266666666666,37.35820123333333,0.041418633333333336,13568,868352,868352,30
tiledb,64,0,warm,locality,8192,8,48.86602486658376,49.14740849926602,53.657594899777905,1341136.304394093,0.6395036241503206,0.0,0.0,0.0,0.0,device,0.0,2318.694026630666,0.632373046875,15278.666666666666,1147.5,15671808,15829258240,0.009838566666666666,0.0100107,43.91615443333333,0.12943659999999999,106544,6818816,6818816,30
tiledb,64,0,warm,locality,65536,8,96.06275813348475,94.61397750419565,105.83380090356513,5457765.425301151,2.602465355539871,0.0,0.0,0.0,0.0,device,0.0,5104.591606686415,0.6314878463745117,121727.3,8302.366666666667,127377920,15868002304,0.011727833333333333,0.0194304,86.33784013333333,0.7630098333333333,816416,52250624,52250624,30
tiledb,64,1024,cold,random,1024,8,1451.2688380998345,1452.1637014986482,1460.8629718517477,5644.715703208989,0.0026916101947827287,220.83208847045898,5.07216128565119,220.83208847045898,220.83208847045898,device,1884.4338216145834,1018.4516530228541,0.9999755859375,8191.466666666666,8175.133333333333,1625600,15744413696,0.0132959,0.0083625,1447.6088969666666,0.06838,8728,558592,558592,30
tiledb,64,1024,cold,random,8192,8,1621.1216985665185,1619.2018759975326,1675.7995948519238,40426.32953340295,0.01927677609129093,238.23583221435547,4.898580047486384,238.23583221435547,238.23583221435547,device,254.11822102864582,1410.472187832589,0.9997294108072917,65486.3,64521.63333333333,12816384,15777443840,0.0128274,0.0111232,1527.9435386666667,0.135067,67096,4294144,4294144,30
tiledb,64,1024,cold,random,65536,8,2964.8154817002555,2972.7243364977767,3005.9916066475125,176836.6373003869,0.08432227959651323,240.1456298828125,2.69995025958124,240.1456298828125,240.1456298828125,device,32.01941731770833,2044.607792659993,0.9980552673339844,521223.5333333333,463872.8333333333,102092800,15960707072,0.013785166666666666,0.01809,2949.8315037666666,0.6443753,529744,33903616,33903616,30
tiledb,64,1024,cold,locality,1024,8,98.55636216695227,97.39222850112128,109.10423500426987,83119.9510603175,0.039634681253584624,8.70718765258789,2.944909714990667,8.70718765258789,8.70718765258789,device,74.30133463541667,1470.7285714454963,0.8849039713541667,5653.466666666666,623.7666666666667,1939456,15947001856,0.009437466666666667,0.007753533333333333,72.70678893333333,0.0351755,11760,752640,752640,30
tiledb,64,1024,cold,locality,8192,8,206.5436425000371,204.00861899543088,233.1111730469274,317298.55834215874,0.15129974286182343,10.134452819824219,1.6355627793969982,10.134452819824219,10.134452819824219,device,10.8100830078125,1825.5804995140384,0.632373046875,15278.666666666666,1147.5,15671808,15957082112,0.010174933333333334,0.0103211,165.7445751,0.11744993333333333,106544,6818816,6818816,30
tiledb,64,1024,cold,locality,65536,8,1208.8967531000283,1164.8736905008263,1426.7843394522058,433691.29634565127,0.20680012528688968,17.572105407714844,0.4845218133159815,17.572105407714844,17.572105407714844,device,2.3429473876953124,1922.6458758283065,0.6314878463745117,121727.3,8302.366666666667,127377920,15958454272,0.012259333333333334,0.0190081,1043.5773472666667,0.7079853666666667,755320,48340480,48340480,30
tiledb,64,1024,warm,random,1024,8,200.64957029971993,197.33158400049433,222.11421204774524,40827.3986720391,0.019468020759601162,0.0,0.0,0.0,0.0,device,0.0,8795.123106172583,0.9999755859375,8191.466666666666,8175.133333333333,1625600,15946113024,0.0131585,0.009607566666666666,195.51926766666668,0.0627508,8696,556544,556544,30
tiledb,64,1024,warm,random,8192,8,579.2597105993385,578.9886370002932,604.247282299184,113137.50775484167,0.05394816768400272,0.0,0.0,0.0,0.0,device,0.0,2895.0676414065483,0.9997294108072917,65486.3,64521.63333333333,12816384,15949504512,0.010413433333333333,0.0101208,556.6907193333334,0.13195199999999999,66896,4281344,4281344,30
tiledb,64,1024,warm,random,65536,8,2684.9331249334987,2684.408936496766,2729.675966802097,195270.41293178793,0.0931121887835445,0.0,0.0,0.0,0.0,device,0.0,2119.378341703616,0.9980552673339844,521223.5333333333,463872.8333333333,102092800,16058101760,0.0117748,0.017994766666666665,2351.8750170666667,0.6483901333333333,529808,33907712,33907712,30
tiledb,64,1024,warm,locality,1024,8,65.37960093385966,64.46834900270915,73.55667259762413,125299.02114709018,0.05974722916941175,0.0,0.0,0.0,0.0,device,0.0,1757.2467322474413,0.8849039713541667,5653.466666666666,623.7666666666667,1939456,16046211072,0.009213466666666666,0.0074469,49.044299,0.03633443333333333,12864,823296,823296,30
tiledb,64,1024,warm,locality,8192,8,188.45015223366013,191.72537350095809,219.08315209948339,347763.05151901196,0.16582634521437262,0.0,0.0,0.0,0.0,device,0.0,1867.8933411006983,0.632373046875,15278.666666666666,1147.5,15671808,16049410048,0.0097962,0.009622200000000001,149.85572,0.12158813333333333,106544,6818816,6818816,30
tiledb,64,1024,warm,locality,65536,8,1212.1954869335848,1164.5822405007493,1426.3587858975368,432511.09713851404,0.20623736245084479,0.0,0.0,0.0,0.0,device,0.0,1944.995168942728,0.6314878463745117,121727.3,8302.366666666667,127377920,16068550656,0.011529533333333333,0.01926896666666667,1067.5136345,0.7243384333333334,755320,48340480,48340480,30
tiledb,64,4096,cold,random,1024,8,1431.492919800318,1430.9560900001088,1443.722486799743,5722.696833975762,0.002728794495571023,220.80657577514648,5.141638558388102,220.80657577514648,220.80657577514648,device,1884.21611328125,990.8669454715326,0.9999755859375,8191.466666666666,8175.133333333333,1625600,15755845632,0.013174133333333332,0.0086372,1430.5316710666666,0.06826703333333334,8624,551936,551936,30
tiledb,64,4096,cold,random,8192,8,1652.8210302662046,1656.9530615015537,1668.3407683482073,39650.995963818736,0.018907068235310905,238.10419464111328,4.801975738872829,238.10419464111328,238.10419464111328,device,253.9778076171875,1627.9579431234386,0.9997294108072917,65486.3,64521.63333333333,12816384,15809564672,0.0126099,0.010989433333333333,1628.0931841,0.13533853333333334,66936,4283904,4283904,30
tiledb,64,4096,cold,random,65536,8,1931.8094038336615,1940.3239205021237,2023.9282457994705,271397.37437842175,0.12941235274239624,240.1456298828125,4.143708128525262,240.1456298828125,240.1456298828125,device,32.01941731770833,2888.9998970971046,0.9980552673339844,521223.5333333333,463872.8333333333,102092800,15856414720,0.014318533333333333,0.018389,1923.5905806333333,0.6474434666666666,529744,33903616,33903616,30
tiledb,64,4096,cold,locality,1024,8,84.95551503316771,85.61836650187615,95.72679430239077,96426.93587110548,0.04597994607501291,8.660179138183594,3.3979269954016718,8.660179138183594,8.660179138183594,device,73.9001953125,1603.5335260280765,0.8849039713541667,5653.466666666666,623.7666666666667,1939456,15838580736,0.009677433333333334,0.007816533333333334,71.35061,0.0367398,12864,823296,823296,30
tiledb,64,4096,cold,locality,8192,8,118.65244916649924,116.22914449981181,136.29686515159847,552335.8384961486,0.2633742516022437,9.98220443725586,2.8043259978697153,9.98220443725586,9.98220443725586,device,10.647684733072916,1760.337120224451,0.632373046875,15278.666666666666,1147.5,15671808,15843024896,0.0103585,0.010117166666666667,107.67916206666666,0.12579076666666666,111032,7106048,7106048,30
tiledb,64,4096,cold,locality,65536,8,478.39388186694123,470.4034770002181,551.7081979989598,1095933.7480528725,0.5225819340004313,16.239654541015625,1.1315400103390443,16.239654541015625,16.239654541015625,device,2.1652872721354166,1953.5357159380824,0.6314878463745117,121727.3,8302.366666666667,127377920,15859281920,0.011891466666666666,0.019551733333333335,422.8993109666667,0.7428190666666666,816416,52250624,52250624,30
tiledb,64,4096,warm,random,1024,8,182.5476460335873,182.50536699633813,195.7109280043369,44875.95528069826,0.02139852298769868,0.0,0.0,0.0,0.0,device,0.0,9892.915944500264,0.9999755859375,8191.466666666666,8175.133333333333,1625600,15849213952,0.0103758,0.0083112,179.73831353333333,0.063206,8624,551936,551936,30
tiledb,64,4096,warm,random,8192,8,319.555667500875,319.66845149872825,331.27354095267947,205084.76821122423,0.09779203806458675,0.0,0.0,0.0,0.0,device,0.0,7270.683374940627,0.9997294108072917,65486.3,64521.63333333333,12816384,15884480512,0.0108502,0.0107596,299.02765983333336,0.13592166666666666,66768,4273152,4273152,30
tiledb,64,4096,warm,random,65536,8,1230.0458606664808,1233.0510095016507,1283.5555366003973,426234.51430983463,0.20324445453159076,0.0,0.0,0.0,0.0,device,0.0,4000.186689798665,0.9980552673339844,521223.5333333333,463872.8333333333,102092800,15900405760,0.0119178,0.018148133333333333,1224.2666627,0.6456542666666667,527288,33746432,33746432,30
tiledb,64,4096,warm,locality,1024,8,44.742639566538855,45.39648650097661,49.689344452781356,183091.56722453304,0.08730486260630275,0.0,0.0,0.0,0.0,device,0.0,2310.947269652376,0.8849039713541667,5653.466666666666,623.7666666666667,1939456,15876186112,0.011710066666666666,0.0077398,37.22848536666667,0.03444733333333334,11808,755712,755712,30
tiledb,64,4096,warm,locality,8192,8,79.52770753375565,77.9224569996586,92.9770699003711,824064.9961170219,0.39294481092310996,0.0,0.0,0.0,0.0,device,0.0,2202.137883441425,0.632373046875,15278.666666666666,1147.5,15671808,15878942720,0.009799166666666666,0.009883233333333333,70.38608983333333,0.12485923333333333,111032,7106048,7106048,30
tiledb,64,4096,warm,locality,65536,8,459.3159002009391,447.3909990010725,540.9377281517662,1141454.061944377,0.5442877111169705,0.0,0.0,0.0,0.0,device,0.0,2005.883601214196,0.6314878463745117,121727.3,8302.366666666667,127377920,15900508160,0.0111732,0.019612333333333332,400.2380985,0.7500467,816416,52250624,52250624,30
tiledb,64,16384,cold,random,1024,8,1435.3496107670555,1434.4662014991627,1449.4059521010058,5707.320320115019,0.0027214624023985954,220.80657577514648,5.127823310288535,220.80657577514648,220.80657577514648,device,1884.21611328125,1015.9655576855347,0.9999755859375,8191.466666666666,8175.133333333333,1625600,15778967552,0.0136359,0.0081749,1433.7179164,0.07680516666666666,8640,552960,552960,30
tiledb,64,16384,cold,random,8192,8,1623.9697731332853,1622.8268505001324,1638.9424133998546,40355.43092255647,0.019242968999174343,238.0693130493164,4.886571104706909,238.0693130493164,238.0693130493164,device,253.9406005859375,1771.6610899509212,0.9997294108072917,65486.3,64521.63333333333,12816384,15818637312,0.013207466666666667,0.011143266666666667,1613.6570099666667,0.14090556666666668,66440,4252160,4252160,30
tiledb,64,16384,cold,random,65536,8,1890.117234866193,1887.220119999256,1953.3949362503336,277383.8523498337,0.13226692788592992,240.1456298828125,4.235109961310823,240.1456298828125,240.1456298828125,device,32.01941731770833,5272.815337999677,0.9980552673339844,521223.5333333333,463872.8333333333,102092800,15927218176,0.0156164,0.0189228,1885.2538506666667,0.6536031333333333,529744,33903616,33903616,30
tiledb,64,16384,cold,locality,1024,8,83.95208609969511,84.72420949692605,94.99440850086103,97579.46920189458,0.04652951679320077,8.660179138183594,3.4385403788137854,8.660179138183594,8.660179138183594,device,73.9001953125,1602.3840224798007,0.8849039713541667,5653.466666666666,623.7666666666667,1939456,15844339712,0.0095516,0.0075932,74.8996983,0.03588773333333333,13376,856064,856064,30
tiledb,64,16384,cold,locality,8192,8,98.14697050120837,96.86637650156626,111.90509790067154,667733.2949282742,0.3184000467912074,9.982425689697266,3.3902984604686512,9.982425689697266,9.982425689697266,device,10.647920735677083,1638.5622357511959,0.632373046875,15278.666666666666,1147.5,15671808,15843274752,0.010418566666666667,0.010068233333333333,90.67618926666667,0.12561886666666666,106544,6818816,6818816,30
tiledb,64,16384,cold,locality,65536,8,240.88245950018367,240.90432250523008,275.3653580472018,2176530.416900697,1.0378505787375913,15.149837493896484,2.0964356814427902,15.149837493896484,15.149837493896484,device,2.019978332519531,2120.295584921757,0.6314878463745117,121727.3,8302.366666666667,127377920,15858827264,0.011921466666666667,0.019922366666666667,211.8897423,0.7685884666666667,816416,52250624,52250624,30
tiledb,64,16384,warm,random,1024,8,181.02641299992683,179.59569150116295,199.97304954849824,45253.0648110633,0.02157834282448926,0.0,0.0,0.0,0.0,device,0.0,9910.719558094128,0.9999755859375,8191.466666666666,8175.133333333333,1625600,15845064704,0.010233733333333333,0.007950933333333333,178.47236683333333,0.065012,8736,559104,559104,30
tiledb,64,16384,warm,random,8192,8,292.7214855667747,290.9635839969269,305.54191670089494,223885.1715073376,0.10675676894537811,0.0,0.0,0.0,0.0,device,0.0,10477.965905946468,0.9997294108072917,65486.3,64521.63333333333,12816384,15889420288,0.010355833333333333,0.010165333333333334,288.8813126333333,0.1268003,66816,4276224,4276224,30
tiledb,64,16384,warm,random,65536,8,887.0368683007351,890.6670395008405,907.4206452496583,591055.4777777836,0.28183721436394865,0.0,0.0,0.0,0.0,device,0.0,10265.396233015237,0.9980552673339844,521223.5333333333,463872.8333333333,102092800,15973101568,0.0123261,0.018155666666666667,884.0654799666667,0.6481433333333333,527624,33767936,33767936,30
tiledb,64,16384,warm,locality,1024,8,44.90453529942897,44.44408600102179,50.513105848949635,182431.4614409154,0.08699009964032907,0.0,0.0,0.0,0.0,device,0.0,2326.7540930250307,0.8849039713541667,5653.466666666666,623.7666666666667,1939456,15893594112,0.009117833333333334,0.0073509,40.7158533,0.0390707,13568,868352,868352,30
tiledb,64,16384,warm,locality,8192,8,53.570121033165684,53.86910399829503,58.0270455488062,1223368.525888268,0.5833475713197078,0.0,0.0,0.0,0.0,device,0.0,2317.729532596431,0.632373046875,15278.666666666666,1147.5,15671808,15894499328,0.0097502,0.009671133333333333,47.377777,0.1163891,106544,6818816,6818816,30
tiledb,64,16384,warm,locality,65536,8,198.47265156640788,199.5630160017754,237.0959504485653,2641613.3198309997,1.2596193884997366,0.0,0.0,0.0,0.0,device,0.0,2418.854960693173,0.6314878463745117,121727.3,8302.366666666667,127377920,15903780864,0.011291966666666667,0.0199888,170.29763176666665,0.7629701666666666,816416,52250624,52250624,30
tiledb,256,0,cold,random,1024,8,1465.9126612010975,1465.6013024978165,1479.830603303344,5588.327474631315,0.0026647221921116426,221.4174919128418,5.034804091066451,221.4174919128418,221.4174919128418,device,1889.4292643229167,1068.0428455656945,0.9999755859375,8191.466666666666,8127.666666666667,1625600,15777640448,0.0169013,0.010530233333333333,1462.1178257,0.0675543,8688,556032,556032,30
tiledb,256,0,cold,random,8192,8,1619.133500931639,1619.4983604982554,1634.0544481507095,40475.97061162097,0.019300446801958547,238.50711059570312,4.910180053270627,238.50711059570312,238.50711059570312,device,254.40758463541667,2046.860435218219,0.9997294108072917,65486.3,61605.2,12816384,15841722368,0.0136059,0.010507333333333334,1577.8637527333333,0.1375113,66896,4281344,4281344,30
tiledb,256,0,cold,random,65536,8,1833.9864009675996,1819.7029615002975,1942.316995402507,285873.4392596308,0.13631507838231602,240.05859375,4.363147469783974,240.05859375,240.05859375,device,32.0078125,5015.289363238394,0.9980552673339844,521223.5333333333,331376.9666666667,102092800,16022437888,0.0144522,0.0192696,1828.4294133,0.6539178999999999,528504,33824256,33824256,30
tiledb,256,0,cold,locality,1024,8,86.15710343389462,87.0694290024403,98.87732324714307,95082.11944805503,0.045338687633540646,9.713241577148438,3.7579573399505297,9.713241577148438,9.713241577148438,device,82.886328125,1560.5861997573206,0.8849039713541667,5653.466666666666,251.33333333333334,1939456,15865421824,0.009711833333333333,0.008033133333333333,76.25199863333333,0.043145633333333336,12864,823296,823296,30
tiledb,256,0,cold,locality,8192,8,92.2186900987678,90.94909000123153,107.56570250014192,710658.5436185423,0.33886840039183724,9.925552368164062,3.5876864576055123,9.925552368164062,9.925552368164062,device,10.587255859375,1586.9099913108475,0.632373046875,15278.666666666666,382.6333333333333,15671808,15861542912,0.010257766666666666,0.009831166666666667,84.0428307,0.12285346666666666,106544,6818816,6818816,30
tiledb,256,0,cold,locality,65536,8,154.12159143355288,152.35995100374566,163.83000175082998,3401781.6395702004,1.6220958898402216,15.22909164428711,3.2937395949597574,15.22909164428711,15.22909164428711,device,2.0305455525716147,2337.7486482504737,0.6314878463745117,121727.3,2171.4,127377920,15898976256,0.0118432,0.01932793333333333,140.06094983333332,0.7264117,816416,52250624,52250624,30
tiledb,256,0,warm,random,1024,8,194.12963676659274,192.80918200092856,206.4184087990725,42198.60571752607,0.020121863230479275,0.0,0.0,0.0,0.0,device,0.0,10037.820986857185,0.9999755859375,8191.466666666666,8127.666666666667,1625600,15861272576,0.0107082,0.008356566666666667,188.59276736666666,0.06816796666666666,8736,559104,559104,30
tiledb,256,0,warm,random,8192,8,339.6507637007744,340.5260024992458,352.35779834947607,192951.13394102632,0.09200627038050953,0.0,0.0,0.0,0.0,device,0.0,8640.189755543626,0.9997294108072917,65486.3,61605.2,12816384,15917723648,0.012218133333333334,0.0104815,299.75679443333337,0.14031456666666667,66656,4265984,4265984,30
tiledb,256,0,warm,random,65536,8,581.7576299673723,580.0356364998152,609.4135386996641,901213.7924678436,0.4297322237338274,0.0,0.0,0.0,0.0,device,0.0,13290.659554260841,0.9980552673339844,521223.5333333333,331376.9666666667,102092800,16114900992,0.013532766666666666,0.018480133333333332,578.4310813666667,0.6490189666666667,528720,33838080,33838080,30
tiledb,256,0,warm,locality,1024,8,40.08573113314924,39.51256499931333,45.051210653036826,204361.99536411985,0.09744739311414712,0.0,0.0,0.0,0.0,device,0.0,2357.4973122672427,0.8849039713541667,5653.466666666666,251.33333333333334,1939456,15957303296,0.009505533333333333,0.007706833333333333,33.967400233333336,0.0371799,13568,868352,868352,30
tiledb,256,0,warm,locality,8192,8,46.52159479980279,46.04899650075822,52.651434503059136,1408722.1274769758,0.6717310559639815,0.0,0.0,0.0,0.0,device,0.0,2346.3339818793725,0.632373046875,15278.666666666666,382.6333333333333,15671808,15953240064,0.010105066666666667,0.009746933333333334,42.60203816666667,0.12098326666666667,106544,6818816,6818816,30
tiledb,256,0,warm,locality,65536,8,85.85631063397159,84.51084300031653,93.45770175023063,6106574.998722924,2.9118418687452907,0.0,0.0,0.0,0.0,device,0.0,3786.243243348055,0.6314878463745117,121727.3,2171.4,127377920,15986348032,0.0114462,0.019590633333333333,77.50274916666666,0.7622014,816416,52250624,52250624,30
tiledb,256,1024,cold,random,1024,8,1467.8320529662112,1467.1914689970436,1484.7830318005435,5581.019969856576,0.0026612377023013,221.43980407714844,5.0287270860827356,221.43980407714844,221.43980407714844,device,1889.6196614583334,1068.8945890070324,0.9999755859375,8191.466666666666,8127.666666666667,1625600,15862054912,0.0131339,0.008587266666666666,1462.3572027333332,0.07012353333333333,8736,559104,559104,30
tiledb,256,1024,cold,random,8192,8,1674.8359691007256,1674.391904998629,1725.4687086002377,39129.802087537224,0.018658543628471958,238.61479568481445,4.749018214062968,238.61479568481445,238.61479568481445,device,254.52244873046874,1969.2491705068658,0.9997294108072917,65486.3,61605.2,12816384,15889358848,0.012225766666666667,0.011186133333333334,1609.9235940666667,0.13564646666666666,66936,4283904,4283904,30
tiledb,256,1024,cold,random,65536,8,2726.7466686338594,2724.0964070006157,2790.769637297126,192276.02110271435,0.0916843514932224,240.05859375,2.9346155317791576,240.05859375,240.05859375,device,32.0078125,2104.7949862862692,0.9980552673339844,521223.5333333333,331376.9666666667,102092800,16072892416,0.013956833333333333,0.018012633333333333,2707.8773645333335,0.6503217666666666,529808,33907712,33907712,30
tiledb,256,1024,cold,locality,1024,8,106.21298060092765,107.71979700075462,116.81207274923507,77128.04926150855,0.03677751982760837,9.732765197753906,3.0544807683229953,9.732765197753906,9.732765197753906,device,83.0529296875,1442.9841042611204,0.8849039713541667,5653.466666666666,251.33333333333334,1939456,16061886464,0.009195233333333334,0.0074989666666666665,93.45862003333333,0.040165033333333336,13568,868352,868352,30
tiledb,256,1024,cold,locality,8192,8,197.93232840044462,193.16911049827468,223.6765894525888,331103.0619890024,0.15788224315118904,10.236137390136719,1.7238446211824459,10.236137390136719,10.236137390136719,device,10.918546549479167,1855.0283667515084,0.632373046875,15278.666666666666,382.6333333333333,15671808,16068497408,0.010036633333333333,0.0107035,172.17663866666666,0.12324323333333334,111032,7106048,7106048,30
tiledb,256,1024,cold,locality,65536,8,1205.8689829005743,1179.919828500715,1370.5424645988385,434780.2351951102,0.20731937179332266,17.702598571777344,0.48934554866803326,17.702598571777344,17.702598571777344,device,2.360346476236979,1936.5782950312544,0.6314878463745117,121727.3,2171.4,127377920,16084000768,0.012077566666666666,0.0197738,1069.4739088666668,0.7591628333333333,816416,52250624,52250624,30
tiledb,256,1024,warm,random,1024,8,207.67481913377802,205.32857699436136,228.485088052912,39446.28450463681,0.01880945420486298,0.0,0.0,0.0,0.0,device,0.0,9098.984334235,0.9999755859375,8191.466666666666,8127.666666666667,1625600,16074715136,0.014552866666666667,0.009611366666666666,203.4948581,0.06922666666666667,8728,558592,558592,30
tiledb,256,1024,warm,random,8192,8,631.5628451663846,630.8080284979951,689.0089821459696,103767.97891385554,0.04948042817776467,0.0,0.0,0.0,0.0,device,0.0,4094.3738962753996,0.9997294108072917,65486.3,61605.2,12816384,16076353536,0.0117328,0.010897866666666667,568.613452,0.13680896666666667,66888,4280832,4280832,30
tiledb,256,1024,warm,random,65536,8,2408.6069410002287,2399.4279935031955,2488.604198100802,217672.70992845247,0.10379443642065643,0.0,0.0,0.0,0.0,device,0.0,2329.456328216845,0.9980552673339844,521223.5333333333,331376.9666666667,102092800,16183914496,0.0130855,0.017833733333333334,2293.8712956,0.6467776,529808,33907712,33907712,30
tiledb,256,1024,warm,locality,1024,8,64.70856960101325,63.168411503284005,76.60988665084004,126598.3787079683,0.06036681113623061,0.0,0.0,0.0,0.0,device,0.0,1861.221782564548,0.8849039713541667,5653.466666666666,251.33333333333334,1939456,16167071744,0.0089932,0.007186966666666667,42.4824689,0.035862066666666664,12368,791552,791552,30
tiledb,256,1024,warm,locality,8192,8,181.63534070020737,179.94903050202993,215.24281465208333,360810.8408163169,0.17204801598373265,0.0,0.0,0.0,0.0,device,0.0,1968.6812791764435,0.632373046875,15278.666666666666,382.6333333333333,15671808,16166887424,0.009999566666666666,0.009767866666666666,147.66881286666666,0.1219549,111032,7106048,7106048,30
tiledb,256,1024,warm,locality,65536,8,1108.903352333679,1086.5542850006022,1319.709613999657,472798.642818276,0.22544796124376107,0.0,0.0,0.0,0.0,device,0.0,1994.118999934815,0.6314878463745117,121727.3,2171.4,127377920,16179408896,0.011512766666666667,0.019243033333333333,969.9916144,0.7376837666666667,816416,52250624,52250624,30
tiledb,256,4096,cold,random,1024,8,1465.7723953661236,1468.3126089985308,1476.1809609986813,5588.862244846537,0.0026649771904213603,221.4174919128418,5.035285892335184,221.4174919128418,221.4174919128418,device,1889.4292643229167,1088.9882431880762,0.9999755859375,8191.466666666666,8127.666666666667,1625600,15879688192,0.013623833333333333,0.008160866666666667,1462.0738215333333,0.06571996666666667,8688,556032,556032,30
tiledb,256,4096,cold,random,8192,8,1693.1375204340536,1692.7141460000712,1710.6625658529083,38706.83816823052,0.018456858715167293,238.51116561889648,4.695644678205695,238.51116561889648,238.51116561889648,device,254.4119099934896,1910.9372904258937,0.9997294108072917,65486.3,61605.2,12816384,15931580416,0.012714866666666666,0.010961166666666666,1670.2422793,0.134877,66704,4269056,4269056,30
tiledb,256,4096,cold,random,65536,8,1872.9068765664124,1872.3186704992258,1993.9218357969366,279932.7647091422,0.1334823440118514,240.05859375,4.272477839191838,240.05859375,240.05859375,device,32.0078125,2666.961195394426,0.9980552673339844,521223.5333333333,331376.9666666667,102092800,15952547840,0.013664666666666667,0.0181225,1868.5564085333333,0.6447234666666667,529744,33903616,33903616,30
tiledb,256,4096,cold,locality,1024,8,88.62481053171602,88.46484499736107,99.00496925001788,92434.61228126792,0.044076257839807474,9.713241577148438,3.6533191698323857,9.713241577148438,9.713241577148438,device,82.886328125,1578.5199126972348,0.8849039713541667,5653.466666666666,251.33333333333334,1939456,15935324160,0.0089819,0.007927833333333334,75.3501226,0.030447833333333334,12368,791552,791552,30
tiledb,256,4096,cold,locality,8192,8,117.63231743292029,115.20787249901332,134.41700884941383,557125.8088779203,0.26565828746696485,9.974193572998047,2.8263756623644465,9.974193572998047,9.974193572998047,device,10.639139811197916,1742.6708022668276,0.632373046875,15278.666666666666,382.6333333333333,15671808,15940263936,0.009856833333333334,0.009780633333333334,103.4171089,0.11503633333333334,111032,7106048,7106048,30
tiledb,256,4096,cold,locality,65536,8,466.9726309994682,464.14234299663804,556.3799994972213,1122738.1760636782,0.5353632812803641,16.423946380615234,1.1723703767865243,16.423946380615234,16.423946380615234,device,2.1898595174153646,1933.3756811778294,0.6314878463745117,121727.3,2171.4,127377920,15946784768,0.0117568,0.020220633333333335,409.4166052333333,0.7693490333333334,816416,52250624,52250624,30
tiledb,256,4096,warm,random,1024,8,188.65675579897166,188.6654419977276,197.74502659820428,43422.77574585883,0.020705592987946907,0.0,0.0,0.0,0.0,device,0.0,10221.030434630798,0.9999755859375,8191.466666666666,8127.666666666667,1625600,15939567616,0.011658866666666667,0.008088833333333333,186.83968056666666,0.07006626666666667,8640,552960,552960,30
tiledb,256,4096,warm,random,8192,8,362.8863962330797,361.64668450146564,373.8057493981614,180596.46401819546,0.08611510468396924,0.0,0.0,0.0,0.0,device,0.0,7619.772372032703,0.9997294108072917,65486.3,61605.2,12816384,15976816640,0.010645466666666667,0.0106691,348.0984172,0.13683663333333332,67096,4294144,4294144,30
tiledb,256,4096,warm,random,65536,8,1127.4322376331838,1131.5462934981042,1164.4286158985778,465028.39150726853,0.22174281669009616,0.0,0.0,0.0,0.0,device,0.0,3805.076923915697,0.9980552673339844,521223.5333333333,331376.9666666667,102092800,15990607872,0.0122135,0.018185433333333334,1123.3422584666666,0.6402768666666666,528720,33838080,33838080,30
tiledb,256,4096,warm,locality,1024,8,41.729385033007325,40.39622599884751,47.45534374997078,196312.50241335333,0.09360909577052752,0.0,0.0,0.0,0.0,device,0.0,2405.7242947767736,0.8849039713541667,5653.466666666666,251.33333333333334,1939456,15973818368,0.008730233333333334,0.007647566666666667,35.9208396,0.0327863,13568,868352,868352,30
tiledb,256,4096,warm,locality,8192,8,75.59289256557047,74.76327049880638,85.14677564962764,866959.8129632762,0.4133986534897214,0.0,0.0,0.0,0.0,device,0.0,2238.763794667643,0.632373046875,15278.666666666666,382.6333333333333,15671808,15972196352,0.009844933333333333,0.009714833333333334,65.41345753333333,0.1190813,111032,7106048,7106048,30
tiledb,256,4096,warm,locality,65536,8,429.9855829999918,438.0939315051364,517.7184766977006,1219315.299694618,0.5814148424599733,0.0,0.0,0.0,0.0,device,0.0,2004.581755384148,0.6314878463745117,121727.3,2171.4,127377920,15990108160,0.0114622,0.02027026666666667,381.0655662666667,0.7789082666666667,816416,52250624,52250624,30
tiledb,256,16384,cold,random,1024,8,1468.3858832002443,1469.2033264982456,1482.2936174987262,5578.914979859455,0.002660233964853027,221.4174919128418,5.026323903139091,221.4174919128418,221.4174919128418,device,1889.4292643229167,1085.6525258939294,0.9999755859375,8191.466666666666,8127.666666666667,1625600,15881764864,0.013201333333333334,0.008184933333333333,1463.7726543,0.07023033333333334,8640,552960,552960,30
tiledb,256,16384,cold,random,8192,8,1615.6998505995336,1615.5756845000724,1626.5784713017638,40561.989267797304,0.01934146369352212,238.50711059570312,4.920615061582568,238.50711059570312,238.50711059570312,device,254.40758463541667,2046.6041677499638,0.9997294108072917,65486.3,61605.2,12816384,15921348608,0.013365833333333334,0.010620166666666667,1575.7237477333333,0.1379546,66936,4283904,4283904,30
tiledb,256,16384,cold,random,65536,8,1814.0903143670585,1811.0394870018354,1853.2356296993385,289008.76425379387,0.13781011784257596,240.05859375,4.411000412508076,240.05859375,240.05859375,device,32.0078125,3292.1542080557374,0.9980552673339844,521223.5333333333,331376.9666666667,102092800,15975538688,0.016523033333333333,0.019054066666666668,1787.1228783666668,0.6548373333333334,529744,33903616,33903616,30
tiledb,256,16384,cold,locality,1024,8,89.18796770012705,89.02906099683605,97.99830214833491,91850.95491292747,0.043797948318923696,9.713241577148438,3.6302511155641013,9.713241577148438,9.713241577148438,device,82.886328125,1568.6791547981502,0.8849039713541667,5653.466666666666,251.33333333333334,1939456,15924461568,0.009555166666666667,0.007583833333333333,81.04246583333334,0.0350269,12928,827392,827392,30
tiledb,256,16384,cold,locality,8192,8,95.09046766640192,93.76391199839418,110.7199338493956,689196.3159747471,0.3286344127534614,9.925552368164062,3.479336612016346,9.925552368164062,9.925552368164062,device,10.587255859375,1612.4370615279677,0.632373046875,15278.666666666666,382.6333333333333,15671808,15927185408,0.0099752,0.0098882,89.4293691,0.11883776666666666,106544,6818816,6818816,30
tiledb,256,16384,cold,locality,65536,8,222.7101186993726,221.51933400164125,263.69875499913167,2354127.432834407,1.1225354351207766,15.393974304199219,2.3040375525069763,15.393974304199219,15.393974304199219,device,2.0525299072265626,1931.587636800141,0.6314878463745117,121727.3,2171.4,127377920,15941017600,0.011999566666666666,0.02039296666666667,192.4657689,0.7548578333333333,816416,52250624,52250624,30
tiledb,256,16384,warm,random,1024,8,192.34292976592164,193.8946099980967,202.70098749606404,42590.59592140734,0.02030877872534148,0.0,0.0,0.0,0.0,device,0.0,10314.194846141021,0.9999755859375,8191.466666666666,8127.666666666667,1625600,15930548224,0.011862766666666667,0.0085099,189.22757086666667,0.06886526666666666,8664,554496,554496,30
tiledb,256,16384,warm,random,8192,8,326.6736615005357,324.8599250000552,343.93984930065926,200616.11241925159,0.09566121693575458,0.0,0.0,0.0,0.0,device,0.0,8914.056372754818,0.9997294108072917,65486.3,61605.2,12816384,15969009664,0.011081500000000001,0.010202533333333333,308.9258284,0.1370034,66928,4283392,4283392,30
tiledb,256,16384,warm,random,65536,8,659.9229548337462,654.9517634994118,714.9325694499566,794468.4999358499,0.37883210179131027,0.0,0.0,0.0,0.0,device,0.0,7753.72333999063,0.9980552673339844,521223.5333333333,331376.9666666667,102092800,15998681088,0.013527133333333333,0.0191558,656.9573759666666,0.6449356666666667,527288,33746432,33746432,30
tiledb,256,16384,warm,locality,1024,8,40.315600867324974,39.97655700004543,44.65798895143962,203196.77305465785,0.09689177181942837,0.0,0.0,0.0,0.0,device,0.0,2412.1304661528625,0.8849039713541667,5653.466666666666,251.33333333333334,1939456,15953977344,0.008731833333333333,0.007407266666666666,34.1897835,0.030029866666666665,11760,752640,752640,30
tiledb,256,16384,warm,locality,8192,8,46.88709860007899,46.88581100344891,49.905519847379765,1397740.571643936,0.6664946420879059,0.0,0.0,0.0,0.0,device,0.0,2390.8063510775182,0.632373046875,15278.666666666666,382.6333333333333,15671808,15956172800,0.0095782,0.009608266666666667,41.6337104,0.11294403333333333,111032,7106048,7106048,30
tiledb,256,16384,warm,locality,65536,8,177.2039727329684,174.44414099736605,211.13959210197203,2958669.5597962597,1.4108035849553393,0.0,0.0,0.0,0.0,device,0.0,2226.580094066141,0.6314878463745117,121727.3,2171.4,127377920,15980916736,0.0117675,0.02011776666666667,153.75073976666667,0.7650535333333334,816416,52250624,52250624,30
tiledb,4096,0,cold,random,1024,8,1523.753014299776,1522.254976000113,1541.989161049787,5376.199372944009,0.002563571630928044,225.08685684204102,4.923957595264156,225.08685684204102,225.08685684204102,device,1920.7411783854166,2173.671432824295,0.9999755859375,8191.466666666666,7244.033333333334,1625600,15869624320,0.013027233333333334,0.008736866666666667,1506.4172787666666,0.07056703333333333,8680,555520,555520,30
tiledb,4096,0,cold,random,8192,8,1629.6790323336609,1626.028781000059,1656.604018901271,40214.05362634754,0.019175555051015633,240.04486083984375,4.909859673330998,240.04486083984375,240.04486083984375,device,256.0478515625,1946.7422478995534,0.9997294108072917,65486.3,28323.1,12816384,15889276928,0.014262333333333333,0.0118415,1613.8682028333333,0.14067893333333334,66896,4281344,4281344,30
tiledb,4096,0,cold,random,65536,8,1671.9232402334455,1672.2969865040795,1689.8625291476492,313583.7742926495,0.14952839579231716,240.04486083984375,4.785803061276247,240.04486083984375,240.04486083984375,device,32.0059814453125,2509.118691713537,0.9980552673339844,521223.5333333333,32768,102092800,16074850304,0.0142988,0.018743333333333334,1668.8724274333333,0.6514391333333334,528720,33838080,33838080,30
tiledb,4096,0,cold,locality,1024,8,116.2017434660811,115.7414890039945,124.21708540205145,70498.08166080758,0.03361610491791133,13.466285705566406,3.8629040907339944,13.466285705566406,13.466285705566406,device,114.9123046875,1944.0333072622057,0.8849039713541667,5653.466666666666,135.43333333333334,1939456,15936176128,0.0111116,0.0081831,113.1739853,0.05053526666666667,13568,868352,868352,30
tiledb,4096,0,cold,locality,8192,8,125.1313505990159,123.68347750089015,134.72724289895268,523737.6539633978,0.24973757455987824,13.97713851928711,3.7233244513004915,13.97713851928711,13.97713851928711,device,14.90894775390625,1938.1238556580715,0.632373046875,15278.666666666666,144.5,15671808,15934603264,0.010902166666666666,0.0102766,116.51826813333334,0.13480383333333334,106544,6818816,6818816,30
tiledb,4096,0,cold,locality,65536,8,183.34346820023106,182.6530254984391,191.376335599125,2859594.645757548,1.3635609844959011,19.04352569580078,3.462267819471881,19.04352569580078,19.04352569580078,device,2.539136759440104,2422.6378146629477,0.6314878463745117,121727.3,254.93333333333334,127377920,15975391232,0.011610966666666667,0.01958033333333333,170.64469786666666,0.7581211666666666,816416,52250624,52250624,30
tiledb,4096,0,warm,random,1024,8,302.49603066792287,302.3485564990551,313.04992735131236,27081.347090445284,0.012913392586920397,0.0,0.0,0.0,0.0,device,0.0,8067.071565782705,0.9999755859375,8191.466666666666,7244.033333333334,1625600,15938654208,0.0123787,0.008241466666666667,300.734173,0.06638066666666667,8736,559104,559104,30
tiledb,4096,0,warm,random,8192,8,360.2149254334411,360.2074009977514,372.4294361029024,181935.82601037846,0.08675376225012706,0.0,0.0,0.0,0.0,device,0.0,6862.928155957608,0.9997294108072917,65486.3,28323.1,12816384,15947362304,0.010513533333333333,0.010450599999999999,335.1704717,0.13947863333333332,66928,4283392,4283392,30
tiledb,4096,0,warm,random,65536,8,431.30890536679846,429.71065399615327,444.9664241492428,1215574.2519485638,0.5796309718840427,0.0,0.0,0.0,0.0,device,0.0,8068.411107333507,0.9980552673339844,521223.5333333333,32768,102092800,16099717120,0.012754866666666666,0.018583233333333334,427.7855532,0.6548808666666667,528720,33838080,33838080,30
tiledb,4096,0,warm,locality,1024,8,45.774485565925715,45.45498749939725,50.35622740178951,178964.32693277675,0.08533684107436025,0.0,0.0,0.0,0.0,device,0.0,3861.8140395863206,0.8849039713541667,5653.466666666666,135.43333333333334,1939456,15958265856,0.0106438,0.007790966666666667,43.2543378,0.05017573333333333,12928,827392,827392,30
tiledb,4096,0,warm,locality,8192,8,52.117323134249695,52.10219349828549,56.26055759821611,1257470.569453173,0.5996086928621164,0.0,0.0,0.0,0.0,device,0.0,3728.9793096123854,0.632373046875,15278.666666666666,144.5,15671808,15957307392,0.010007533333333334,0.010051766666666666,47.845350333333336,0.1353856,111032,7106048,7106048,30
tiledb,4096,0,warm,locality,65536,8,88.12245363321078,86.73834100045497,99.86546309701224,5949539.287480883,2.8369614064602295,0.0,0.0,0.0,0.0,device,0.0,4429.799245469673,0.6314878463745117,121727.3,254.93333333333334,127377920,15993790464,0.0114149,0.0200138,78.61959323333333,0.7784156666666666,816416,52250624,52250624,30
tiledb,4096,1024,cold,random,1024,8,1529.3410900007682,1527.3507590027293,1549.3025438961922,5356.555220781968,0.0025542045692357866,225.13126754760742,4.906933864515782,225.13126754760742,225.13126754760742,device,1921.1201497395834,2180.587413305551,0.9999755859375,8191.466666666666,7244.033333333334,1625600,15860432896,0.012802466666666667,0.0079923,1509.0910938,0.06692506666666667,8696,556544,556544,30
tiledb,4096,1024,cold,random,8192,8,1776.8596523996773,1777.6499005012738,1841.6127700496872,36883.048085138624,0.017587207834786713,240.04486083984375,4.5031667810803055,240.04486083984375,240.04486083984375,device,256.0478515625,2445.655421310972,0.9997294108072917,65486.3,28323.1,12816384,15877066752,0.0123212,0.011088166666666666,1709.0591390333334,0.1588949,66768,4273152,4273152,30
tiledb,4096,1024,cold,random,65536,8,2637.8909797672045,2640.6631534991902,2694.4388685493323,198752.7172355958,0.09477268087177076,240.04486083984375,3.033292665504418,240.04486083984375,240.04486083984375,device,32.0059814453125,2956.4845869741953,0.9980552673339844,521223.5333333333,32768,102092800,16104824832,0.013578166666666667,0.018006333333333333,2628.8915393666666,0.6451056666666667,529808,33907712,33907712,30
tiledb,4096,1024,cold,locality,1024,8,142.30186316611557,143.11210549931275,152.52832735022818,57567.7634693869,0.02745044873685212,13.473762512207031,3.1561457248755964,13.473762512207031,13.473762512207031,device,114.97610677083334,1839.2076274584379,0.8849039713541667,5653.466666666666,135.43333333333334,1939456,16093298688,0.0109412,0.0079315,137.7828303,0.05078113333333333,13568,868352,868352,30
tiledb,4096,1024,cold,locality,8192,8,238.44629483307168,231.5144620006322,282.36478245053144,274845.9565952978,0.13105676488652124,14.207237243652344,1.9860848545369314,14.207237243652344,14.207237243652344,device,15.154386393229167,2324.9422551303023,0.632373046875,15278.666666666666,144.5,15671808,16094564352,0.0109432,0.010143166666666667,191.22458686666667,0.1250594,111032,7106048,7106048,30
tiledb,4096,1024,cold,locality,65536,8,1379.9864912999813,1366.5050829986285,1719.2370224998735,379922.55960861454,0.18116119366102912,20.998554229736328,0.5072164199219847,20.998554229736328,20.998554229736328,device,2.7998072306315103,2198.139527751797,0.6314878463745117,121727.3,254.93333333333334,127377920,16102322176,0.011970766666666667,0.0199435,1161.4931987666666,0.7545253,816416,52250624,52250624,30
tiledb,4096,1024,warm,random,1024,8,315.19899933215737,315.5587535002269,332.7359628998238,25989.93022616564,0.012392964470942326,0.0,0.0,0.0,0.0,device,0.0,7602.455461905793,0.9999755859375,8191.466666666666,7244.033333333334,1625600,16097890304,0.012384733333333333,0.0077932,309.74598103333335,0.06923963333333333,8736,559104,559104,30
tiledb,4096,1024,warm,random,8192,8,672.8653232341458,667.3533510002017,702.3441407003702,97398.39123377528,0.04644317208946957,0.0,0.0,0.0,0.0,device,0.0,4695.251126423844,0.9997294108072917,65486.3,28323.1,12816384,16095821824,0.010962866666666666,0.010341033333333333,643.5630957666667,0.13441866666666666,66792,4274688,4274688,30
tiledb,4096,1024,warm,random,65536,8,2286.727858399778,2285.669073498866,2334.106921451894,229274.3310377518,0.10932652046096411,0.0,0.0,0.0,0.0,device,0.0,3250.7997085678576,0.9980552673339844,521223.5333333333,32768,102092800,16208932864,0.0128645,0.018053333333333334,2283.7182511,0.6436948666666666,529808,33907712,33907712,30
tiledb,4096,1024,warm,locality,1024,8,76.50553053317708,75.35548099986045,85.82762090263714,107077.22622023372,0.05105840025912939,0.0,0.0,0.0,0.0,device,0.0,2839.112385508826,0.8849039713541667,5653.466666666666,135.43333333333334,1939456,16196796416,0.0109134,0.007959633333333334,71.63434856666667,0.0479736,13568,868352,868352,30
tiledb,4096,1024,warm,locality,8192,8,212.08788903265182,207.6614329998847,245.8240650474181,309003.9714144661,0.14734457560275369,0.0,0.0,0.0,0.0,device,0.0,2512.034035779592,0.632373046875,15278.666666666666,144.5,15671808,16198029312,0.0110235,0.009961566666666666,179.66618326666668,0.12683966666666666,111032,7106048,7106048,30
tiledb,4096,1024,warm,locality,65536,8,1349.022831434316,1339.9415589992714,1661.151516950849,388642.79223692854,0.18531932460638453,0.0,0.0,0.0,0.0,device,0.0,2252.439358118664,0.6314878463745117,121727.3,254.93333333333334,127377920,16209928192,0.011661466666666667,0.019437766666666665,1134.3226354666667,0.7510834,816416,52250624,52250624,30
tiledb,4096,4096,cold,random,1024,8,1520.8679356338205,1523.108602497814,1536.8055657967489,5386.397995553763,0.0025684347131508653,225.08685684204102,4.933298317543403,225.08685684204102,225.08685684204102,device,1920.7411783854166,2180.2909864960893,0.9999755859375,8191.466666666666,7244.033333333334,1625600,15878705152,0.0129778,0.0080752,1514.6906434333334,0.0677427,8688,556032,556032,30
tiledb,4096,4096,cold,random,8192,8,1727.5584999001392,1723.0641649985046,1756.1827219025872,37935.61839080314,0.018089112468148774,240.04486083984375,4.631678384141925,240.04486083984375,240.04486083984375,device,256.0478515625,2138.080763761986,0.9997294108072917,65486.3,28323.1,12816384,15881867264,0.013569833333333333,0.011645566666666666,1703.9756435,0.13838726666666668,66936,4283904,4283904,30
tiledb,4096,4096,cold,random,65536,8,1816.5672358666295,1817.4914564988285,1906.6251312036911,288614.6957009703,0.13762221131371036,240.04486083984375,4.404733941769489,240.04486083984375,240.04486083984375,device,32.0059814453125,2598.2983328029172,0.9980552673339844,521223.5333333333,32768,102092800,15950659584,0.0150434,0.018137566666666667,1813.6470245333333,0.6478264,529808,33907712,33907712,30
tiledb,4096,4096,cold,locality,1024,8,117.74719123277464,118.26795649903943,125.6358292470395,69572.78483021494,0.033174889006717174,13.466285705566406,3.8122029535138777,13.466285705566406,13.466285705566406,device,114.9123046875,1929.4066165384481,0.8849039713541667,5653.466666666666,135.43333333333334,1939456,15935516672,0.010459833333333333,0.0080222,111.58381036666667,0.046694,13568,868352,868352,30
tiledb,4096,4096,cold,locality,8192,8,146.8491278673658,144.71163150301436,166.57711669940906,446281.1659269243,0.2128034429201719,14.001838684082031,3.1782821111312054,14.001838684082031,14.001838684082031,device,14.935294596354167,2084.6039952185242,0.632373046875,15278.666666666666,144.5,15671808,15936626688,0.010285533333333333,0.010161833333333333,132.90351133333334,0.11950493333333333,106544,6818816,6818816,30
tiledb,4096,4096,cold,locality,65536,8,481.8078269667846,470.90116599792964,577.7393733496863,1088168.2917038705,0.5188790758628228,19.900161743164062,1.376770337975156,19.900161743164062,19.900161743164062,device,2.6533548990885416,2323.889080380566,0.6314878463745117,121727.3,254.93333333333334,127377920,15958568960,0.012144133333333333,0.020203366666666667,432.2492235,0.7769614,816416,52250624,52250624,30
tiledb,4096,4096,warm,random,1024,8,294.9528616324339,293.7062144992524,317.7929888970539,27773.929551525274,0.013243641639483106,0.0,0.0,0.0,0.0,device,0.0,7915.7099262849215,0.9999755859375,8191.466666666666,7244.033333333334,1625600,15954055168,0.011397966666666667,0.0078437,289.9317437,0.07128626666666667,8736,559104,559104,30
tiledb,4096,4096,warm,random,8192,8,417.1024264678029,417.7532940011588,434.3792048475734,157122.0780348514,0.07492164518110819,0.0,0.0,0.0,0.0,device,0.0,6739.337181855626,0.9997294108072917,65486.3,28323.1,12816384,15951110144,0.010822533333333334,0.010399833333333334,395.48597943333334,0.12937576666666667,66768,4273152,4273152,30
tiledb,4096,4096,warm,random,65536,8,996.6681962667886,1007.5116275002074,1033.5016819492012,526040.6642489657,0.250835735439761,0.0,0.0,0.0,0.0,device,0.0,3882.294682312622,0.9980552673339844,521223.5333333333,32768,102092800,15989452800,0.013783166666666666,0.0181684,993.2695676666667,0.6518393,529808,33907712,33907712,30
tiledb,4096,4096,warm,locality,1024,8,47.8571422342308,47.58872000093106,54.75174699859053,171176.12163102595,0.08162313539077089,0.0,0.0,0.0,0.0,device,0.0,3750.3651231035824,0.8849039713541667,5653.466666666666,135.43333333333334,1939456,15973756928,0.0098399,0.007977533333333333,44.8670805,0.0524011,13568,868352,868352,30
tiledb,4096,4096,warm,locality,8192,8,84.35806523290618,83.26657300131046,99.38098869934034,776878.8890435088,0.3704447217195076,0.0,0.0,0.0,0.0,device,0.0,3062.5261092311534,0.632373046875,15278.666666666666,144.5,15671808,15975763968,0.0106785,0.0097988,71.9323208,0.1250318,106544,6818816,6818816,30
tiledb,4096,4096,warm,locality,65536,8,449.78315693345695,444.9381179983902,549.407354901632,1165646.1384070138,0.555823392108447,0.0,0.0,0.0,0.0,device,0.0,2418.775563667789,0.6314878463745117,121727.3,254.93333333333334,127377920,15989903360,0.0114268,0.020016133333333335,400.787262,0.7805517333333334,816416,52250624,52250624,30
tiledb,4096,16384,cold,random,1024,8,1523.4430721997342,1521.2489144978463,1539.5640041511797,5377.293152261597,0.002564093185549544,225.08685684204102,4.924959366702447,225.08685684204102,225.08685684204102,device,1920.7411783854166,2187.2330059995847,0.9999755859375,8191.466666666666,7244.033333333334,1625600,15876198400,0.014375833333333334,0.008207866666666666,1514.112915,0.06898933333333333,8696,556544,556544,30
tiledb,4096,16384,cold,random,8192,8,1631.0174219344237,1634.887140004139,1658.8800323515898,40181.0545483155,0.019159819864423513,240.04486083984375,4.90583071261015,240.04486083984375,240.04486083984375,device,256.0478515625,1912.019479148999,0.9997294108072917,65486.3,28323.1,12816384,15907123200,0.013839566666666667,0.010698933333333334,1616.4100511666666,0.13508006666666666,66888,4280832,4280832,30
tiledb,4096,16384,cold,random,65536,8,1791.658010299822,1780.3332455005147,1838.3665095512697,292627.27428225207,0.13953555788147548,240.04486083984375,4.465972476515833,240.04486083984375,240.04486083984375,device,32.0059814453125,2476.683645160292,0.9980552673339844,521223.5333333333,32768,102092800,15958749184,0.014886766666666667,0.0188591,1788.6330718,0.6623644,527736,33775104,33775104,30
tiledb,4096,16384,cold,locality,1024,8,116.6831599669725,116.1870470023132,124.76102424661804,70207.21758237237,0.03347741011732691,13.466285705566406,3.8469663515506656,13.466285705566406,13.466285705566406,device,114.9123046875,1949.0150324837311,0.8849039713541667,5653.466666666666,135.43333333333334,1939456,15914647552,0.011059433333333334,0.007860933333333334,112.17540383333333,0.048507966666666666,13568,868352,868352,30
tiledb,4096,16384,cold,locality,8192,8,125.46279376620078,125.68386049679248,135.61382104635413,522354.062369486,0.24907782667612363,13.97713851928711,3.7134883045708436,13.97713851928711,13.97713851928711,device,14.90894775390625,1940.8170999318586,0.632373046875,15278.666666666666,144.5,15671808,15927984128,0.010923833333333334,0.009704133333333333,120.29809143333333,0.13730516666666667,111032,7106048,7106048,30
tiledb,4096,16384,cold,locality,65536,8,249.20681133323038,250.31021149698063,281.50972259900294,2103826.926700414,1.0031828530790396,19.227432250976562,2.5718173790558145,19.227432250976562,19.227432250976562,device,2.5636576334635417,2190.0957325233785,0.6314878463745117,121727.3,254.93333333333334,127377920,15945551872,0.0121874,0.019872433333333335,221.02529733333333,0.7700758666666667,816416,52250624,52250624,30
tiledb,4096,16384,warm,random,1024,8,294.6861907337734,294.2705509994994,306.25323864915117,27799.063062988418,0.013255626231664857,0.0,0.0,0.0,0.0,device,0.0,8052.707462282066,0.9999755859375,8191.466666666666,7244.033333333334,1625600,15929663488,0.011711866666666666,0.0076889,290.29374843333335,0.06475936666666667,8632,552448,552448,30
tiledb,4096,16384,warm,random,8192,8,356.63459283314296,357.3467595015245,373.4670730504149,183762.3195197501,0.08762470222461229,0.0,0.0,0.0,0.0,device,0.0,6982.620159046375,0.9997294108072917,65486.3,28323.1,12816384,15948926976,0.011034366666666667,0.010219133333333333,329.0501782333333,0.13697383333333332,66928,4283392,4283392,30
tiledb,4096,16384,warm,random,65536,8,563.4942595997321,560.2877229976002,584.5987275002699,930422.9653952792,0.44366024274600946,0.0,0.0,0.0,0.0,device,0.0,6282.84902973958,0.9980552673339844,521223.5333333333,32768,102092800,15980478464,0.013145166666666666,0.018151266666666666,560.6401295333334,0.6449297,527560,33763840,33763840,30
tiledb,4096,16384,warm,locality,1024,8,45.78580063268115,45.26889450062299,50.75549275097728,178920.0993932753,0.08531575174011007,0.0,0.0,0.0,0.0,device,0.0,3912.8071585755256,0.8849039713541667,5653.466666666666,135.43333333333334,1939456,15941025792,0.009946166666666667,0.0076556666666666665,43.683478566666665,0.04132393333333333,13568,868352,868352,30
tiledb,4096,16384,warm,locality,8192,8,53.13205320004878,53.044153999508126,56.06092339839961,1233455.0624883405,0.5881572067681983,0.0,0.0,0.0,0.0,device,0.0,3679.6100303251064,0.632373046875,15278.666666666666,144.5,15671808,15938981888,0.010607033333333333,0.009560533333333333,48.324101999999996,0.12550916666666667,111032,7106048,7106048,30
tiledb,4096,16384,warm,locality,65536,8,182.18879896667204,182.40687949946732,210.56847745385306,2877718.0758291758,1.3722029093881492,0.0,0.0,0.0,0.0,device,0.0,2709.719949323793,0.6314878463745117,121727.3,254.93333333333334,127377920,15960494080,0.011467466666666667,0.019976433333333335,162.22525596666668,0.7821833666666667,816416,52250624,52250624,30
tiledb,65536,0,cold,random,1024,8,1603.3578079661918,1600.3312204993563,1626.3919695022196,5109.27751703239,0.0024362933716928436,240.04486083984375,4.990461468783295,240.04486083984375,240.04486083984375,device,2048.3828125,1824.0859824814618,0.9999755859375,8191.466666666666,2012.7666666666667,1625600,15879737344,0.012851133333333334,0.008241566666666667,1598.1515456333334,0.06641473333333334,8680,555520,555520,30
tiledb,65536,0,cold,random,8192,8,1611.2193083669506,1615.3874410010758,1636.642784149808,40674.78564815856,0.019395249198989183,240.04486083984375,4.966111887920479,240.04486083984375,240.04486083984375,device,256.0478515625,1809.3752819894721,0.9997294108072917,65486.3,2048,12816384,15899717632,0.013725866666666666,0.010861833333333333,1595.4526804666666,0.13447776666666666,66928,4283392,4283392,30
tiledb,65536,0,cold,random,65536,8,1653.3885048338561,1653.5416119986621,1666.362104050495,317099.09586717736,0.15120463174208515,240.04486083984375,4.839452637982487,240.04486083984375,240.04486083984375,device,32.0059814453125,2252.9818777958576,0.9980552673339844,521223.5333333333,2048,102092800,16075145216,0.013524566666666666,0.0200273,1649.4591207333333,0.6434508333333333,527624,33767936,33767936,30
tiledb,65536,0,cold,locality,1024,8,691.5432319331254,692.1079584972176,736.8620172503142,11845.969451685985,0.005648598409502976,95.51134872436523,4.6037781546149,95.51134872436523,95.51134872436523,device,815.03017578125,2046.085088280975,0.8849039713541667,5653.466666666666,124.93333333333334,1939456,15914094592,0.012298633333333333,0.008219633333333334,685.7114412333333,0.07415996666666666,13376,856064,856064,30
tiledb,65536,0,cold,locality,8192,8,700.9069947004415,704.756057002669,744.0156408032635,93501.70635407802,0.04458508794502164,96.10635375976562,4.570570916751478,96.10635375976562,96.10635375976562,device,102.51344401041666,2014.7911426016626,0.632373046875,15278.666666666666,125.46666666666667,15671808,15924695040,0.012252466666666666,0.0109457,670.5524227,0.14570563333333333,102136,6536704,6536704,30
tiledb,65536,0,cold,locality,65536,8,737.1086770338783,738.9549719991919,780.1931169018644,711276.3915759781,0.3391630132560626,99.130859375,4.482869462971734,99.130859375,99.130859375,device,13.217447916666666,2072.58133867613,0.6314878463745117,121727.3,131.5,127377920,15969226752,0.0129688,0.0199504,716.4613685,0.7572705333333334,816416,52250624,52250624,30
tiledb,65536,0,warm,random,1024,8,314.7075493337373,314.84997349616606,328.3789174984122,26030.51632330766,0.012412317430166082,0.0,0.0,0.0,0.0,device,0.0,7560.700951557765,0.9999755859375,8191.466666666666,2012.7666666666667,1625600,15928844288,0.011039233333333334,0.008075266666666667,313.1627120333333,0.06380876666666667,8736,559104,559104,30
tiledb,65536,0,warm,random,8192,8,327.2943460009022,328.43014399986714,338.78315675028716,200235.6618767235,0.09547980398021864,0.0,0.0,0.0,0.0,device,0.0,7435.034973910891,0.9997294108072917,65486.3,2048,12816384,15939780608,0.010457866666666666,0.010539833333333333,319.2130678666667,0.135901,66512,4256768,4256768,30
tiledb,65536,0,warm,random,65536,8,383.1798542669276,382.6834615028929,395.47581240258296,1368255.6485205374,0.6524351351359069,0.0,0.0,0.0,0.0,device,0.0,7960.470704370062,0.9980552673339844,521223.5333333333,2048,102092800,16098275328,0.011905833333333333,0.0185697,379.59661703333336,0.6439421,528720,33838080,33838080,30
tiledb,65536,0,warm,locality,1024,8,170.11966399974577,169.5300760002283,183.17869269776563,48154.33917158596,0.022961778245728474,0.0,0.0,0.0,0.0,device,0.0,6221.108135731142,0.8849039713541667,5653.466666666666,124.93333333333334,1939456,15943331840,0.010893166666666667,0.0079283,167.18479773333334,0.0674434,13568,868352,868352,30
tiledb,65536,0,warm,locality,8192,8,176.73102940098033,177.9628394979227,197.7048722528707,370823.3931649157,0.17682237299199852,0.0,0.0,0.0,0.0,device,0.0,6069.734593650911,0.632373046875,15278.666666666666,125.46666666666667,15671808,15943294976,0.010853566666666667,0.0102555,159.9411996,0.1396347,111032,7106048,7106048,30
tiledb,65536,0,warm,locality,65536,8,201.55873326657456,202.9832215011993,213.85732409980847,2601167.369446577,1.240333256457604,0.0,0.0,0.0,0.0,device,0.0,6069.647288475397,0.6314878463745117,121727.3,131.5,127377920,15985844224,0.011711566666666666,0.019266433333333333,186.7036804,0.7272213333333333,816416,52250624,52250624,30
tiledb,65536,1024,cold,random,1024,8,1630.4541580340203,1634.173564500088,1654.3223760530964,5024.366959128616,0.002395804862560566,240.04486083984375,4.907525502572988,240.04486083984375,240.04486083984375,device,2048.3828125,1831.8941062213814,0.9999755859375,8191.466666666666,2012.7666666666667,1625600,15899873280,0.0137594,0.008348166666666667,1620.9344629333334,0.0681414,8736,559104,559104,30
tiledb,65536,1024,cold,random,8192,8,1822.6714757998707,1825.5284679980832,1880.4499701003806,35956.013395798516,0.01714516324796606,240.04486083984375,4.389982214330043,240.04486083984375,240.04486083984375,device,256.0478515625,2413.001681492406,0.9997294108072917,65486.3,2048,12816384,15933046784,0.0127821,0.010610733333333334,1747.8292500333332,0.14333116666666668,66816,4276224,4276224,30
tiledb,65536,1024,cold,random,65536,8,3242.761370700464,3251.4150775023154,3355.9941957504634,161679.48857943542,0.07709478787395259,240.04486083984375,2.4674943502240296,240.04486083984375,240.04486083984375,device,32.0059814453125,3540.0083418504373,0.9980552673339844,521223.5333333333,2048,102092800,16142225408,0.01364,0.018151066666666667,3232.4438594666667,0.6429041,526888,33720832,33720832,30
tiledb,65536,1024,cold,locality,1024,8,730.8450638333549,727.4059525007033,772.8643791499053,11208.942093734815,0.005344840094439895,95.51134872436523,4.3562059616940205,95.51134872436523,95.51134872436523,device,815.03017578125,1993.552274944122,0.8849039713541667,5653.466666666666,124.93333333333334,1939456,16135815168,0.013089333333333333,0.0080353,718.5251147,0.07093136666666666,13568,868352,868352,30
tiledb,65536,1024,cold,locality,8192,8,751.846779967309,738.2847614971979,825.5707592001272,87166.69638839122,0.04156431979579507,96.10635375976562,4.260901570217291,96.10635375976562,96.10635375976562,device,102.51344401041666,2722.3722029538126,0.632373046875,15278.666666666666,125.46666666666667,15671808,16139792384,0.0124411,0.0104128,639.3293617333334,0.1444776,106544,6818816,6818816,30
tiledb,65536,1024,cold,locality,65536,8,2217.568263266245,2201.7213975013874,2502.5735808470927,236424.7399661911,0.11273610113439135,99.130859375,1.4900835450718835,99.130859375,99.130859375,device,13.217447916666666,3102.191172477136,0.6314878463745117,121727.3,131.5,127377920,16151826432,0.012752433333333334,0.019879133333333333,1907.4648736333334,0.7503456,816416,52250624,52250624,30
tiledb,65536,1024,warm,random,1024,8,343.6881351653331,341.16664649627637,362.46648544802156,23835.562423646636,0.011365681850264852,0.0,0.0,0.0,0.0,device,0.0,7054.574488769143,0.9999755859375,8191.466666666666,2012.7666666666667,1625600,16152543232,0.0113678,0.008209933333333334,341.2443537666667,0.0681747,8712,557568,557568,30
tiledb,65536,1024,warm,random,8192,8,706.6800716000822,701.0043004993349,745.9672681987286,92737.86347421937,0.04422085927687615,0.0,0.0,0.0,0.0,device,0.0,5101.366778511328,0.9997294108072917,65486.3,2048,12816384,16156250112,0.011482133333333333,0.010501633333333333,673.8350317,0.134821,66936,4283904,4283904,30
tiledb,65536,1024,warm,random,65536,8,2855.7064101002957,2863.118975499674,2954.8867990499275,183593.10261925225,0.08754401331865895,0.0,0.0,0.0,0.0,device,0.0,3917.3437985689534,0.9980552673339844,521223.5333333333,2048,102092800,16258875392,0.012129166666666667,0.017899833333333334,2851.4490020333333,0.6419648666666666,528608,33830912,33830912,30
tiledb,65536,1024,warm,locality,1024,8,219.97751076632994,221.23341000406072,245.58077629990294,37240.170467707096,0.017757497056821392,0.0,0.0,0.0,0.0,device,0.0,5111.092641621485,0.8849039713541667,5653.466666666666,124.93333333333334,1939456,16247930880,0.011226566666666667,0.007999466666666667,212.48050883333335,0.07020433333333333,13568,868352,868352,30
tiledb,65536,1024,warm,locality,8192,8,427.87595583383035,421.308223001688,486.7095061021245,153165.88629591407,0.07303518595500663,0.0,0.0,0.0,0.0,device,0.0,4067.532167950487,0.632373046875,15278.666666666666,125.46666666666667,15671808,16249704448,0.0117411,0.010079866666666666,331.1618183,0.1396763,106544,6818816,6818816,30
tiledb,65536,1024,warm,locality,65536,8,2081.975896233295,2037.5206455028092,2413.75195320179,251822.31982058025,0.12007823935536396,0.0,0.0,0.0,0.0,device,0.0,3257.758378430004,0.6314878463745117,121727.3,131.5,127377920,16260141056,0.0120888,0.019919366666666667,1803.7323433,0.7594027333333333,816416,52250624,52250624,30
tiledb,65536,4096,cold,random,1024,8,1598.115511433328,1595.8130194994737,1617.9246491512458,5126.037474383004,0.002444285142127516,240.04486083984375,5.006831673983123,240.04486083984375,240.04486083984375,device,2048.3828125,1800.5822271627753,0.9999755859375,8191.466666666666,2012.7666666666667,1625600,15937482752,0.0130202,0.008282533333333333,1592.1004684666666,0.067411,8712,557568,557568,30
tiledb,65536,4096,cold,random,8192,8,1679.1333025006072,1677.114583999355,1702.5265874039178,39029.65887365949,0.018610791622953173,240.04486083984375,4.7652532109345325,240.04486083984375,240.04486083984375,device,256.0478515625,2006.5862019981673,0.9997294108072917,65486.3,2048,12816384,15946076160,0.013433133333333333,0.011690366666666667,1657.7569726666666,0.13943436666666667,66896,4281344,4281344,30
tiledb,65536,4096,cold,random,65536,8,1881.030182000298,1898.6100605034153,1983.9165872992453,278723.8636662752,0.13290589507402192,240.04486083984375,4.253783611711796,240.04486083984375,240.04486083984375,device,32.0059814453125,2916.236044653286,0.9980552673339844,521223.5333333333,2048,102092800,16016793600,0.0150608,0.0187947,1878.0145542333335,0.6523883,527520,33761280,33761280,30
tiledb,65536,4096,cold,locality,1024,8,698.7813541997942,700.5208969967498,732.130795100602,11723.266442020375,0.005590089055071056,95.51134872436523,4.556091265187404,95.51134872436523,95.51134872436523,device,815.03017578125,2021.2134552598648,0.8849039713541667,5653.466666666666,124.93333333333334,1939456,16003989504,0.013102533333333333,0.008561866666666666,693.1198590666667,0.0726589,13376,856064,856064,30
tiledb,65536,4096,cold,locality,8192,8,717.1752200663226,714.0580389968818,766.3882220978849,91380.73676602964,0.0435737308340214,96.10635375976562,4.466893216178419,96.10635375976562,96.10635375976562,device,102.51344401041666,2236.747122135164,0.632373046875,15278.666666666666,125.46666666666667,15671808,16002465792,0.0127802,0.010692533333333334,641.3684934,0.1407561,106544,6818816,6818816,30
tiledb,65536,4096,cold,locality,65536,8,980.3431057664662,962.2541874996386,1099.841904196728,534800.5172026925,0.25501275882849334,99.130859375,3.370617857901088,99.130859375,99.130859375,device,13.217447916666666,2846.2073596962546,0.6314878463745117,121727.3,131.5,127377920,16018472960,0.012853466666666667,0.0205446,878.1973392666666,0.7705585333333334,819976,52478464,52478464,30
tiledb,65536,4096,warm,random,1024,8,321.02389853340964,319.3244490030338,341.37742759921815,25518.349373442183,0.012168097197266666,0.0,0.0,0.0,0.0,device,0.0,7350.695927604746,0.9999755859375,8191.466666666666,2012.7666666666667,1625600,16008798208,0.011485066666666667,0.008093933333333332,319.32146793333334,0.06713406666666666,8736,559104,559104,30
tiledb,65536,4096,warm,random,8192,8,418.4605033995467,419.90408850324457,430.7260169520305,156612.15208505862,0.07467849354031497,0.0,0.0,0.0,0.0,device,0.0,6274.402093984681,0.9997294108072917,65486.3,2048,12816384,16003125248,0.010943766666666667,0.0107675,398.6835752,0.13895726666666666,66888,4280832,4280832,30
tiledb,65536,4096,warm,random,65536,8,1175.7721607675194,1154.0159800024412,1279.4034945014573,445909.5201384559,0.21262622839854045,0.0,0.0,0.0,0.0,device,0.0,4203.708783534137,0.9980552673339844,521223.5333333333,2048,102092800,16045469696,0.013063766666666667,0.0185497,1170.727956,0.6417108666666667,529296,33874944,33874944,30
tiledb,65536,4096,warm,locality,1024,8,182.79585059984433,183.26143349986523,198.3333169500838,44815.021638171565,0.021369467562757285,0.0,0.0,0.0,0.0,device,0.0,5837.542555123925,0.8849039713541667,5653.466666666666,124.93333333333334,1939456,16028540928,0.011156133333333334,0.008148933333333334,177.08066806666668,0.06916266666666666,13568,868352,868352,30
tiledb,65536,4096,warm,locality,8192,8,239.3398790663923,236.2757894952665,269.01902350145974,273819.80911681027,0.13056745963898195,0.0,0.0,0.0,0.0,device,0.0,5175.883190488679,0.632373046875,15278.666666666666,125.46666666666667,15671808,16023363584,0.012182466666666666,0.0105236,190.80306073333333,0.14008133333333334,106544,6818816,6818816,30
tiledb,65536,4096,warm,locality,65536,8,741.2232598335928,724.6724754986644,843.975284452972,707328.045962433,0.3372802953540959,0.0,0.0,0.0,0.0,device,0.0,3522.3090150365815,0.6314878463745117,121727.3,131.5,127377920,16033890304,0.012079466666666667,0.020035466666666668,655.9440094,0.7667576,816416,52250624,52250624,30
tiledb,65536,16384,cold,random,1024,8,1599.6562299000896,1598.9424979961768,1619.2457872493833,5121.100300726271,0.0024419309142714837,240.04486083984375,5.002009314106118,240.04486083984375,240.04486083984375,device,2048.3828125,1799.7596342537183,0.9999755859375,8191.466666666666,2012.7666666666667,1625600,15932375040,0.0131992,0.009557933333333333,1595.9613145333333,0.06810126666666666,8592,549888,549888,30
tiledb,65536,16384,cold,random,8192,8,1609.7255081998203,1608.7805360002676,1631.2568549470598,40712.5312148963,0.01941324768776717,240.04486083984375,4.970720362303456,240.04486083984375,240.04486083984375,device,256.0478515625,1797.1658396728074,0.9997294108072917,65486.3,2048,12816384,15952293888,0.015894766666666667,0.0133585,1600.0006539333333,0.14141796666666667,66680,4267520,4267520,30
tiledb,65536,16384,cold,random,65536,8,1756.7910867663159,1758.701292998012,1819.9761758536624,298435.02961131517,0.14230491142812499,240.04486083984375,4.554608354745406,240.04486083984375,240.04486083984375,device,32.0059814453125,2589.5642668154883,0.9980552673339844,521223.5333333333,2048,102092800,16023257088,0.01590453333333333,0.018718233333333334,1734.1700658333334,0.6489962333333333,527808,33779712,33779712,30
tiledb,65536,16384,cold,locality,1024,8,694.7086862002228,697.7014399999462,729.9220623517613,11791.99305079507,0.0056228604558921196,95.51134872436523,4.582800945759193,95.51134872436523,95.51134872436523,device,815.03017578125,2038.323010630312,0.8849039713541667,5653.466666666666,124.93333333333334,1939456,15992741888,0.0123455,0.0085559,689.1728774,0.06667696666666667,13568,868352,868352,30
tiledb,65536,16384,cold,locality,8192,8,700.4272509999282,700.1722300010442,733.3076740014803,93565.748486286,0.04461562561334896,96.10635375976562,4.57370143830376,96.10635375976562,96.10635375976562,device,102.51344401041666,1980.8056180652638,0.632373046875,15278.666666666666,125.46666666666667,15671808,15995355136,0.0124565,0.0107745,669.3449645666667,0.14470566666666668,102936,6587904,6587904,30
tiledb,65536,16384,cold,locality,65536,8,797.7002701659027,793.5728064985597,866.6761524982576,657249.3699807329,0.313400921812407,99.130859375,4.1423603610908115,99.130859375,99.130859375,device,13.217447916666666,2439.9506407361155,0.6314878463745117,121727.3,131.5,127377920,16013230080,0.012853700000000001,0.020188133333333334,734.8712190666666,0.8310973666666667,919136,58824704,58824704,30
tiledb,65536,16384,warm,random,1024,8,327.40788923304837,326.3531400007196,344.26867069742,25020.77765807576,0.011930836514509087,0.0,0.0,0.0,0.0,device,0.0,7383.769613492396,0.9999755859375,8191.466666666666,2012.7666666666667,1625600,15988547584,0.011429533333333334,0.0082679,325.86989163333334,0.06875063333333334,8736,559104,559104,30
tiledb,65536,16384,warm,random,8192,8,339.2272346995014,339.8583350026456,349.5725439992384,193192.0355924663,0.09212114123938861,0.0,0.0,0.0,0.0,device,0.0,7145.74413931501,0.9997294108072917,65486.3,2048,12816384,15993303040,0.010413500000000001,0.010497233333333333,324.18751853333333,0.1363283,66792,4274688,4274688,30
tiledb,65536,16384,warm,random,65536,8,603.3992388329352,599.4807530005346,633.1945733501925,868890.7215296654,0.4143193824432685,0.0,0.0,0.0,0.0,device,0.0,6125.597205186463,0.9980552673339844,521223.5333333333,2048,102092800,16029335552,0.0135836,0.01778916666666667,600.3789342666666,0.6420012,526512,33696768,33696768,30
tiledb,65536,16384,warm,locality,1024,8,172.95693290046378,172.76402700008475,185.63909574477293,47364.39217914712,0.022585102166722833,0.0,0.0,0.0,0.0,device,0.0,6110.76924738393,0.8849039713541667,5653.466666666666,124.93333333333334,1939456,15993815040,0.0113952,0.0079999,168.99085303333334,0.06398873333333334,13376,856064,856064,30
tiledb,65536,16384,warm,locality,8192,8,182.57184406587234,182.14969099790324,205.19368104869497,358960.0594511959,0.17116549465713304,0.0,0.0,0.0,0.0,device,0.0,5961.846628336692,0.632373046875,15278.666666666666,125.46666666666667,15671808,15994331136,0.011061533333333333,0.0099372,161.53945453333333,0.1339174,102936,6587904,6587904,30
tiledb,65536,16384,warm,locality,65536,8,361.91746230057714,358.8234505004948,413.8450723494315,1448639.6889149605,0.6907652325224688,0.0,0.0,0.0,0.0,device,0.0,4340.093278704894,0.6314878463745117,121727.3,131.5,127377920,16010878976,0.0123736,0.020220966666666666,325.8423046,0.8044977,819976,52478464,52478464,30
