backend,array_layout,tile_extent_rows,query_chunk_rows,cache_mode,pattern,batch_size,overlap_case,overlap_placement,width,world_size,latency_mean_ms,latency_p50_ms,latency_p95_ms,rows_per_second,useful_gib_per_second,storage_read_gib,storage_read_gib_per_second,process_read_gib,device_read_gib,storage_counter_source,read_amplification,process_cpu_percent,unique_row_fraction,within_rank_unique_row_fraction,node_unique_row_fraction,within_rank_repetition_mean,requesting_ranks_per_unique_row_mean,owner_unique_rows_mean,owner_unique_rows_max_mean,owner_unique_max_to_mean_mean,contiguous_ranges_mean,estimated_tiles_touched_mean,cuda_peak_temporary_bytes,aggregate_rss_peak_bytes,index_bytes_peak_per_rank,raw_staging_bytes_peak_per_rank,output_bytes_peak_per_rank,samples,id_routing_mean_ms,gpu_sort_mean_ms,gpu_deduplicate_mean_ms,staging_allocation_mean_ms,indices_d2h_mean_ms,tiledb_read_mean_ms,id_decode_mean_ms,id_sort_mean_ms,id_deduplicate_mean_ms,query_setup_mean_ms,range_build_mean_ms,query_submit_mean_ms,cpu_reorder_mean_ms,rows_h2d_mean_ms,gpu_expand_mean_ms,embedding_exchange_mean_ms,output_reorder_mean_ms,storage_requested_rows_mean,storage_unique_rows_mean,storage_range_count_mean,storage_query_count_mean,tile_overlap_planning_mean_ms,relevant_tile_overlap_mean_ms,partition_planning_mean_ms,internal_tile_read_mean_ms,internal_unfilter_mean_ms,internal_copy_mean_ms,internal_reader_work_mean_ms,tiledb_ranges_requested_mean,tiledb_tiles_read_mean,tiledb_vfs_read_ops_mean,tiledb_vfs_read_bytes_mean
cpu,none,,0,resident,random,1024,,,128,4,0.2162597025744617,0.21021199063397944,0.25031052064150566,18940190.66538613,9.031386692708077,0.0,0.0,0.0,0.0,device,0.0,543.7529905022931,0.999951171875,0.999951171875,,1.00004884004884,,,,,4095.7,,1614848,14735626240,0,0,0,10,0.0,0.0,0.0,0.0,0.0,0.0,0.0,0.0,0.0,0.0,0.0,0.0,0.0,0.0,0.0,0.0,0.0,0,0,0,0,,,,,,,,,,,
cpu,none,,0,resident,random,8192,,,128,4,0.47333070542663336,0.4725830222014338,0.49085843202192336,69228553.36516736,33.01074665315979,0.0,0.0,0.0,0.0,device,0.0,442.51099199493103,0.9997100830078125,0.9997100830078125,,1.0002900108088486,,,,,32742.2,,12777984,14737223680,0,0,0,10,0.0,0.0,0.0,0.0,0.0,0.0,0.0,0.0,0.0,0.0,0.0,0.0,0.0,0.0,0.0,0.0,0.0,0,0,0,0,,,,,,,,,,,
cpu,none,,0,resident,random,65536,,,128,4,1.7960320925340056,1.7857479688245803,1.8856059876270592,145957302.8175367,69.59786549450718,0.0,0.0,0.0,0.0,device,0.0,405.080222688852,0.998019027709961,0.998019027709961,,1.0019849078440277,,,,,260612.9,,101913600,14752845824,0,0,0,10,0.0,0.0,0.0,0.0,0.0,0.0,0.0,0.0,0.0,0.0,0.0,0.0,0.0,0.0,0.0,0.0,0.0,0,0,0,0,,,,,,,,,,,
cpu,none,,0,resident,window_256,1024,,,128,4,0.19938379991799593,0.19593199249356985,0.20953050116077065,20543293.89691958,9.795805881938733,0.0,0.0,0.0,0.0,device,0.0,507.7562973603577,0.24599609375,0.24599609375,,4.065131819344153,,,,,19.9,,2654720,14753259520,0,0,0,10,0.0,0.0,0.0,0.0,0.0,0.0,0.0,0.0,0.0,0.0,0.0,0.0,0.0,0.0,0.0,0.0,0.0,0,0,0,0,,,,,,,,,,,
cpu,none,,0,resident,window_256,8192,,,128,4,0.554705603281036,0.5432720063254237,0.6363894382957368,59072776.272999756,28.168094765186193,0.0,0.0,0.0,0.0,device,0.0,400.35557363476937,0.03125,0.03125,,32.0,,,,,4,,21234176,14753574912,0,0,0,10,0.0,0.0,0.0,0.0,0.0,0.0,0.0,0.0,0.0,0.0,0.0,0.0,0.0,0.0,0.0,0.0,0.0,0,0,0,0,,,,,,,,,,,
cpu,none,,0,resident,window_256,65536,,,128,4,3.09442839352414,3.109647484961897,3.8578440813580523,84714837.98061103,40.39518260031272,0.0,0.0,0.0,0.0,device,0.0,359.0503151810394,0.00390625,0.00390625,,256.0,,,,,4,,203948544,14753931264,0,0,0,10,0.0,0.0,0.0,0.0,0.0,0.0,0.0,0.0,0.0,0.0,0.0,0.0,0.0,0.0,0.0,0.0,0.0,0,0,0,0,,,,,,,,,,,
cpu,none,,0,resident,window_4096,1024,,,128,4,0.22504771477542818,0.20746202790178359,0.3059943555854259,18200584.72527632,8.678715098035966,0.0,0.0,0.0,0.0,device,0.0,445.56888791366856,0.8845458984375,0.8845458984375,,1.1305450177748015,,,,,2826,,2654720,14754385920,0,0,0,10,0.0,0.0,0.0,0.0,0.0,0.0,0.0,0.0,0.0,0.0,0.0,0.0,0.0,0.0,0.0,0.0,0.0,0,0,0,0,,,,,,,,,,,
cpu,none,,0,resident,window_4096,8192,,,128,4,0.5587056162767112,0.5342470249161124,0.6588624702999367,58649848.946159385,27.966427300529187,0.0,0.0,0.0,0.0,device,0.0,403.87419318198425,0.432269287109375,0.432269287109375,,2.3133808296961123,,,,,1921.1,,21234176,14754701312,0,0,0,10,0.0,0.0,0.0,0.0,0.0,0.0,0.0,0.0,0.0,0.0,0.0,0.0,0.0,0.0,0.0,0.0,0.0,0,0,0,0,,,,,,,,,,,
cpu,none,,0,resident,window_4096,65536,,,128,4,2.73284480208531,2.8957960312254727,2.9502185323508456,95923485.95865004,45.73988244946005,0.0,0.0,0.0,0.0,device,0.0,328.82868771555934,0.0625,0.0625,,16.0,,,,,4,,135791104,14755098624,0,0,0,10,0.0,0.0,0.0,0.0,0.0,0.0,0.0,0.0,0.0,0.0,0.0,0.0,0.0,0.0,0.0,0.0,0.0,0,0,0,0,,,,,,,,,,,
cpu,none,,0,resident,window_65536,1024,,,128,4,0.21542971371673048,0.21169701358303428,0.24404599389526987,19013161.78410676,9.066182033589726,0.0,0.0,0.0,0.0,device,0.0,512.0468207326649,0.992236328125,0.992236328125,,1.0078256112469428,,,,,3998.6,,2654720,14755463168,0,0,0,10,0.0,0.0,0.0,0.0,0.0,0.0,0.0,0.0,0.0,0.0,0.0,0.0,0.0,0.0,0.0,0.0,0.0,0,0,0,0,,,,,,,,,,,
cpu,none,,0,resident,window_65536,8192,,,128,4,0.6991936010308564,0.6844550080131739,0.8315759594552219,46865417.46332988,22.347172481217328,0.0,0.0,0.0,0.0,device,0.0,400.6913529914244,0.9397430419921875,0.9397430419921875,,1.064121990200365,,,,,27194.3,,21234176,14755463168,0,0,0,10,0.0,0.0,0.0,0.0,0.0,0.0,0.0,0.0,0.0,0.0,0.0,0.0,0.0,0.0,0.0,0.0,0.0,0,0,0,0,,,,,,,,,,,
cpu,none,,0,resident,window_65536,65536,,,128,4,3.274184704059735,3.3414950303267688,4.003411254961974,80063900.99952571,38.17744302727018,0.0,0.0,0.0,0.0,device,0.0,341.3504921131076,0.63226318359375,0.63226318359375,,1.5816217681353113,,,,,60990.1,,169869824,14755463168,0,0,0,10,0.0,0.0,0.0,0.0,0.0,0.0,0.0,0.0,0.0,0.0,0.0,0.0,0.0,0.0,0.0,0.0,0.0,0,0,0,0,,,,,,,,,,,
tiledb,rank,256,0,cold,random,1024,,,128,4,1311.9236394937616,1315.8021604758687,1317.8596338897478,3122.132932661038,0.001488748995142478,66.94761657714844,5.103011681608378,66.94761657714844,66.94761657714844,device,3427.71796875,212.7167798102071,0.999951171875,0.999951171875,,1.00004884004884,,,,,4095.7,4064.2,2198528,6221688832,8360,535040,535040,10,0.1681635,0.0344304,0.0426615,0.0129407,0.007726,1307.5369962,0.0160927,0.0,0.0,0.1198132,0.1490497,1293.4645188,0.0,0.061196,0.059489,3.6041405,0.0155797,1014,1013.9,1013.6,1,0.9919919,0.6270254,1.4162839999999999,1206.903,7.263288,0.1623684,1293.391,1013.6,981.8,95.2,1753293123.2
tiledb,rank,256,0,cold,random,8192,,,128,4,1591.2311534048058,1593.8589040306397,1628.881286230171,20592.85976766186,0.009819440730887346,78.74728775024414,4.948827678602582,78.74728775024414,78.74728775024414,device,503.9826416015625,329.32942695892876,0.9997100830078125,0.9997100830078125,,1.0002900108088486,,,,,32742.2,30784.2,17297408,6318157824,66432,4251648,4251648,10,0.2528044,0.0927878,0.0376732,0.013538999999999999,0.008332,1584.6253446,0.044492,0.0,0.0,0.2642871,1.0113056,1495.4214573,0.0,0.1261342,0.0647849,5.5996168,0.0177978,8212.3,8203.5,8187.7,1,2.694311,1.74141,5.312149,1391.76,36.393660000000004,1.0909614,1495.163,8187.7,6451.9,97.7,2075953177.6
tiledb,rank,256,0,cold,random,65536,,,128,4,2154.1197195008863,2136.542053485755,2244.6284638979705,121694.25757856174,0.05802834395340049,80.018798828125,3.7146867049091177,80.018798828125,80.018798828125,device,64.0150390625,1407.5721049629215,0.998019027709961,0.998019027709961,,1.0019849078440277,,,,,260612.9,165765.4,137579520,6574837760,523488,33503232,33503232,10,0.2927346,0.086795,0.0386831,0.0136859,0.0168929,2151.6513315,0.09243950000000001,0.0,0.0,1.5506326000000001,7.5650104,2075.7019878,0.0,0.6357514,0.09282270000000001,0.874061,0.0302635,65585.3,65081.6,64078.7,1,14.13504,10.414577,31.513189999999998,1291.589,276.2998,21.378127000000003,2074.188,64078.7,16084.8,25,2147785059.2
tiledb,rank,256,0,cold,window_256,1024,,,128,4,2.1258500986732543,1.959990506293252,2.7532323263585567,1926758.618849146,0.9187501043554048,0.02814483642578125,1.3239332558465189,0.02814483642578125,0.02814483642578125,device,1.441015625,472.73127142275655,0.24599609375,0.24599609375,,4.065131819344153,,,,,19.9,8,3142144,6439759872,4024,257536,257536,10,0.1167392,0.0285415,0.0273967,0.11002529999999999,0.0059669,1.1514626,0.001423,0.0,0.0,0.0335424,0.003974,0.9223992,0.0,0.0143109,0.0194807,0.5306219,0.0109818,1126.4,277,5.6,0.9,0.2408545,0.1587065,0.27855589999999997,0.449692,0.06384709999999999,0.0281305,0.9020342,5.6,2.2,1.1,288428.8
tiledb,rank,256,0,cold,window_256,8192,,,128,4,2.1334979974199086,2.0007450075354427,2.817954632337204,15358814.510080228,7.323653464355577,0.030857086181640625,1.4463142791301822,0.030857086181640625,0.030857086181640625,device,0.1974853515625,423.5991367664392,0.03125,0.03125,,32.0,,,,,4,8,22633472,6440271872,6144,393216,393216,10,0.1659976,0.0682838,0.0221967,0.0083319,0.005395,0.9453687,0.001048,0.0,0.0,0.0196225,0.001715,0.7841942,0.0,0.0134298,0.0199777,0.7618855,0.0126559,11468.8,358.4,1.4,0.8,0.10206559999999999,0.0690592,0.131705,0.4754477,0.061838,0.0276249,0.7705986,1.4,2.8,1.4,367091.2
tiledb,rank,256,0,cold,window_256,65536,,,128,4,3.7748425093013793,3.7214995245449245,4.440876815351658,69445016.40904635,33.11396427585905,0.02826690673828125,0.7488234719363878,0.02826690673828125,0.02826690673828125,device,0.022613525390625,390.821812132511,0.00390625,0.00390625,,256.0,,,,,4,8,218703872,6442344448,8192,524288,524288,10,0.1813912,0.1607027,0.0262534,0.0099109,0.0067948,1.0471095000000001,0.001679,0.0,0.0,0.02218,0.0021458,0.8495752,0.0,0.0160936,0.0466214,2.1416499,0.0254265,111411.2,435.2,1.7,0.9,0.1169473,0.08028489999999999,0.1566088,0.4905327,0.07249989999999999,0.0278405,0.8338976,1.7,3.4,1.7,445753.6
tiledb,rank,256,0,cold,window_4096,1024,,,128,4,5.842288199346513,5.653265019645914,7.371807878371328,701095.1634426656,0.3343082253659561,0.09674453735351562,1.6559357233410184,0.09674453735351562,0.09674453735351562,device,4.9533203125,629.1466604490923,0.8845458984375,0.8845458984375,,1.1305450177748015,,,,,2826,67.6,4149760,6448709632,14624,935936,935936,10,0.10958129999999999,0.0317672,0.0287418,0.0084939,0.0067287,3.9039155,0.004486,0.0,0.0,0.057085,0.1113894,3.1046253999999998,0.0,0.0223784,0.020256800000000002,1.5886921,0.0107569,1228.8,1085.2,849.1,1,0.7541756,0.4747463,1.0343357,1.523268,0.2449945,0.0397292,3.056178,849.1,20.3,1.2,2661411.2
tiledb,rank,256,0,cold,window_4096,8192,,,128,4,5.564839602448046,5.579810997005552,6.511187410796992,5888399.72774506,2.8078077925420093,0.09754562377929688,1.7528919204856375,0.09754562377929688,0.09754562377929688,device,0.6242919921875,649.5280166583643,0.432269287109375,0.432269287109375,,2.3133808296961123,,,,,1921.1,68,27458560,6450941952,84968,5437952,5437952,10,0.1672114,0.0520282,0.0168008,0.0085169,0.0045859,2.8273525,0.010675,0.0,0.0,0.0314824,0.070285,2.1781532,0.0,0.0437124,0.0148728,2.3107291,0.0124809,9011.2,3891.1,526.3,0.6,0.4318665,0.2750549,0.6049253,1.156835,0.1762502,0.0430504,2.145879,526.3,18.7,1.2,2451644.8
tiledb,rank,256,0,cold,window_4096,65536,,,128,4,6.214599701343104,6.393214483978227,6.566736937384121,42181960.64073849,20.11392623936581,0.09720611572265625,1.5641573133286122,0.09720611572265625,0.09720611572265625,device,0.077764892578125,485.5295956307343,0.0625,0.0625,,16.0,,,,,4,68,144179712,6451126272,65536,4194304,4194304,10,0.18764630000000002,0.0835056,0.0283878,0.0083519,0.0076806999999999995,3.3675323,0.017230699999999998,0.0,0.0,0.024296599999999998,0.0038699999999999997,2.6207917,0.0,0.076368,0.0488392,2.2684099,0.0246654,111411.2,6963.2,1.7,1,0.12242009999999999,0.0821838,0.16771239999999998,1.82783,0.3373171,0.0727819,2.60419,1.7,28.9,1.7,3788905.6
tiledb,rank,256,0,cold,window_65536,1024,,,128,4,42.92232249281369,42.06981198512949,50.19751659419853,95428.2005752549,0.045503711974742365,1.2571487426757812,2.9288926359617666,1.2571487426757812,1.2571487426757812,device,64.366015625,681.7981814683866,0.992236328125,0.992236328125,,1.0078256112469428,,,,,3998.6,1009.4,4316672,6453272576,24432,1563648,1563648,10,0.1462449,0.039020200000000005,0.0281929,0.0095555,0.0057219,32.5123354,0.0061199,0.0,0.0,0.08528089999999999,0.2060699,25.5511986,0.0,0.0346414,0.0262046,9.9260916,0.012894,1740.8,1728.2,1699.9,0.8,0.8970578,0.579349,1.423339,18.19569,3.899992,0.0963706,25.45274,1699.9,429.4,1.8,57174454.4
tiledb,rank,256,0,cold,window_65536,8192,,,128,4,59.40202780184336,56.33499298710376,67.94626639748458,551631.0000276312,0.2630381584299236,1.257965087890625,2.1177140485624766,1.257965087890625,1.257965087890625,device,8.0509765625,731.2401079118054,0.9397430419921875,0.9397430419921875,,1.064121990200365,,,,,27194.3,1028,33853440,6532726784,184888,11832832,11832832,10,0.2454335,0.086921,0.0351393,0.3270351,0.0100029,56.1077874,0.0431434,0.0,0.0,0.5054176,1.7936769,42.8456869,0.0,0.1948741,0.0446914,2.0737578,0.0166469,18841.6,17677.8,15557.6,1,4.467099,3.0397440000000002,8.567032,20.99862,4.814397,0.3252272,42.114940000000004,15557.6,581.5,2.2,76236976
tiledb,rank,256,0,cold,window_65536,65536,,,128,4,74.49406970408745,74.66391150956042,92.05096376535947,3518991.5256518237,1.6779859188326949,1.2699089050292969,1.704711408671525,1.2699089050292969,1.2699089050292969,device,1.0159271240234375,789.3211827944162,0.63226318359375,0.63226318359375,,1.5816217681353113,,,,,60990.1,1027.9,239806976,6834130944,994464,63645696,63645696,10,0.26780919999999997,0.0890714,0.0371666,2.3119283,0.0202754,64.785751,0.1988991,0.0,0.0,0.8626321,3.454636,48.6374945,0.0,0.7471318,0.0876807,5.8072327,0.0302895,124518.4,78696.7,28989.5,1,6.926216,4.757949,13.890945,17.87643,3.721072,0.7767750999999999,47.37077,28989.5,488.2,2,64004972.8
tiledb,rank,256,0,warm,random,1024,,,128,4,225.61869659693912,225.69694099365734,229.82103658432607,18154.523812879648,0.008656751543464493,0.0,0.0,0.0,0.0,device,0.0,2061.7326906245,0.999951171875,0.999951171875,,1.00004884004884,,,,,4095.7,4064.2,2198528,6775513088,8576,548864,548864,10,0.1378779,0.0334754,0.0409035,0.0096438,0.0068759,218.03340450000002,0.007579799999999999,0.0,0.0,0.1012918,0.1349309,127.2299018,0.0,0.0593301,0.0444364,6.9014812,0.0154927,1016.6,1016.5,1015.9,1,1.0529253,0.6986701,1.530127,113.1502,8.248213999999999,0.193394,127.1638,1015.9,986.3,95.3,1750448166.4
tiledb,rank,256,0,warm,random,8192,,,128,4,305.80713470699266,305.70858798455447,328.5593822976807,107152.50326450515,0.05109429515099771,0.0,0.0,0.0,0.0,device,0.0,2075.586407518458,0.9997100830078125,0.9997100830078125,,1.0002900108088486,,,,,32742.2,30784.2,17297408,6802276352,66032,4226048,4226048,10,0.2233748,0.0921676,0.0366295,0.0099688,0.008165,298.3848321,0.0285254,0.0,0.0,0.245314,0.9375151,208.2553127,0.0,0.1250512,0.0661362,6.497099,0.017319,8192.1,8182.6,8166.6,1,2.810616,1.8709930000000001,5.535587,107.03771,38.02032,1.1655911,208.0447,8166.6,6447.2,96.7,2076162944
tiledb,rank,256,0,warm,random,65536,,,128,4,971.2785674899351,969.31668499019,1003.1456130935112,269895.79382715706,0.1286963433395181,0.0,0.0,0.0,0.0,device,0.0,2675.9813072750967,0.998019027709961,0.998019027709961,,1.0019849078440277,,,,,260612.9,165765.4,137579520,6928211968,522736,33455104,33455104,10,0.2723047,0.0842747,0.0385453,0.011343,0.0167457,968.8849115,0.0911027,0.0,0.0,1.2845625999999999,6.8581529,893.9449571,0.0,0.6300964,0.0833357,0.8725067,0.0298419,65530.2,65012,64008,1,13.29483,9.938316,30.168850000000003,109.75034000000001,265.158,6.143166,892.6584,64008,16088.4,25,2147876832
tiledb,rank,256,0,warm,window_256,1024,,,128,4,1.5427888080012053,1.4893875049892813,1.870462909573689,2654932.4047188708,1.2659704230875353,0.0,0.0,0.0,0.0,device,0.0,560.8249654863481,0.24599609375,0.24599609375,,4.065131819344153,,,,,19.9,8,3142144,6777499648,4024,257536,257536,10,0.1107082,0.0294086,0.0258686,0.0081058,0.0057459,0.7265091,0.001619,0.0,0.0,0.0240886,0.0029349,0.5031294,0.0,0.0125899,0.0176377,0.4950558,0.0107878,1024,252.1,4.8,0.9,0.21982569999999999,0.1427079,0.2541174,0.0779738,0.0577771,0.0273665,0.4873656,4.8,2,1,262208
tiledb,rank,256,0,warm,window_256,8192,,,128,4,1.6611549945082515,1.5631270071025938,2.0047647820319976,19726034.05963346,9.406106023613672,0.0,0.0,0.0,0.0,device,0.0,493.29687037576997,0.03125,0.03125,,32.0,,,,,4,8,22633472,6776745984,6144,393216,393216,10,0.1712447,0.0678938,0.0218999,0.008227,0.004925,0.6048937,0.0015938,0.0,0.0,0.0190087,0.0017278999999999999,0.4113499,0.0,0.0124909,0.0193497,0.6183827,0.0125538,11468.8,358.4,1.4,0.8,0.1167543,0.0781478,0.1484817,0.0817917,0.0610281,0.0269646,0.397675,1.4,2.8,1.4,367091.2
tiledb,rank,256,0,warm,window_256,65536,,,128,4,3.2622029015328735,3.3397399820387363,3.717822954058647,80357969.11247347,38.317665630566346,0.0,0.0,0.0,0.0,device,0.0,418.0953058925651,0.00390625,0.00390625,,256.0,,,,,4,8,218703872,6778687488,8192,524288,524288,10,0.1815072,0.07391980000000001,0.0252706,0.0082928,0.006154,0.6958106000000001,0.0032199999999999998,0.0,0.0,0.0221817,0.0019899,0.4561371,0.0,0.0156267,0.0454773,2.0768186,0.0254837,111411.2,435.2,1.7,0.9,0.11947300000000001,0.0809488,0.1542178,0.0954655,0.0755308,0.0325664,0.44084429999999997,1.7,3.4,1.7,445753.6
tiledb,rank,256,0,warm,window_4096,1024,,,128,4,4.796436819015071,4.68643952626735,5.993540401686914,853967.2583117852,0.4072033206519056,0.0,0.0,0.0,0.0,device,0.0,684.9932760450017,0.8845458984375,0.8845458984375,,1.1305450177748015,,,,,2826,67.6,4149760,6778806272,14656,937984,937984,10,0.1123501,0.0314045,0.028279600000000002,0.0082669,0.0065089,2.9117732,0.0051529,0.0,0.0,0.049004,0.1024427,2.0860307,0.0,0.0211746,0.0203027,1.5356368,0.010775,1126.4,995.7,781.9,1,0.7728485,0.4771055,1.0366507,0.5075535,0.2416383,0.0407996,2.039335,781.9,18.5,1.1,2425424
tiledb,rank,256,0,warm,window_4096,8192,,,128,4,4.476004699245095,4.574566497467458,5.344607125152833,7320814.476697604,3.4908363708007832,0.0,0.0,0.0,0.0,device,0.0,686.8218682876909,0.432269287109375,0.432269287109375,,2.3133808296961123,,,,,1921.1,68,27458560,6778609664,84968,5437952,5437952,10,0.18453,0.0524671,0.0164639,0.0085008,0.0044869,2.1253159999999998,0.0130398,0.0,0.0,0.0292876,0.0705679,1.466273,0.0,0.0433193,0.0147759,1.9082223,0.0124219,9011.2,3886,532.6,0.6,0.4706114,0.2881129,0.6502185,0.3776494,0.19104300000000002,0.0495623,1.439926,532.6,18.7,1.2,2451644.8
tiledb,rank,256,0,warm,window_4096,65536,,,128,4,5.155170802026987,5.411198508227244,5.612986005144194,50850691.48376739,24.247499219783492,0.0,0.0,0.0,0.0,device,0.0,513.4494145100381,0.0625,0.0625,,16.0,,,,,4,68,144179712,6778830848,65536,4194304,4194304,10,0.1905383,0.0823776,0.0281789,0.0083189,0.007345,2.2944072,0.0170064,0.0,0.0,0.0238826,0.003687,1.5435718,0.0,0.0756669,0.0479002,2.2836827,0.0246325,111411.2,6963.2,1.7,1,0.1359611,0.0927036,0.1844713,0.6817657,0.3737615,0.0791338,1.527143,1.7,28.9,1.7,3788905.6
tiledb,rank,256,0,warm,window_65536,1024,,,128,4,28.430267598014325,26.405328506371006,36.21872741205152,144071.80607354114,0.06869879058529908,0.0,0.0,0.0,0.0,device,0.0,761.0557025327194,0.992236328125,0.992236328125,,1.0078256112469428,,,,,3998.6,1009.4,4316672,6780612608,24432,1563648,1563648,10,0.137822,0.0268936,0.0215346,0.0519024,0.004162,13.7357684,0.0054788,0.0,0.0,0.0599832,0.1291191,9.839856,0.0,0.0217925,0.0178369,14.246696700000001,0.0130859,1024,1016.4,1000.8,0.6,0.6480892,0.41107489999999997,0.980981,5.626118,2.036265,0.0648251,9.77896,1000.8,251.9,1.1,33588844.8
tiledb,rank,256,0,warm,window_65536,8192,,,128,4,47.77795950649306,41.56702503678389,63.24153009918518,685839.2517902906,0.32703363980783967,0.0,0.0,0.0,0.0,device,0.0,793.633504479129,0.9397430419921875,0.9397430419921875,,1.064121990200365,,,,,27194.3,1028,33853440,6808276992,184888,11832832,11832832,10,0.23824109999999998,0.0882018,0.0354822,0.009403,0.009354,41.9904164,0.0465663,0.0,0.0,0.5223936,1.7181217,30.253549200000002,0.0,0.1878692,0.0435654,4.9030254,0.0165709,18022.4,16944.9,14970.5,1,4.255024,2.878582,8.280227,10.007454,3.8695709999999996,0.3168342,29.416919999999998,14970.5,565.4,2.2,74126201.6
tiledb,rank,256,0,warm,window_65536,65536,,,128,4,64.84244900057092,62.91640398558229,85.97503904020411,4042783.76342158,1.927749520979681,0.0,0.0,0.0,0.0,device,0.0,850.8357373965664,0.63226318359375,0.63226318359375,,1.5816217681353113,,,,,60990.1,1027.9,239806976,6840270848,994464,63645696,63645696,10,0.2568151,0.0894124,0.0382417,0.010561899999999999,0.0185772,57.1290203,0.1655207,0.0,0.0,0.9212553,3.4029378,41.9616928,0.0,0.7461287,0.0883768,6.1290689,0.0305293,124518.4,78696.7,28989.5,1,6.853797,4.70202,13.947244,8.993448,3.997344,0.8624552,40.699709999999996,28989.5,488.2,2,64004972.8
tiledb,rank,4096,0,cold,random,1024,,,128,4,1340.0253204046749,1340.8611280028708,1347.7142321091378,3056.6586598252093,0.0014575284289480254,68.75801467895508,5.131098168965256,68.75801467895508,68.75801467895508,device,3520.4103515625,342.78371198335566,0.999951171875,0.999951171875,,1.00004884004884,,,,,4095.7,3622,2198528,6772576256,8432,539648,539648,10,0.1740853,0.0351684,0.0429863,0.013271999999999999,0.0071887,1333.3097546,0.0118329,0.0,0.0,0.1228262,0.1470838,1244.713483,0.0,0.061774,0.067882,5.9197027,0.0160819,1022.6,1022.5,1022.4,1,0.889351,0.5808041,1.304098,1234.895,59.37226,0.2292274,1244.645,1022.4,650.1,92.7,1805775629.6
tiledb,rank,4096,0,cold,random,8192,,,128,4,1619.2502802063245,1622.6141715305857,1631.526035105344,20236.525755502546,0.009649527433158181,80.00175857543945,4.9406666500774445,80.00175857543945,80.00175857543945,device,512.0112548828125,701.6335748697452,0.9997100830078125,0.9997100830078125,,1.0002900108088486,,,,,32742.2,14162.5,17297408,6787727360,66432,4251648,4251648,10,0.2466173,0.0924114,0.0375397,0.013157499999999999,0.008190900000000001,1617.7516898,0.0292375,0.0,0.0,0.2827977,1.0207127,1523.2089013,0.0,0.1236741,0.071379,0.5138904,0.0173978,8181.9,8171.6,8155.4,1,2.755811,1.865303,4.98385,1459.04,105.01689999999999,0.48148009999999997,1523.001,8155.4,1023.8,24.4,2147465547.2
tiledb,rank,4096,0,cold,random,65536,,,128,4,1651.3226169976406,1644.7536835330538,1682.3417491250439,158747.90141045742,0.07569689817927237,80.0152587890625,4.845525517875035,80.0152587890625,80.0152587890625,device,64.01220703125,713.4407028906353,0.998019027709961,0.998019027709961,,1.0019849078440277,,,,,260612.9,16384,137579520,6914670592,522904,33465856,33465856,10,0.3011875,0.0854368,0.0389204,0.0138037,0.016714800000000002,1648.854562,0.0547802,0.0,0.0,1.3376247,7.8909635,1553.8993607,0.0,0.6330925,0.0836997,0.8744239,0.0302604,65420.3,64912.8,63912,1,14.91876,11.189667,31.61325,1394.484,81.65562,2.087834,1552.533,63912,1024,24,2147885056
tiledb,rank,4096,0,cold,window_256,1024,,,128,4,3.965468402020633,3.8088329893071204,4.686467137071303,1032917.0692453011,0.49253323995842985,0.10158157348632812,2.561653837275982,0.10158157348632812,0.10158157348632812,device,5.2009765625,462.25854405142786,0.24599609375,0.24599609375,,4.065131819344153,,,,,19.9,4.3,3142144,6783332352,6040,386560,386560,10,0.1190724,0.0403573,0.0281988,0.0087657,0.0057138,2.8988876,0.0043519,0.0,0.0,0.0410615,0.004858,2.4350424,0.0,0.0158069,0.0205824,0.6987596,0.0116058,1638.4,402.1,8.8,0.9,0.2624121,0.17351840000000002,0.2999055,1.772921,0.2328954,0.0226895,2.412171,8.8,1.8,1.6,3775579.2
tiledb,rank,4096,0,cold,window_256,8192,,,128,4,4.031993402168155,3.952615486923605,4.738229190115817,8126997.425734728,3.87525435721146,0.09914779663085938,2.4590267577705824,0.09914779663085938,0.09914779663085938,device,0.6345458984375,454.12627883155363,0.03125,0.03125,,32.0,,,,,4,4.1,22633472,6782619648,6144,393216,393216,10,0.1745605,0.0684999,0.0230348,0.0084087,0.0053599,2.3385917000000003,0.0015400000000000001,0.0,0.0,0.0246475,0.002124,1.9264301,0.0,0.0187648,0.0225788,1.2257998,0.0131977,11468.8,358.4,1.4,0.8,0.1027955,0.0643832,0.133953,1.4816719999999999,0.2020191,0.0218346,1.910764,1.4,1.4,1.4,2936561.6
tiledb,rank,4096,0,cold,window_256,65536,,,128,4,5.726388801122084,5.662109499098733,7.143461547093464,45778239.84788336,21.828765796605758,0.10404205322265625,1.8168876902362836,0.10404205322265625,0.10404205322265625,device,0.083233642578125,424.75539549871087,0.00390625,0.00390625,,256.0,,,,,4,4.4,218703872,6784741376,8192,524288,524288,10,0.1863383,0.0748909,0.0256486,0.0083119,0.0060599,2.6966733,0.002636,0.0,0.0,0.0223147,0.0021059,2.1832362,0.0,0.016021,0.0456442,2.5309942,0.0252313,111411.2,435.2,1.7,0.9,0.1055456,0.071122,0.1412429,1.685163,0.2457834,0.0248725,2.16698,1.7,1.8,1.7,3775579.2
tiledb,rank,4096,0,cold,window_4096,1024,,,128,4,7.282408606261015,7.237681013066322,8.42726003320422,562451.2742224439,0.26819766722795674,0.17399215698242188,2.3892116796746747,0.17399215698242188,0.17399215698242188,device,8.9083984375,532.5432243208296,0.8845458984375,0.8845458984375,,1.1305450177748015,,,,,2826,8,4149760,6785167360,21720,1390080,1390080,10,0.1166663,0.0367933,0.0286156,0.0086569,0.0067699,5.5907658,0.0059528,0.0,0.0,0.0640003,0.1238881,4.4320892,0.0,0.0247518,0.0207846,1.3234731,0.0108848,1433.6,1266.7,990.5,1,0.7703422,0.4781892,1.0624246,2.759864,0.361453,0.0667861,4.378637,990.5,2.8,1.4,5873123.2
tiledb,rank,4096,0,cold,window_4096,8192,,,128,4,7.075312896631658,7.148492499254644,8.177558504394254,4631314.611626554,2.2083828981526157,0.17404556274414062,2.4598991632864524,0.17404556274414062,0.17404556274414062,device,1.1138916015625,517.4152950525809,0.432269287109375,0.432269287109375,,2.3133808296961123,,,,,1921.1,8,27458560,6786043904,84968,5437952,5437952,10,0.1830232,0.0524331,0.0161429,0.008476899999999999,0.0045409,3.7184981,0.0109699,0.0,0.0,0.0289236,0.0665,2.9248391000000002,0.0,0.0439653,0.015301799999999999,2.9097882,0.0129039,9011.2,3889.6,529.3,0.6,0.4474399,0.2883444,0.6098328,1.8363340000000001,0.27158899999999997,0.09227350000000001,2.891469,529.3,2.2,1.2,4614596.8
tiledb,rank,4096,0,cold,window_4096,65536,,,128,4,7.762219186406583,7.841206475859508,8.22212932689581,33771785.32385094,16.103642141271084,0.17416763305664062,2.2437865882690855,0.17416763305664062,0.17416763305664062,device,0.1393341064453125,411.9328111217955,0.0625,0.0625,,16.0,,,,,4,8,144179712,6790344704,65536,4194304,4194304,10,0.1956531,0.082502,0.0280494,0.0083809,0.0074278,4.8509861,0.0165479,0.0,0.0,0.0251944,0.003934,3.9824483,0.0,0.07759,0.0491223,2.321366,0.0250328,111411.2,6963.2,1.7,1,0.11132550000000001,0.0734276,0.1553758,3.183231,0.45696010000000004,0.0852208,3.965448,1.7,3.4,1.7,7131649.6
tiledb,rank,4096,0,cold,window_65536,1024,,,128,4,41.39439869904891,40.068096976028755,45.93984245730098,98950.58579735116,0.04718331613414343,1.3318023681640625,3.217349230862635,1.3318023681640625,1.3318023681640625,device,68.18828125,579.6096861904957,0.992236328125,0.992236328125,,1.0078256112469428,,,,,3998.6,67.9,4316672,6791458816,24432,1563648,1563648,10,0.1408301,0.0431206,0.0344183,0.0098199,0.006309,36.2959603,0.0061389,0.0,0.0,0.1120253,0.2287966,28.2018929,0.0,0.0445542,0.0337154,4.5398217,0.014583,1945.6,1931.2,1899.3,0.9,0.9031808,0.579292,1.4068965,23.22832,3.095049,0.0605779,28.09081,1899.3,31.7,1.9,66492144.8
tiledb,rank,4096,0,cold,window_65536,8192,,,128,4,54.95649860822596,52.219475008314475,62.495850372943096,596253.4155168183,0.2843157842239467,1.3319473266601562,2.4236393518359787,1.3319473266601562,1.3319473266601562,device,8.524462890625,632.1476547779916,0.9397430419921875,0.9397430419921875,,1.064121990200365,,,,,27194.3,68,33853440,6818279424,184888,11832832,11832832,10,0.2260034,0.0886378,0.0358614,0.0103667,0.0101789,50.6646892,0.031431600000000004,0.0,0.0,0.4322925,1.6835707,37.3463354,0.0,0.1923462,0.0471464,3.3737743,0.0173457,18022.4,16912.1,14881.8,1,3.912254,2.585185,7.638032,24.05041,3.773132,0.2801366,36.60136,14881.8,36.7,2.1,76979864.8
tiledb,rank,4096,0,cold,window_65536,65536,,,128,4,66.17352090543136,64.80145553359762,78.63841041398699,3961463.685370924,1.8889730860571499,1.3460960388183594,2.034191350860817,1.3460960388183594,1.3460960388183594,device,1.0768768310546875,678.5751271142416,0.63226318359375,0.63226318359375,,1.5816217681353113,,,,,60990.1,68,239806976,6847647744,994464,63645696,63645696,10,0.2334072,0.0891188,0.037832199999999996,0.01104,0.0183988,59.5071561,0.1317259,0.0,0.0,0.8549781000000001,3.7390339,41.8330468,0.0,0.7493177,0.0893607,5.0814376,0.0316065,124518.4,78696.7,28989.5,1,6.418271,4.281926,12.988708,21.996769999999998,3.405221,0.9212017,40.683260000000004,28989.5,32.3,2,67750671.2
tiledb,rank,4096,0,warm,random,1024,,,128,4,280.7262359012384,280.66190448589623,286.60109234333504,14590.727463894766,0.006957401019999869,0.0,0.0,0.0,0.0,device,0.0,2564.268214222953,0.999951171875,0.999951171875,,1.00004884004884,,,,,4095.7,3622,2198528,6792450048,8504,544256,544256,10,0.132864,0.033765500000000004,0.0418305,0.0102437,0.0068208,276.5840323,0.0067739,0.0,0.0,0.0997655,0.144057,183.9600627,0.0,0.058224,0.0448153,3.4590459,0.0158038,1034.3,1034.3,1034.2,1,1.0873017,0.7297746,1.533102,129.2247,88.97365,0.2718583,183.894,1034.2,651.1,92.7,1809341454.4
tiledb,rank,4096,0,warm,random,8192,,,128,4,315.7780249021016,316.8641355296131,319.23894180508796,103769.09542758344,0.04948096057299778,0.0,0.0,0.0,0.0,device,0.0,2243.787115996001,0.9997100830078125,0.9997100830078125,,1.0002900108088486,,,,,32742.2,14162.5,17297408,6803103744,66432,4251648,4251648,10,0.2159149,0.0922475,0.0365155,0.0106359,0.0083488,314.3637772,0.0129978,0.0,0.0,0.238016,0.9378313,225.27350810000002,0.0,0.1231561,0.0559442,0.5100965,0.0179776,8209.5,8200.1,8184.8,1,2.880958,2.039145,5.236347,149.1519,114.2858,0.6583876,225.0585,8184.8,1023.8,24.2,2147465547.2
tiledb,rank,4096,0,warm,random,65536,,,128,4,382.9369117913302,378.5756024881266,412.96154640149325,684561.847991419,0.3264245262105079,0.0,0.0,0.0,0.0,device,0.0,1899.4168884308312,0.998019027709961,0.998019027709961,,1.0019849078440277,,,,,260612.9,16384,137579520,6918701056,523208,33485312,33485312,10,0.2833638,0.0845796,0.0379195,0.0117188,0.016842700000000002,380.5390582,0.0539893,0.0,0.0,1.2596991,6.8363512,288.4962799,0.0,0.6331343,0.0770709,0.873713,0.0296596,65592.9,65078.9,64068.8,1,14.209389999999999,11.128418,30.65765,130.4501,88.43583,2.472725,287.25419999999997,64068.8,1024,24,2147885056
tiledb,rank,4096,0,warm,window_256,1024,,,128,4,2.659813209902495,2.386734529864043,3.3934639737708494,1539957.762729569,0.73430908333281,0.0,0.0,0.0,0.0,device,0.0,612.8106229157918,0.24599609375,0.24599609375,,4.065131819344153,,,,,19.9,4.3,3142144,6791770112,6040,386560,386560,10,0.1241203,0.0338203,0.0258768,0.008758,0.0057868,1.3847582999999999,0.002212,0.0,0.0,0.0276445,0.003479,1.0071958,0.0,0.0132455,0.017755899999999998,0.928784,0.0116579,1228.8,302.3,5.8,0.9,0.21621669999999998,0.13951070000000002,0.2496073,0.4521982,0.1999958,0.0246787,0.9902024,5.8,1.2,1.2,2517052.8
tiledb,rank,4096,0,warm,window_256,8192,,,128,4,2.7224612014833838,2.5475519942119718,3.2590539805823937,12036167.855081184,5.739292075672714,0.0,0.0,0.0,0.0,device,0.0,589.0746759315344,0.03125,0.03125,,32.0,,,,,4,4.1,22633472,6792122368,6144,393216,393216,10,0.1661064,0.0682289,0.0218818,0.0080138,0.0050889,1.3401628,0.0016558999999999999,0.0,0.0,0.0200008,0.0017809,0.9510589,0.0,0.0129529,0.0197688,0.9643133,0.0125827,11468.8,358.4,1.4,0.8,0.1105762,0.0725292,0.1458368,0.5015293000000001,0.2026719,0.0225497,0.9369765,1.4,1.4,1.4,2936561.6
tiledb,rank,4096,0,warm,window_256,65536,,,128,4,4.431297292467207,4.563911003060639,5.520454933866857,59157394.031228825,28.208443656553662,0.0,0.0,0.0,0.0,device,0.0,497.70241634410075,0.00390625,0.00390625,,256.0,,,,,4,4.4,218703872,6794240000,8192,524288,524288,10,0.1855313,0.0741978,0.0256028,0.008250799999999999,0.0058329,1.5978918,0.0031199,0.0,0.0,0.0226036,0.002079,1.1015574,0.0,0.0153828,0.0458003,2.3420358,0.0251698,111411.2,435.2,1.7,0.9,0.1116951,0.0733636,0.1466978,0.5791580000000001,0.259137,0.0295706,1.0859002,1.7,1.8,1.7,3775579.2
tiledb,rank,4096,0,warm,window_4096,1024,,,128,4,5.513853312004358,5.423908994998783,7.066321259480901,742856.1784700527,0.35422142909529336,0.0,0.0,0.0,0.0,device,0.0,643.8718205054045,0.8845458984375,0.8845458984375,,1.1305450177748015,,,,,2826,8,4149760,6794866688,14648,937472,937472,10,0.1066445,0.0315962,0.0277659,0.0085268,0.0062198,3.6541601,0.0068487,0.0,0.0,0.0527621,0.1154204,2.6217157,0.0,0.0230785,0.0203778,1.5153329999999998,0.010557,1331.2,1176.4,921.8,1,0.7848202,0.4918372,1.0740389000000001,0.9956423,0.3128312,0.0673749,2.575848,921.8,2.6,1.3,5453614.4
tiledb,rank,4096,0,warm,window_4096,8192,,,128,4,5.195888789603487,5.246565968263894,6.452725816052405,6306524.509447905,3.007185225223496,0.0,0.0,0.0,0.0,device,0.0,648.0424767245562,0.432269287109375,0.432269287109375,,2.3133808296961123,,,,,1921.1,8,27458560,6794649600,84968,5437952,5437952,10,0.1645733,0.0510634,0.0166115,0.0085459,0.0044740000000000005,2.6118668,0.0117829,0.0,0.0,0.0283216,0.0684689,1.8536731,0.0,0.0429432,0.015002,2.1617274,0.0126076,9011.2,3886,532.6,0.6,0.4673914,0.2946776,0.6425338,0.7496542,0.2629801,0.0851406,1.8236189999999999,532.6,2.2,1.2,4614596.8
tiledb,rank,4096,0,warm,window_4096,65536,,,128,4,5.6407960946671665,5.939255468547344,6.085651970352046,46472872.906686366,22.159992650359328,0.0,0.0,0.0,0.0,device,0.0,505.8975616399017,0.0625,0.0625,,16.0,,,,,4,8,144179712,6794928128,65536,4194304,4194304,10,0.2186137,0.0825675,0.0285648,0.0081899,0.0075098000000000005,2.7313669000000003,0.0165957,0.0,0.0,0.0247056,0.003745,1.9414488,0.0,0.0798678,0.0492673,2.2982274,0.0245857,111411.2,6963.2,1.7,1,0.1081335,0.0723631,0.1471917,1.1713884,0.4189597,0.0909999,1.924002,1.7,3.4,1.7,7131649.6
tiledb,rank,4096,0,warm,window_65536,1024,,,128,4,24.64057370671071,23.755042464472353,29.977583955042064,166229.89581141446,0.07926459112711642,0.0,0.0,0.0,0.0,device,0.0,681.5798243945155,0.992236328125,0.992236328125,,1.0078256112469428,,,,,3998.6,67.9,4316672,6796058624,24432,1563648,1563648,10,0.137899,0.0336854,0.029362700000000002,0.0089677,0.0054739,16.8155933,0.005395,0.0,0.0,0.082293,0.18312,11.7552075,0.0,0.0334995,0.0273954,7.3474694,0.0136238,1536,1524.8,1499.6,0.8,0.7898592,0.5086694,1.2037566,7.793187,2.364284,0.0486831,11.661286,1499.6,24.9,1.5,52228845.6
tiledb,rank,4096,0,warm,window_65536,8192,,,128,4,39.95632530422881,35.014148481423035,49.52927727426868,820095.4354661831,0.39105197690304905,0.0,0.0,0.0,0.0,device,0.0,713.2380814054452,0.9397430419921875,0.9397430419921875,,1.064121990200365,,,,,27194.3,68,33853440,6821822464,184888,11832832,11832832,10,0.2362843,0.0896839,0.0365773,0.009785,0.0091268,33.2114246,0.0231759,0.0,0.0,0.4108828,1.5602028000000001,22.4274787,0.0,0.1767395,0.0450721,5.8485700000000005,0.0173338,16384,15372.6,13513.6,1,3.501055,2.334786,6.918257,10.816862,3.041394,0.2553751,21.7893,13513.6,33.3,1.9,69848215.2
tiledb,rank,4096,0,warm,window_65536,65536,,,128,4,52.6955634879414,51.53624547529034,66.72586801578288,4974688.240310549,2.3721162034561867,0.0,0.0,0.0,0.0,device,0.0,732.6648790620659,0.63226318359375,0.63226318359375,,1.5816217681353113,,,,,60990.1,68,239806976,6851047424,994464,63645696,63645696,10,0.253942,0.0900517,0.0374494,0.010006899999999999,0.0183807,46.6434116,0.1267781,0.0,0.0,0.8332357,3.7605394,30.3922279,0.0,0.7483456,0.0880509,4.461341,0.030340600000000002,124518.4,78704.7,28985.5,1,6.5502899999999995,4.5229289999999995,13.302949,10.560787999999999,3.2074089999999997,0.8467163,29.17337,28985.5,32.3,2,67750671.2
tiledb,rank,65536,0,cold,random,1024,,,128,4,1571.1175439937506,1570.5018654989544,1582.3007544357097,2607.0614612246304,0.0012431437784312393,80.0152587890625,5.092888122531256,80.0152587890625,80.0152587890625,device,4096.78125,708.4542472173091,0.999951171875,0.999951171875,,1.00004884004884,,,,,4095.7,1008.4,2198528,6788567040,8432,539648,539648,10,0.17885220000000002,0.034368499999999996,0.0433594,0.0137048,0.0072998,1563.5446717,0.0292705,0.0,0.0,0.1336167,0.1507349,1486.1297569,0.0,0.060805,0.0587803,6.778738,0.0155338,1019,1018.9,1018.7,1,0.6434384,0.40027029999999997,0.9315257,1429.061,102.58691,0.1558449,1486.057,1018.7,64,24,2147877376
tiledb,rank,65536,0,cold,random,8192,,,128,4,1581.2768600997515,1579.529394482961,1596.1909607925918,20722.493844583863,0.00988125507573312,80.0152587890625,5.060167565091347,80.0152587890625,80.0152587890625,device,512.09765625,674.209202727944,0.9997100830078125,0.9997100830078125,,1.0002900108088486,,,,,32742.2,1024,17297408,6803025920,66104,4230656,4230656,10,0.2511822,0.0923795,0.0380235,0.0132987,0.0086879,1576.3498331,0.008365899999999999,0.0,0.0,0.2691109,1.0507952,1505.4794677,0.0,0.1243761,0.071334,3.9342686000000002,0.017598,8163.6,8155,8138.9,1,2.444711,1.434212,4.285,1402.745,95.37798000000001,0.46423380000000003,1505.247,8138.9,64,24,2147877376
tiledb,rank,65536,0,cold,random,65536,,,128,4,1625.177337002242,1624.4741935224738,1642.5880544440588,161301.78167728064,0.0769146831880954,80.0152587890625,4.923478623979367,80.0152587890625,80.0152587890625,device,64.01220703125,671.7294545552071,0.998019027709961,0.998019027709961,,1.0019849078440277,,,,,260612.9,1024,137579520,6918070272,521816,33396224,33396224,10,0.3269061,0.0856638,0.0391374,0.0134848,0.0167567,1622.6745006,0.0547864,0.0,0.0,1.3206981,8.1277199,1542.8750365,0.0,0.6310494,0.0950246,0.8784727999999999,0.0301577,65491.4,64976.9,63984.4,1,13.1218,9.552150000000001,28.70926,1400.507,102.16763999999999,1.988266,1541.643,63984.4,64,24,2147877376
tiledb,rank,65536,0,cold,window_256,1024,,,128,4,33.848208910785615,33.86045599472709,38.720312746590935,121010.83430428791,0.05770246234144588,1.2661552429199219,3.740686091418166,1.2661552429199219,1.2661552429199219,device,64.8271484375,461.7810077099651,0.24599609375,0.24599609375,,4.065131819344153,,,,,19.9,4,3142144,6787563520,4048,259072,259072,10,0.1673914,0.0270295,0.0323717,0.0096679,0.005095,23.2219746,0.0026197,0.0,0.0,0.061250399999999997,0.0057777,19.4734401,0.0,0.0266458,0.0276274,10.0797964,0.018047,1024,252.3,4.6,0.8,0.2204798,0.144254,0.25808929999999997,17.29377,1.767161,0.0290445,19.44574,4.6,1,1,33560584
tiledb,rank,65536,0,cold,window_256,8192,,,128,4,33.47900551161729,33.042023016605526,39.49011446966323,978762.645402637,0.46671039838916634,1.2652816772460938,3.7793287402370366,1.2652816772460938,1.2652816772460938,device,8.097802734375,453.97990614524036,0.03125,0.03125,,32.0,,,,,4,4,22633472,6788067328,6144,393216,393216,10,0.2114108,0.0784818,0.031131600000000002,0.0089878,0.0065078,26.8535144,0.0025999,0.0,0.0,0.0524082,0.004387,22.250229400000002,0.0,0.0205774,0.0276628,6.061852,0.0157796,13107.2,409.6,1.6,0.9,0.133629,0.0942466,0.1721892,19.39038,2.529535,0.0280087,22.225459999999998,1.6,1.6,1.6,53696934.4
tiledb,rank,65536,0,cold,window_256,65536,,,128,4,35.71200200822204,33.82834649528377,44.9361565930303,7340501.3793302905,3.500223817505975,1.2677192687988281,3.549840942848734,1.2677192687988281,1.2677192687988281,device,1.0141754150390625,457.62870690468026,0.00390625,0.00390625,,256.0,,,,,4,4,218703872,6790189056,8192,524288,524288,10,0.2226227,0.0755738,0.0315926,0.0088588,0.006337,28.3745193,0.0047878,0.0,0.0,0.0490564,0.0042659,23.6760131,0.0,0.0189209,0.0503391,6.7633374,0.0264066,111411.2,435.2,1.7,0.9,0.1350111,0.090089,0.1774262,20.586570000000002,2.758159,0.025573600000000002,23.65109,1.7,1.7,1.6,57052992.8
tiledb,rank,65536,0,cold,window_4096,1024,,,128,4,36.90152119961567,34.40309298457578,46.25970959896222,110998.13413769673,0.052928034848068586,1.3299598693847656,3.6040787104424767,1.3299598693847656,1.3299598693847656,device,68.0939453125,451.06870635385513,0.8845458984375,0.8845458984375,,1.1305450177748015,,,,,2826,4.2,4149760,6790692864,21824,1396736,1396736,10,0.1499876,0.0352513,0.0352607,0.0095119,0.0060558,31.9158859,0.0058788,0.0,0.0,0.0920027,0.13716989999999998,26.5179512,0.0,0.0369805,0.0300086,4.4805329,0.0138336,1536,1357,1062.8,0.9,0.8146886999999999,0.504429,1.1190156,22.20275,2.882679,0.0864429,26.45975,1062.8,1.7,1.5,57052992.8
tiledb,rank,65536,0,cold,window_4096,8192,,,128,4,37.03693840652704,34.36054402845912,49.0825749351643,884738.3560792723,0.4218761234661447,1.360870361328125,3.674359760493319,1.360870361328125,1.360870361328125,device,8.7095703125,430.0586124363074,0.432269287109375,0.432269287109375,,2.3133808296961123,,,,,1921.1,4.3,27458560,6790635520,84968,5437952,5437952,10,0.228524,0.0522671,0.0193898,0.0096459,0.0042839,19.7145866,0.0129398,0.0,0.0,0.0442612,0.0697,16.044507799999998,0.0,0.0474752,0.0188447,16.7825877,0.0148147,9011.2,3888,529.2,0.6,0.4501645,0.2755735,0.6052197,13.30692,1.906607,0.1034543,16.01382,529.2,1.2,1.2,40272700.8
tiledb,rank,65536,0,cold,window_4096,65536,,,128,4,39.16653111227788,35.81118653528392,52.49152722535655,6693061.462311207,3.1915004073673283,1.3293228149414062,3.3940274443265457,1.3293228149414062,1.3293228149414062,device,1.063458251953125,429.7486755145287,0.0625,0.0625,,16.0,,,,,4,4.2,144179712,6790877184,65536,4194304,4194304,10,0.2377674,0.0837697,0.0358256,0.009174700000000001,0.0077029,33.8899293,0.0176686,0.0,0.0,0.061188099999999995,0.0071559,28.1000625,0.0,0.0830046,0.0555974,4.5459469,0.0276133,111411.2,6963.2,1.7,1,0.13425,0.0926355,0.1784944,24.54538,3.070807,0.1565627,28.07016,1.7,1.9,1.7,63765109.6
tiledb,rank,65536,0,cold,window_65536,1024,,,128,4,66.18906570365652,64.3942765018437,74.0540491649881,61883.333092186585,0.029508272691815655,2.485809326171875,3.7556193001747564,2.485809326171875,2.485809326171875,device,127.2734375,466.1381717961847,0.992236328125,0.992236328125,,1.0078256112469428,,,,,3998.6,8,4316672,6792998912,16296,1042944,1042944,10,0.1939512,0.0276186,0.0325715,0.0096538,0.0054329,46.7223474,0.005459,0.0,0.0,0.0903566,0.1519038,38.8930022,0.0,0.0420615,0.0321836,18.8332518,0.019811699999999998,1228.8,1219.5,1201.1,0.8,0.7392376,0.4734335,1.102187,33.64241,3.824028,0.0882567,38.819919999999996,1201.1,2.4,1.2,80545401.6
tiledb,rank,65536,0,cold,window_65536,8192,,,128,4,80.33961399341933,79.77084547746927,91.8268617533613,407868.5267604602,0.1944868692209531,2.4534339904785156,3.0538284521499914,2.4534339904785156,2.4534339904785156,device,15.7019775390625,512.2160584860505,0.9397430419921875,0.9397430419921875,,1.064121990200365,,,,,27194.3,8,33853440,6818156544,184888,11832832,11832832,10,0.2490054,0.0804919,0.0329733,0.010362,0.0081958,65.3622162,0.0228647,0.0,0.0,0.3642695,1.397971,51.3102624,0.0,0.1659416,0.0446142,14.0140694,0.0184556,14745.6,13863.8,12236.8,0.9,2.758118,1.708496,5.36376,38.85295,5.527402,0.5933881,50.81099,12236.8,3.6,1.8,120818102.4
tiledb,rank,65536,0,cold,window_65536,65536,,,128,4,88.41276071034372,87.19657402252778,101.28581015451344,2965001.860521372,1.4138230612379894,2.5168418884277344,2.8466952826791214,2.5168418884277344,2.5168418884277344,device,2.0134735107421875,541.6712483042859,0.63226318359375,0.63226318359375,,1.5816217681353113,,,,,60990.1,8,239806976,6848823296,994464,63645696,63645696,10,0.264318,0.0891397,0.0384104,0.0110128,0.0189577,80.8562652,0.1115102,0.0,0.0,0.7906162,3.2898113,61.6548879,0.0,0.7546075,0.0982416,5.915055,0.0324714,124518.4,78696.7,28989.5,1,5.654211,3.682938,11.775149,39.85328,6.059899,2.0979579999999998,60.64842,28989.5,3.8,2,127530219.2
tiledb,rank,65536,0,warm,random,1024,,,128,4,312.30185219901614,313.0171690136194,318.1707021984039,13115.516194216487,0.006253965470417255,0.0,0.0,0.0,0.0,device,0.0,2354.96100574301,0.999951171875,0.999951171875,,1.00004884004884,,,,,4095.7,1008.4,2198528,6790406144,8504,544256,544256,10,0.1381658,0.0336525,0.0424153,0.0102889,0.0067349,300.8241617,0.0061579,0.0,0.0,0.10607029999999999,0.13402999999999998,223.1107561,0.0,0.058230000000000004,0.0439233,10.7770919,0.0162079,1020.8,1020.6,1020.4,1,0.9600946,0.6221477,1.316838,138.9057,112.08971,0.2018605,223.0386,1020.4,64,24,2147877376
tiledb,rank,65536,0,warm,random,8192,,,128,4,319.7782154136803,320.79105149023235,327.9956482234411,102471.02029014002,0.04886199011332513,0.0,0.0,0.0,0.0,device,0.0,2108.4488821659606,0.9997100830078125,0.9997100830078125,,1.0002900108088486,,,,,32742.2,1024,17297408,6803460096,66432,4251648,4251648,10,0.2215918,0.0926774,0.0363936,0.0103619,0.0094187,317.7853946,0.0182077,0.0,0.0,0.2387594,0.9482518,245.402973,0.0,0.1239123,0.0491182,1.0877157,0.017845800000000002,8222.6,8212.4,8196.9,1,2.626997,1.827245,4.7694090000000005,120.7931,114.4973,0.5682113,245.1917,8196.9,64,24,2147877376
tiledb,rank,65536,0,warm,random,65536,,,128,4,366.6052114975173,367.15467902831733,374.2818605271168,715058.0291239948,0.34096623855781305,0.0,0.0,0.0,0.0,device,0.0,1904.2464909823784,0.998019027709961,0.998019027709961,,1.0019849078440277,,,,,260612.9,1024,137579520,6923153408,523208,33485312,33485312,10,0.2668782,0.0854016,0.038425600000000004,0.011562900000000001,0.0167546,364.2193395,0.0551854,0.0,0.0,1.2611932000000001,6.7531834,278.4694208,0.0,0.6313785000000001,0.0765919,0.8720279,0.0301907,65538.7,65023.8,64030.2,1,12.77699,9.977803,28.02375,117.98570000000001,110.74102,2.35446,277.2588,64030.2,64,24,2147877376
tiledb,rank,65536,0,warm,window_256,1024,,,128,4,19.370495702605695,18.87453650124371,24.655863657244478,211455.61078486036,0.10082989253275888,0.0,0.0,0.0,0.0,device,0.0,621.2298381389004,0.24599609375,0.24599609375,,4.065131819344153,,,,,19.9,4,3142144,6795718656,4048,259072,259072,10,0.1768914,0.0301986,0.0342733,0.0088169,0.0058229,12.3401727,0.002959,0.0,0.0,0.0525362,0.0051429,9.0539221,0.0,0.0236665,0.027133400000000002,6.5274387,0.014240000000000001,1331.2,327.4,6.7,0.9,0.2492514,0.1623126,0.2900377,6.640454,1.971866,0.028015599999999998,9.028448,6.7,1.3,1.3,43628759.2
tiledb,rank,65536,0,warm,window_256,8192,,,128,4,18.674581282539293,18.652774480869994,24.014761991566044,1754684.5899371267,0.8366988134084352,0.0,0.0,0.0,0.0,device,0.0,643.0553011235759,0.03125,0.03125,,32.0,,,,,4,4,22633472,6796206080,6144,393216,393216,10,0.2166398,0.0765739,0.0311827,0.0087474,0.006217,14.8953892,0.002414,0.0,0.0,0.0525533,0.0046358,10.7917189,0.0,0.0202625,0.034235800000000004,3.2171664,0.0150478,13926.4,435.2,1.7,0.9,0.1404196,0.0957498,0.182972,8.055733,2.399887,0.0267026,10.766525,1.7,1.7,1.7,57052992.8
tiledb,rank,65536,0,warm,window_256,65536,,,128,4,22.41457001073286,21.473731991136447,29.302909807302044,11695250.003657287,5.576729776219028,0.0,0.0,0.0,0.0,device,0.0,588.2264060245924,0.00390625,0.00390625,,256.0,,,,,4,4,218703872,6798356480,8192,524288,524288,10,0.22988540000000002,0.07567,0.0317914,0.0088868,0.006553,15.6999979,0.0041209,0.0,0.0,0.051639199999999996,0.0044389,11.2635417,0.0,0.0214757,0.0515063,6.1010113,0.0273655,111411.2,435.2,1.7,0.9,0.1330759,0.0813847,0.1712822,8.511897,2.42539,0.0261725,11.238715,1.7,1.7,1.6,57052992.8
tiledb,rank,65536,0,warm,window_4096,1024,,,128,4,21.839701710268855,21.418308024294674,24.704616123926822,187548.3490726475,0.08943002179748893,0.0,0.0,0.0,0.0,device,0.0,625.903370904223,0.8845458984375,0.8845458984375,,1.1305450177748015,,,,,2826,4.2,4149760,6798811136,14648,937472,937472,10,0.1648205,0.0300607,0.0337464,0.0089219,0.0062109,16.981484599999998,0.006193,0.0,0.0,0.0771774,0.1286913,12.5913358,0.0,0.0299137,0.0260005,4.3924962,0.0126128,1433.6,1268.5,993.4,0.9,0.7569188,0.463159,1.0460219,9.009844000000001,2.251828,0.081061,12.527538,993.4,1.6,1.4,53696934.4
tiledb,rank,65536,0,warm,window_4096,8192,,,128,4,21.522916201502085,20.71895301924087,28.162085596704856,1522470.2681188304,0.7259703960985329,0.0,0.0,0.0,0.0,device,0.0,620.0503753793657,0.432269287109375,0.432269287109375,,2.3133808296961123,,,,,1921.1,4.3,27458560,6798913536,84968,5437952,5437952,10,0.212412,0.0611212,0.0225377,0.0086787,0.005061,13.9307395,0.0155369,0.0,0.0,0.0494622,0.0846178,10.1422416,0.0,0.0545804,0.0223645,7.0605677,0.0143238,10649.6,4595.3,624.7,0.7,0.5215093,0.3199752,0.7034358,7.048563,2.143646,0.1133173,10.106244,624.7,1.5,1.4,50340876
tiledb,rank,65536,0,warm,window_4096,65536,,,128,4,23.242958512855694,21.99839398963377,31.3255457294872,11278426.53313725,5.37797285706389,0.0,0.0,0.0,0.0,device,0.0,571.556696306636,0.0625,0.0625,,16.0,,,,,4,4.2,144179712,6799122432,65536,4194304,4194304,10,0.2663121,0.08374859999999999,0.0360006,0.0088788,0.008431,18.3568749,0.0176458,0.0,0.0,0.0566241,0.0062309,13.3463592,0.0,0.0822638,0.0551682,4.1425148,0.0275906,111411.2,6963.2,1.7,1,0.1197892,0.0718152,0.1612666,10.397336,2.531146,0.1175552,13.318189,1.7,1.9,1.7,63765109.6
tiledb,rank,65536,0,warm,window_65536,1024,,,128,4,40.55193340755068,39.03083299519494,49.32667917455546,101006.28147207733,0.04816354821781031,0.0,0.0,0.0,0.0,device,0.0,614.5451917061929,0.992236328125,0.992236328125,,1.0078256112469428,,,,,3998.6,8,4316672,6800453632,24432,1563648,1563648,10,0.2044528,0.0431703,0.0344485,0.0091849,0.0065139,34.6974902,0.0074289,0.0,0.0,0.1004924,0.2311437,24.6578482,0.0,0.0475425,0.0347366,5.2433901999999994,0.0145758,1945.6,1931.3,1899.7,0.9,0.9288324,0.5741903,1.4129450000000001,17.3289,5.4958860000000005,0.1157744,24.55723,1899.7,3.8,2,127530219.2
tiledb,rank,65536,0,warm,window_65536,8192,,,128,4,57.89926750585437,52.02922801254317,72.03657614591066,565948.4378914937,0.26986524481367763,0.0,0.0,0.0,0.0,device,0.0,635.4594271210734,0.9397430419921875,0.9397430419921875,,1.064121990200365,,,,,27194.3,8,33853440,6824583168,184888,11832832,11832832,10,0.2482903,0.0899615,0.0358586,0.0105389,0.0089218,47.8507324,0.0251546,0.0,0.0,0.38628,1.5673764000000001,33.2855856,0.0,0.1777254,0.0465973,9.1168369,0.0172767,16384,15404.1,13602.6,1,3.200485,2.0106507000000002,6.389645,18.914740000000002,6.233115,0.626532,32.69412,13602.6,4,2,134242336
tiledb,rank,65536,0,warm,window_65536,65536,,,128,4,64.83571919961832,65.36065699765459,81.18756413750813,4043203.3952288325,1.927949617018143,0.0,0.0,0.0,0.0,device,0.0,673.3205211404054,0.63226318359375,0.63226318359375,,1.5816217681353113,,,,,60990.1,8,239806976,6853779456,994464,63645696,63645696,10,0.253627,0.0898317,0.0384023,0.0105919,0.0184258,57.8399662,0.1041675,0.0,0.0,0.8429993,3.5252521,39.7757328,0.0,0.7518355,0.0899647,5.3893699999999995,0.0305026,124518.4,78696.7,28989.5,1,5.888811,3.9167479999999997,12.186275,18.10324,5.369206,2.243544,38.72136,28989.5,3.8,2,127530219.2
tiledb,node,256,0,cold,random,1024,,,128,4,1322.9031419032253,1321.6447969898582,1336.596412747167,3096.2206304137994,0.0014763930465764043,66.94761657714844,5.060658974687496,66.94761657714844,66.94761657714844,device,3427.71796875,210.76075950569955,0.999951171875,0.999951171875,,1.00004884004884,,,,,4095.7,4064.2,2198528,6795866112,8552,547328,547328,10,0.3318282,0.0337155,0.0422163,0.0108188,0.0067859999999999995,1319.1923118,0.0087009,0.0,0.0,0.1098662,0.1380469,1229.278102,0.0,0.0613511,0.0605732,2.7909239,0.0157256,1030.2,1030.1,1029.9,1,1.2172126,0.5095656,1.625224,1217.373,6.512461,0.1812585,1229.215,1029.9,996.3,95,1763139033.6
tiledb,node,256,0,cold,random,8192,,,128,4,1598.6035873997025,1598.4491640119813,1627.3901779815787,20497.889694655703,0.009774155471160747,78.74728775024414,4.926004693779958,78.74728775024414,78.74728775024414,device,503.9826416015625,321.17146132840935,0.9997100830078125,0.9997100830078125,,1.0002900108088486,,,,,32742.2,30784.2,17297408,6840569856,65944,4220416,4220416,10,0.467822,0.0937294,0.0363136,0.010201499999999999,0.00819,1593.7999819000001,0.0298458,0.0,0.0,0.2406603,0.9012845,1504.7943542,0.0,0.1247761,0.064776,3.6359874,0.0177277,8187.7,8178.5,8164,1,3.307098,1.259495,5.432872,1400.23,38.29485,0.9689626,1504.577,8164,6446.7,97.1,2076503814.4
tiledb,node,256,0,cold,random,65536,,,128,4,2184.419110196177,2171.384904999286,2311.37857598369,120006.27479241267,0.057223451038557374,80.018798828125,3.6631614535243067,80.018798828125,80.018798828125,device,64.0150390625,1387.556124560636,0.998019027709961,0.998019027709961,,1.0019849078440277,,,,,260612.9,165765.4,137579520,7072063488,523488,33503232,33503232,10,0.41954990000000003,0.0857306,0.0387407,0.0123566,0.0167286,2062.399859,0.0829899,0.0,0.0,1.3852318000000001,6.9334848000000004,1987.6196596,0.0,0.6343987,0.09967329999999999,120.27643739999999,0.0338815,65502.2,64991.4,63997.4,1,19.36772,9.236419,35.08643,1228.9504,217.80133,12.662453,1986.385,63997.4,16087.4,25,2147889942.4
tiledb,node,256,0,cold,window_256,1024,,,128,4,2.123439993010834,1.9639154779724777,2.8803642373532052,1928945.4910342277,0.9197928862734926,0.02814483642578125,1.325435920883951,0.02814483642578125,0.02814483642578125,device,1.441015625,499.27105710050125,0.24599609375,0.24599609375,,4.065131819344153,,,,,19.9,8,3142144,6785294336,4048,259072,259072,10,0.1767925,0.0284335,0.0268367,0.0082339,0.0054988,1.1085915,0.001262,0.0,0.0,0.0265767,0.002903,0.8858927,0.0,0.0136067,0.0182917,0.6188096,0.010958,1024,252.4,4.4,0.9,0.241008,0.1099337,0.2742198,0.4278607,0.0527742,0.0281037,0.8684558,4.4,2,1,262208
tiledb,node,256,0,cold,window_256,8192,,,128,4,2.279283892130479,2.026454982114956,3.2204911520238952,14376445.212961726,6.85522328041159,0.030857086181640625,1.3538061795715173,0.030857086181640625,0.030857086181640625,device,0.1974853515625,444.51337698568716,0.03125,0.03125,,32.0,,,,,4,8,22633472,6786600960,6144,393216,393216,10,0.1842811,0.0679369,0.0219627,0.008106,0.005258,0.98675,0.0019789,0.0,0.0,0.0208035,0.0017310000000000001,0.7918241,0.0,0.0135569,0.0200347,0.8542849,0.0126329,11468.8,358.4,1.4,0.8,0.1242423,0.0648784,0.1545896,0.4585981,0.0612902,0.0236255,0.7781744,1.4,2.8,1.4,367091.2
tiledb,node,256,0,cold,window_256,65536,,,128,4,3.7311469088308513,3.742468514246866,4.287844954524189,70258289.58370936,33.50176314530819,0.02826690673828125,0.7575929715171317,0.02826690673828125,0.02826690673828125,device,0.022613525390625,397.3990829711443,0.00390625,0.00390625,,256.0,,,,,4,8,218703872,6790762496,8192,524288,524288,10,0.2064687,0.0743399,0.0254165,0.0083308,0.005777,1.1310272000000001,0.003849,0.0,0.0,0.0227296,0.00206,0.8938398,0.0,0.0158857,0.0477743,2.0812045,0.0255048,117964.8,460.8,1.8,0.9,0.1183731,0.0630499,0.1523856,0.5393049999999999,0.067516,0.0238967,0.8775949000000001,1.8,3.6,1.8,471974.4
tiledb,node,256,0,cold,window_4096,1024,,,128,4,6.175613804953173,6.047258531907573,7.583985838573426,663253.9095490053,0.3162641093964602,0.09674453735351562,1.5665574371882083,0.09674453735351562,0.09674453735351562,device,4.9533203125,621.3328279890869,0.8845458984375,0.8845458984375,,1.1305450177748015,,,,,2826,67.6,4149760,6794350592,14624,935936,935936,10,0.1133353,0.0284527,0.0252875,0.0084429,0.005812,4.1126752,0.0057029,0.0,0.0,0.0495861,0.10761849999999999,3.1745663,0.0,0.0208714,0.0187599,1.7256111,0.010676,1228.8,1087.1,850.8,0.9,0.9427788,0.3659188,1.190518,1.498683,0.1878772,0.0397773,3.125417,850.8,20.3,1.2,2661411.2
tiledb,node,256,0,cold,window_4096,8192,,,128,4,5.869945493759587,5.84018649533391,6.801779090892522,5582334.628973314,2.661864580618531,0.09754562377929688,1.6617807419676869,0.09754562377929688,0.09754562377929688,device,0.6242919921875,618.3141996562891,0.432269287109375,0.432269287109375,,2.3133808296961123,,,,,1921.1,68,27458560,6792515584,84968,5437952,5437952,10,0.2237915,0.0520252,0.0167157,0.008405,0.0055959,2.8509981,0.0136148,0.0,0.0,0.0296796,0.0643171,2.1549636,0.0,0.0403503,0.014750899999999999,2.535233,0.0129956,8192,3536.5,481.8,0.6,0.5457357,0.2165538,0.7003118,1.080393,0.1517049,0.0445782,2.129155,481.8,17,1.1,2228768
tiledb,node,256,0,cold,window_4096,65536,,,128,4,6.131304812151939,6.160667515359819,6.63177844544407,42755010.235414125,20.387177579600394,0.09720611572265625,1.585406674448783,0.09720611572265625,0.09720611572265625,device,0.077764892578125,482.77332977042147,0.0625,0.0625,,16.0,,,,,4,68,144179712,6791077888,65536,4194304,4194304,10,0.2132018,0.0831536,0.0281098,0.008225,0.0077948,3.2952433,0.0162116,0.0,0.0,0.0250605,0.003771,2.6310245,0.0,0.076506,0.0483841,2.2347765,0.024916400000000002,111411.2,6963.2,1.7,1,0.12222720000000001,0.062166,0.1665545,1.91316,0.2598482,0.0711658,2.614218,1.7,28.9,1.7,3788905.6
tiledb,node,256,0,cold,window_65536,1024,,,128,4,40.94806839711964,39.78152200579643,45.88939750974532,100029.13837782199,0.04769761008158779,1.2571487426757812,3.070105115786637,1.2571487426757812,1.2571487426757812,device,64.366015625,632.1119259882038,0.992236328125,0.992236328125,,1.0078256112469428,,,,,3998.6,1009.4,4316672,6797107200,24432,1563648,1563648,10,0.1494098,0.0302364,0.0262887,0.009135,0.004655,26.2424152,0.006499700000000001,0.0,0.0,0.0815699,0.1607025,20.9809596,0.0,0.0357426,0.0281374,14.1804379,0.0173589,1331.2,1320.8,1298.2,0.7,1.045287,0.4052174,1.430926,15.85826,2.145778,0.0767367,20.90582,1298.2,320.3,1.3,42635020.8
tiledb,node,256,0,cold,window_65536,8192,,,128,4,60.93540360452607,55.14984604087658,75.640428144834,537749.7819275314,0.25641907783867424,1.257965087890625,2.064423985857029,1.257965087890625,1.257965087890625,device,8.0509765625,685.3525303785474,0.9397430419921875,0.9397430419921875,,1.064121990200365,,,,,27194.3,1028,33853440,6859964416,184888,11832832,11832832,10,0.2605361,0.0908055,0.036624699999999996,0.0099535,0.0093879,51.9111006,0.0416324,0.0,0.0,0.3938571,1.5535945,39.779207,0.0,0.1793982,0.0482603,8.0595957,0.0192188,16384,15371.3,13513.9,1,5.5341830000000005,1.8514209,8.742396,19.72067,2.944148,0.333244,39.21168,13513.9,504.4,1.9,66128857.6
tiledb,node,256,0,cold,window_65536,65536,,,128,4,74.54509529634379,72.0806164899841,97.67404316226018,3516582.8007581523,1.6768373492995035,1.2699089050292969,1.7035445457289289,1.2699089050292969,1.2699089050292969,device,1.0159271240234375,758.8195472167356,0.63226318359375,0.63226318359375,,1.5816217681353113,,,,,60990.1,1027.9,239806976,6917111808,994464,63645696,63645696,10,0.25404909999999997,0.0891146,0.0381904,0.0107449,0.0184657,67.9485694,0.1142561,0.0,0.0,0.7287319,3.3272771,51.4955697,0.0,0.7505546000000001,0.0904538,4.9874419,0.0305986,124518.4,78696.7,28989.5,1,10.802471,4.333538,17.326783,18.66753,2.7728450000000002,0.8748007,50.441599999999994,28989.5,488.2,2,64004972.8
tiledb,node,256,0,warm,random,1024,,,128,4,227.39586798707023,227.03165147686377,231.42954346258193,18012.64040660976,0.00858909626322258,0.0,0.0,0.0,0.0,device,0.0,2124.713313557096,0.999951171875,0.999951171875,,1.00004884004884,,,,,4095.7,4064.2,2198528,6795198464,8552,547328,547328,10,0.1397507,0.10061149999999999,0.0451644,0.0104679,0.0066548,222.261109,0.0068797,0.0,0.0,0.1022816,0.1411329,137.14246070000002,0.0,0.0585831,0.05211,4.3480796,0.0158657,1029.6,1029.6,1029.5,1,1.35294,0.5909347,1.796777,120.3451,6.015666,0.203475,137.0765,1029.5,995.7,95,1755652995.2
tiledb,node,256,0,warm,random,8192,,,128,4,310.98013689625077,313.08807199820876,329.4249246508116,105370.07388009499,0.050244366588637825,0.0,0.0,0.0,0.0,device,0.0,2085.8430408897934,0.9997100830078125,0.9997100830078125,,1.0002900108088486,,,,,32742.2,30784.2,17297408,6837805056,66312,4243968,4243968,10,0.2341045,0.0960706,0.036286399999999996,0.0103839,0.0085887,300.8746848,0.0238116,0.0,0.0,0.2516361,0.8923457,215.6555074,0.0,0.1239141,0.0492346,9.165365,0.0344337,8187.4,8179.4,8164.6,1,4.13594,1.6320400000000002,6.778465,117.425,38.737629999999996,1.340441,215.4258,8164.6,6451,97.8,2076123612.8
tiledb,node,256,0,warm,random,65536,,,128,4,992.0167374890298,977.8355214803014,1041.4976752275834,264253.6059054134,0.12600593848486585,0.0,0.0,0.0,0.0,device,0.0,2622.179575179563,0.998019027709961,0.998019027709961,,1.0019849078440277,,,,,260612.9,165765.4,137579520,7084769280,522736,33455104,33455104,10,0.3819172,0.0852398,0.0384074,0.0114258,0.0169308,983.9756634,0.0980016,0.0,0.0,1.2533649,6.8698188,909.2091718,0.0,0.6338915,0.07636989999999999,6.4079236,0.0303986,65665.3,65150.4,64154.2,1,19.90428,9.962035,36.94955,100.87588,252.81069,28.3616,907.9514,64154.2,16083.5,25,2147903052.8
tiledb,node,256,0,warm,window_256,1024,,,128,4,1.5510196157265455,1.5107870276551694,1.8216009164461864,2640843.4545048014,1.2592522881053931,0.0,0.0,0.0,0.0,device,0.0,592.6235688318048,0.24599609375,0.24599609375,,4.065131819344153,,,,,19.9,8,3142144,6795661312,6040,386560,386560,10,0.1107454,0.0307586,0.0229346,0.0080588,0.004986,0.7555697,0.0019149,0.0,0.0,0.0217906,0.002825,0.5327089,0.0,0.0119307,0.0160656,0.4778118,0.0108839,1126.4,276.8,5.7,0.8,0.2532972,0.1181229,0.2850247,0.07542789999999999,0.0570941,0.0259127,0.5185041,5.7,2.2,1.1,288428.8
tiledb,node,256,0,warm,window_256,8192,,,128,4,1.7652984941378236,1.6578145150560886,2.2090705722803246,18562299.865328994,8.851194317497727,0.0,0.0,0.0,0.0,device,0.0,500.183353088536,0.03125,0.03125,,32.0,,,,,4,8,22633472,6795931648,6144,393216,393216,10,0.2283105,0.0682189,0.0224686,0.008149,0.0049659000000000005,0.6303635,0.001783,0.0,0.0,0.0201765,0.001708,0.4106809,0.0,0.012645799999999999,0.0197117,0.6537972,0.0126088,11468.8,358.4,1.4,0.8,0.1212442,0.0574643,0.15003070000000002,0.0823465,0.0593242,0.0218117,0.39710619999999996,1.4,2.8,1.4,367091.2
tiledb,node,256,0,warm,window_256,65536,,,128,4,3.286886907881126,3.375875035999343,3.7996505037881434,79754493.33880177,38.0299059576043,0.0,0.0,0.0,0.0,device,0.0,425.92475471037153,0.00390625,0.00390625,,256.0,,,,,4,8,218703872,6797955072,8192,524288,524288,10,0.1831582,0.0741038,0.0258905,0.0083839,0.006178,0.7413697,0.0028248,0.0,0.0,0.0225907,0.0024068,0.47298,0.0,0.0152088,0.0456993,2.0543441,0.0256034,111411.2,435.2,1.7,0.9,0.12068229999999999,0.0642948,0.1552977,0.09919639999999999,0.07614599999999999,0.0237116,0.4575221,1.7,3.4,1.7,445753.6
tiledb,node,256,0,warm,window_4096,1024,,,128,4,5.432480201125145,5.211951502133161,7.301056434516794,753983.4197926132,0.35952731122618353,0.0,0.0,0.0,0.0,device,0.0,664.4032534628382,0.8845458984375,0.8845458984375,,1.1305450177748015,,,,,2826,67.6,4149760,6801403904,21824,1396736,1396736,10,0.1431227,0.0337886,0.0263204,0.0084219,0.005763,3.5954028,0.0065419,0.0,0.0,0.0525883,0.132585,2.5055572,0.0,0.023062700000000002,0.0189969,1.4569151999999999,0.010531800000000001,1433.6,1267.8,988,0.9,1.0402617,0.4000388,1.327505,0.6291838,0.2363556,0.0395244,2.457789,988,23.8,1.4,3120275.2
tiledb,node,256,0,warm,window_4096,8192,,,128,4,5.0383400928694755,5.173067009309307,6.07534167356789,6503729.283057926,3.101219789055789,0.0,0.0,0.0,0.0,device,0.0,672.0741529124326,0.432269287109375,0.432269287109375,,2.3133808296961123,,,,,1921.1,68,27458560,6799425536,84968,5437952,5437952,10,0.2034698,0.0517204,0.0166858,0.0083958,0.0045509,2.4578101,0.0137668,0.0,0.0,0.0310285,0.0690709,1.7007245,0.0,0.0436333,0.0147569,2.1195382,0.0127946,9011.2,3891,527.1,0.6,0.6214581,0.2625486,0.798096,0.4576251,0.1849961,0.0495673,1.674045,527.1,18.7,1.2,2451644.8
tiledb,node,256,0,warm,window_4096,65536,,,128,4,5.124881875235587,5.291395471431315,5.595321909640916,51151227.7515566,24.39080607965307,0.0,0.0,0.0,0.0,device,0.0,504.242234828331,0.0625,0.0625,,16.0,,,,,4,68,144179712,6795960320,65536,4194304,4194304,10,0.1887523,0.0824799,0.0284706,0.0082088,0.0077247999999999995,2.2776817,0.0170678,0.0,0.0,0.0247956,0.003733,1.5163513,0.0,0.0761519,0.0478372,2.273096,0.0245433,111411.2,6963.2,1.7,1,0.1301062,0.06725880000000001,0.1718277,0.7532825,0.2967416,0.0784967,1.5000195,1.7,28.9,1.7,3788905.6
tiledb,node,256,0,warm,window_65536,1024,,,128,4,30.084634688682854,28.459281980758533,37.72491876152344,136149.2350625358,0.06492101433874883,0.0,0.0,0.0,0.0,device,0.0,720.1739710055484,0.992236328125,0.992236328125,,1.0078256112469428,,,,,3998.6,1009.4,4316672,6799589376,24432,1563648,1563648,10,0.19434200000000001,0.0460875,0.0369533,0.0094878,0.007067,28.4839037,0.0110918,0.0,0.0,0.1171603,0.258583,19.8107971,0.0,0.049554100000000004,0.0380364,0.9771652999999999,0.0147298,2150.4,2134.9,2099.4,1,1.700344,0.6853955,2.3965259999999997,10.929553,3.877079,0.1352088,19.68784,2099.4,522.7,2.1,69576892.8
tiledb,node,256,0,warm,window_65536,8192,,,128,4,54.50753959012218,48.86971547966823,69.10987370938528,601164.5406562837,0.28665759117902934,0.0,0.0,0.0,0.0,device,0.0,725.9958049394558,0.9397430419921875,0.9397430419921875,,1.064121990200365,,,,,27194.3,1028,33853440,6862622720,184888,11832832,11832832,10,0.281465,0.08831370000000001,0.0364083,0.0107948,0.0093129,48.6953178,0.0336595,0.0,0.0,0.4513311,1.7081263,34.5801332,0.0,0.1950861,0.0483192,4.8161206,0.0175856,18022.4,16944.8,14960.4,1,6.664443,2.3282765,10.493566,11.150575,3.5987620000000002,0.3683065,33.85609,14960.4,565.4,2.2,74126201.6
tiledb,node,256,0,warm,window_65536,65536,,,128,4,68.17803300218657,67.30506851454265,87.64635879779232,3844992.1251261774,1.8334351182585609,0.0,0.0,0.0,0.0,device,0.0,791.6983203118942,0.63226318359375,0.63226318359375,,1.5816217681353113,,,,,60990.1,1027.9,239806976,6920101888,994464,63645696,63645696,10,0.3242972,0.0905516,0.0380565,0.0104208,0.0185936,61.2575009,0.1245891,0.0,0.0,0.836991,3.3931521,43.8674807,0.0,0.7513339,0.08946950000000001,5.2462883,0.0306225,124518.4,78687.8,28986.7,1,10.860683,4.359339,17.680852,10.147487,2.967651,0.8224467,42.56463,28986.7,488.2,2,64004972.8
tiledb,node,4096,0,cold,random,1024,,,128,4,1335.1370632008184,1333.7861794570927,1346.2343254737789,3067.8498207370335,0.0014628647903142135,68.75801467895508,5.149884350758463,68.75801467895508,68.75801467895508,device,3520.4103515625,347.90639950209663,0.999951171875,0.999951171875,,1.00004884004884,,,,,4095.7,3622,2198528,6790369280,8504,544256,544256,10,0.4235526,0.0343576,0.0419113,0.0102468,0.00684,1331.4209481,0.0082259,0.0,0.0,0.1142441,0.138631,1243.1230969,0.0,0.0582601,0.0511442,2.7208609,0.015731699999999998,1030.5,1030.4,1030.3,1,1.346088,0.5761348000000001,1.73893,1231.222,58.65785,0.2401736,1243.058,1030.3,647.8,94,1809341454.4
tiledb,node,4096,0,cold,random,8192,,,128,4,1604.9863436026499,1605.6887510058004,1621.0867134504952,20416.373092899317,0.009735285326432856,80.00175857543945,4.984575656629118,80.00175857543945,80.00175857543945,device,512.0112548828125,702.1609501987163,0.9997100830078125,0.9997100830078125,,1.0002900108088486,,,,,32742.2,14162.5,17297408,6824042496,66280,4241920,4241920,10,0.4125718,0.0934865,0.0373895,0.0104787,0.0087239,1600.3311585000001,0.0185407,0.0,0.0,0.2470085,0.9049833,1509.0721217999999,0.0,0.1274811,0.072837,3.5224051,0.0177397,8188.3,8179.2,8163.6,1,3.670098,1.5346009999999999,5.6831949999999996,1446.4080000000001,101.83841,0.6211459,1508.859,8163.6,1024,24,2147885056
tiledb,node,4096,0,cold,random,65536,,,128,4,1639.8462023003958,1638.7438990059309,1694.4889155973215,159858.8938598396,0.0762266606616209,80.0152587890625,4.879436783572517,80.0152587890625,80.0152587890625,device,64.01220703125,709.3089218966442,0.998019027709961,0.998019027709961,,1.0019849078440277,,,,,260612.9,16384,137579520,7076306944,523488,33503232,33503232,10,0.4226906,0.08577270000000001,0.0392353,0.0121269,0.0172428,1637.1798634,0.0545453,0.0,0.0,1.3216922,6.9933239,1547.3521416,0.0,0.6347265,0.0988604,0.9565675,0.030502500000000002,65606.9,65097.4,64091.7,1,19.38307,9.941203,35.04345,1391.729,75.9721,1.917464,1546.0819999999999,64091.7,1024,24,2147885056
tiledb,node,4096,0,cold,window_256,1024,,,128,4,4.208744701463729,4.301515000406653,4.842369499965571,973211.7984194864,0.4640635482881004,0.10158157348632812,2.413583638156997,0.10158157348632812,0.10158157348632812,device,5.2009765625,477.4819364313297,0.24599609375,0.24599609375,,4.065131819344153,,,,,19.9,4.3,3142144,6800048128,4024,257536,257536,10,0.1838422,0.0615901,0.0266375,0.008317,0.005375899999999999,2.6645678,0.0019908,0.0,0.0,0.0292976,0.003035,2.2609868,0.0,0.013978899999999999,0.0182258,1.1064422999999999,0.0110669,1024,252,4.9,0.9,0.2643971,0.1242552,0.3014944,1.629219,0.1981742,0.029120300000000002,2.243257,4.9,1.2,1,2517052.8
tiledb,node,4096,0,cold,window_256,8192,,,128,4,4.040189093211666,3.9018559909891337,4.730344741255976,8110511.474588371,3.8673932431165556,0.09914779663085938,2.4540385200645116,0.09914779663085938,0.09914779663085938,device,0.6345458984375,464.21124029843577,0.03125,0.03125,,32.0,,,,,4,4.1,22633472,6800384000,6144,393216,393216,10,0.19312479999999999,0.077071,0.0250673,0.0082279,0.005796,2.5036636,0.002613,0.0,0.0,0.0234838,0.00186,2.0714548,0.0,0.0148536,0.0226027,1.0673169,0.012791799999999999,11468.8,358.4,1.4,0.9,0.129884,0.0637248,0.16562649999999998,1.552584,0.22377570000000002,0.0263625,2.055402,1.4,1.4,1.4,2936561.6
tiledb,node,4096,0,cold,window_256,65536,,,128,4,5.796074710087851,5.6842090270947665,7.313150182017124,45227850.41810248,21.566319665004006,0.10404205322265625,1.7950433427225319,0.10404205322265625,0.10404205322265625,device,0.083233642578125,441.2620968374707,0.00390625,0.00390625,,256.0,,,,,4,4.4,218703872,6802522112,8192,524288,524288,10,0.187783,0.0734788,0.0256948,0.0084977,0.006125,2.858379,0.0028639,0.0,0.0,0.0236444,0.002704,2.3003605,0.0,0.0160986,0.0440454,2.4410103,0.024886600000000002,104857.6,409.6,1.6,0.9,0.1235211,0.0653142,0.16246549999999998,1.722208,0.274048,0.0272705,2.283927,1.6,1.8,1.6,3775579.2
tiledb,node,4096,0,cold,window_4096,1024,,,128,4,8.063080796273425,7.937795482575893,9.712326448061503,507994.41348684975,0.24223061251013267,0.17399215698242188,2.1578868099999338,0.17399215698242188,0.17399215698242188,device,8.9083984375,545.108372476112,0.8845458984375,0.8845458984375,,1.1305450177748015,,,,,2826,8,4149760,6806896640,21824,1396736,1396736,10,0.14694770000000001,0.0339366,0.0264587,0.0085236,0.0056919,5.4405153,0.006859,0.0,0.0,0.0506233,0.1065674,4.3719202,0.0,0.0217858,0.0195715,2.2371804,0.0111827,1228.8,1084.2,853.2,0.9,1.0701091,0.4341701,1.32665,2.469073,0.3438307,0.061647,4.331724,853.2,2.4,1.2,5034105.6
tiledb,node,4096,0,cold,window_4096,8192,,,128,4,7.780086901038885,7.77451298199594,9.08771041431464,4211778.148085267,2.0083323231149994,0.17404556274414062,2.2370645078643028,0.17404556274414062,0.17404556274414062,device,1.1138916015625,525.7481570615629,0.432269287109375,0.432269287109375,,2.3133808296961123,,,,,1921.1,8,27458560,6804492288,84968,5437952,5437952,10,0.2344875,0.0605132,0.0190369,0.0084468,0.0051747,4.8219766,0.0153649,0.0,0.0,0.0357808,0.08030469999999999,3.7714252,0.0,0.0557901,0.0204439,2.4168226,0.0131679,10649.6,4596.9,627.1,0.7,0.7509372,0.3078534,0.963649,2.235472,0.32837689999999997,0.0906255,3.740827,627.1,2.6,1.4,5453614.4
tiledb,node,4096,0,cold,window_4096,65536,,,128,4,7.860079704551026,7.976430002599955,8.289620935101993,33351315.744065203,15.903146621735193,0.17416763305664062,2.2158507242082632,0.17416763305664062,0.17416763305664062,device,0.1393341064453125,419.19288275057085,0.0625,0.0625,,16.0,,,,,4,8,144179712,6801022976,65536,4194304,4194304,10,0.2248916,0.08259090000000001,0.028178500000000002,0.0083368,0.0076579000000000005,4.9348259,0.0158287,0.0,0.0,0.0261326,0.0037849,3.9962888,0.0,0.0767728,0.0486161,2.3095865,0.0242586,111411.2,6963.2,1.7,1,0.1567205,0.0855177,0.19927209999999998,3.13522,0.4306005,0.0985008,3.978832,1.7,3.4,1.7,7131649.6
tiledb,node,4096,0,cold,window_65536,1024,,,128,4,40.35584829398431,39.35295849805698,45.45097638620064,101497.06109908673,0.04839757018045746,1.3318023681640625,3.3001471272816465,1.3318023681640625,1.3318023681640625,device,68.18828125,609.7048990460149,0.992236328125,0.992236328125,,1.0078256112469428,,,,,3998.6,67.9,4316672,6804295680,24432,1563648,1563648,10,0.2138599,0.0381105,0.0336805,0.009293,0.0063378,33.3113261,0.0074749,0.0,0.0,0.1100383,0.2047979,26.2871589,0.0,0.0435645,0.0341343,6.4202003,0.0147118,1740.8,1728.4,1701.3,0.9,1.366936,0.5561871,1.8540910000000002,20.75992,3.218086,0.0584181,26.20595,1701.3,28.8,1.8,60409267.2
tiledb,node,4096,0,cold,window_65536,8192,,,128,4,53.50464549846947,51.16223049117252,61.037026389385574,612432.8026981759,0.29203071722897334,1.3319473266601562,2.489405011940986,1.3319473266601562,1.3319473266601562,device,8.524462890625,619.1123079387111,0.9397430419921875,0.9397430419921875,,1.064121990200365,,,,,27194.3,68,33853440,6867030016,184888,11832832,11832832,10,0.2922435,0.0892136,0.0356676,0.010595799999999999,0.0094609,48.6383076,0.0376944,0.0,0.0,0.46999420000000003,1.6799066,36.4811564,0.0,0.19661,0.0489555,3.8591687999999995,0.0173747,18022.4,16912.1,14881.8,1,5.625601,2.021567,8.95288,22.09598,3.579418,0.2718498,35.76551,14881.8,36.7,2.1,76979864.8
tiledb,node,4096,0,cold,window_65536,65536,,,128,4,66.87239970779046,66.81644599302672,79.77179033332503,3920062.7036786433,1.8692315596001832,1.3460960388183594,2.0129321584096562,1.3460960388183594,1.3460960388183594,device,1.0768768310546875,655.4061414203157,0.63226318359375,0.63226318359375,,1.5816217681353113,,,,,60990.1,68,239806976,6925254656,994464,63645696,63645696,10,0.2580662,0.0895586,0.037976499999999996,0.0105529,0.0185956,60.324548,0.1232211,0.0,0.0,0.6817698,3.317697,43.8501958,0.0,0.7520628,0.0897576,4.9359516999999995,0.0305003,124518.4,78704.7,28985.5,1,10.203709,3.991034,16.632159,20.5416,3.237786,0.8658887,42.55478,28985.5,32.3,2,67750671.2
tiledb,node,4096,0,warm,random,1024,,,128,4,282.96027420437895,282.2838755091652,288.5563240997726,14475.530218922202,0.006902470693074323,0.0,0.0,0.0,0.0,device,0.0,2578.9422526248986,0.999951171875,0.999951171875,,1.00004884004884,,,,,4095.7,3622,2198528,6804389888,8504,544256,544256,10,0.2056818,0.0336284,0.0415614,0.0100137,0.0069769,277.2092968,0.007503,0.0,0.0,0.1046397,0.1494975,188.9137833,0.0,0.058178099999999996,0.0517532,4.9871837,0.0157349,1014.1,1014.1,1013.8,1,1.471907,0.6738643,1.91489,127.2827,89.05217999999999,0.2839875,188.8432,1013.8,647,94,1804307348.8
tiledb,node,4096,0,warm,random,8192,,,128,4,324.75028499611653,325.35722249303944,331.3768092106329,100902.14393619963,0.04811389157114011,0.0,0.0,0.0,0.0,device,0.0,2263.592946496692,0.9997100830078125,0.9997100830078125,,1.0002900108088486,,,,,32742.2,14162.5,17297408,6835892224,66432,4251648,4251648,10,0.2352746,0.0931887,0.0363754,0.0100777,0.008504,323.4346339,0.0110899,0.0,0.0,0.2373384,0.9068203,234.835892,0.0,0.123614,0.0495571,0.39943500000000004,0.0178028,8178,8169.1,8154.1,1,4.124332,1.782211,6.506698,153.4271,116.96188,0.6251414,234.6151,8154.1,1023.8,24.4,2147465547.2
tiledb,node,4096,0,warm,random,65536,,,128,4,380.25533818872645,379.0222004754469,400.77603198296856,689389.4014707927,0.32872648309268604,0.0,0.0,0.0,0.0,device,0.0,1933.765586941076,0.998019027709961,0.998019027709961,,1.0019849078440277,,,,,260612.9,16384,137579520,7079567360,522904,33465856,33465856,10,0.3846991,0.0852928,0.0379725,0.0128267,0.0165388,377.7501978,0.0534371,0.0,0.0,1.2710521,6.8826344,286.43779390000003,0.0,0.6366066,0.0753399,0.8706449,0.0297784,65400.8,64887.4,63883.3,1,18.28075,9.303493,34.074220000000004,129.1668,82.98286,2.498477,285.1933,63883.3,1024,24,2147885056
tiledb,node,4096,0,warm,window_256,1024,,,128,4,2.798248891485855,2.6553200150374323,3.346646370482631,1463772.5802242868,0.6979811574098047,0.0,0.0,0.0,0.0,device,0.0,617.8001017922458,0.24599609375,0.24599609375,,4.065131819344153,,,,,19.9,4.3,3142144,6804680704,6040,386560,386560,10,0.1137915,0.033958300000000004,0.0267518,0.0082759,0.0055119,1.5689774,0.0027439,0.0,0.0,0.0304024,0.003274,1.1649616,0.0,0.0140316,0.0189188,0.8642102,0.0109288,1331.2,327.2,6.6,0.9,0.2999533,0.1530749,0.3356089,0.4967318,0.2036579,0.0257956,1.1471025,6.6,1.3,1.3,2726807.2
tiledb,node,4096,0,warm,window_256,8192,,,128,4,2.742429601494223,2.7127494977321476,3.16794648533687,11948529.137136733,5.697502678459517,0.0,0.0,0.0,0.0,device,0.0,603.2282940275448,0.03125,0.03125,,32.0,,,,,4,4.1,22633472,6804987904,6144,393216,393216,10,0.1771442,0.0683429,0.0229747,0.0082329,0.005032,1.3323689,0.0019749,0.0,0.0,0.0202636,0.001731,0.9574286000000001,0.0,0.012929900000000001,0.0197805,0.9792743,0.0126659,11468.8,358.4,1.4,0.8,0.126324,0.0661798,0.1583695,0.4703529,0.211945,0.0232255,0.9437078000000001,1.4,1.4,1.4,2936561.6
tiledb,node,4096,0,warm,window_256,65536,,,128,4,4.578373092226684,4.643385473173112,5.663348242524079,57257020.06354111,27.302274734278253,0.0,0.0,0.0,0.0,device,0.0,503.6958573593286,0.00390625,0.00390625,,256.0,,,,,4,4.4,218703872,6807113728,8192,524288,524288,10,0.1852213,0.0745647,0.0250498,0.0083676,0.005776,1.6803747,0.0034029999999999998,0.0,0.0,0.0234356,0.002098,1.1569714,0.0,0.015537800000000001,0.0459151,2.4073509,0.0250985,111411.2,435.2,1.7,0.9,0.129295,0.06734,0.1648095,0.5804368,0.2752301,0.0274414,1.1414561,1.7,1.8,1.7,3775579.2
tiledb,node,4096,0,warm,window_4096,1024,,,128,4,6.412637705216184,6.279196008108556,8.117471903096884,638738.7200540304,0.3045743561048653,0.0,0.0,0.0,0.0,device,0.0,627.6133059452669,0.8845458984375,0.8845458984375,,1.1305450177748015,,,,,2826,8,4149760,6810529792,21824,1396736,1396736,10,0.1817094,0.036762500000000004,0.029389600000000002,0.0086118,0.0067209,4.8955734,0.0078718,0.0,0.0,0.0595925,0.14070470000000002,3.4972145,0.0,0.0258157,0.0217896,1.0869294,0.0107299,1638.4,1449.6,1135.3,1,1.2828887,0.5101729,1.633726,1.1520735,0.4097259,0.0812997,3.44782,1135.3,3.2,1.6,6712140.8
tiledb,node,4096,0,warm,window_4096,8192,,,128,4,5.630386300617829,5.692259001079947,6.796415749704464,5819849.340782235,2.7751204208289315,0.0,0.0,0.0,0.0,device,0.0,654.9757198001382,0.432269287109375,0.432269287109375,,2.3133808296961123,,,,,1921.1,8,27458560,6805192704,84968,5437952,5437952,10,0.1690645,0.0516312,0.0160497,0.008449,0.004348,2.8500261,0.0108277,0.0,0.0,0.0295356,0.0710569,2.0746868,0.0,0.0434023,0.0150688,2.3549378,0.012524799999999999,9011.2,3886,532.6,0.6,0.6804256000000001,0.2850425,0.856474,0.7375545,0.269851,0.0830278,2.048424,532.6,2.2,1.2,4614596.8
tiledb,node,4096,0,warm,window_4096,65536,,,128,4,5.907496198778972,6.12150298547931,6.365551010821946,44374806.37806976,21.15955656913269,0.0,0.0,0.0,0.0,device,0.0,507.0508230913671,0.0625,0.0625,,16.0,,,,,4,8,144179712,6803828736,65536,4194304,4194304,10,0.2388134,0.0822338,0.0285975,0.0082959,0.007477,2.8636227,0.0153166,0.0,0.0,0.0257506,0.0035689000000000003,1.9782823999999999,0.0,0.0765679,0.0486303,2.4040539,0.0250536,104857.6,6553.6,1.6,1,0.1262779,0.064586,0.1672562,1.1688186,0.4120738,0.0955898,1.9600739999999999,1.6,3.2,1.6,6712140.8
tiledb,node,4096,0,warm,window_65536,1024,,,128,4,25.89821859728545,24.53981598955579,32.18780980678275,158157.59623055026,0.07541541873481286,0.0,0.0,0.0,0.0,device,0.0,688.6734291396181,0.992236328125,0.992236328125,,1.0078256112469428,,,,,3998.6,67.9,4316672,6811480064,24432,1563648,1563648,10,0.1898733,0.0363444,0.031046499999999998,0.0091779,0.00609,19.4495705,0.0070018,0.0,0.0,0.0828451,0.1913609,14.1850335,0.0,0.0352183,0.0277607,5.9192048,0.0139189,1638.4,1626.5,1601.9,0.9,1.311668,0.5509248,1.785712,9.114184999999999,2.836834,0.0546161,14.093630000000001,1601.9,27.1,1.7,56843442.4
tiledb,node,4096,0,warm,window_65536,8192,,,128,4,43.47207749960944,37.625914497766644,54.00929959723726,753771.1994623306,0.3594261166869786,0.0,0.0,0.0,0.0,device,0.0,676.0961449395662,0.9397430419921875,0.9397430419921875,,1.064121990200365,,,,,27194.3,68,33853440,6875787264,184888,11832832,11832832,10,0.2897827,0.0883206,0.0356995,0.0098128,0.0088748,37.7470736,0.0462524,0.0,0.0,0.4108538,1.5942699999999999,25.3477138,0.0,0.1856272,0.0458342,4.7617434,0.0172156,17203.2,16176.1,14274.4,1,5.724122,2.0249800000000002,9.03102,10.964794,3.628221,0.270846,24.73776,14274.4,35.7,2.1,74882320.8
tiledb,node,4096,0,warm,window_65536,65536,,,128,4,56.68389248312451,56.466710986569524,71.62646187935022,4624664.7595354095,2.205212001579003,0.0,0.0,0.0,0.0,device,0.0,703.5439551345676,0.63226318359375,0.63226318359375,,1.5816217681353113,,,,,60990.1,68,239806976,6933348352,994464,63645696,63645696,10,0.2772238,0.08946760000000001,0.0390785,0.0106617,0.0184828,50.5742155,0.132178,0.0,0.0,0.6729671,3.3056292,34.3646222,0.0,0.7513288,0.0962215,4.4666579,0.0307934,124518.4,78704.7,28985.5,1,10.387833,4.252727,17.062234,10.512684,3.306681,0.8763593,33.04907,28985.5,32.3,2,67750671.2
tiledb,node,65536,0,cold,random,1024,,,128,4,1578.1111468211748,1579.8640490102116,1587.896265622112,2595.5079325373667,0.0012376346266447862,80.0152587890625,5.07031833278911,80.0152587890625,80.0152587890625,device,4096.78125,680.3801553349456,0.999951171875,0.999951171875,,1.00004884004884,,,,,4095.7,1008.4,2198528,6805393408,8432,539648,539648,10,0.3086003,0.0336406,0.040834300000000004,0.0103049,0.0066668,1563.3531067000001,0.0075359,0.0,0.0,0.1104842,0.13531,1490.1075085,0.0,0.0610192,0.0601061,13.8269842,0.0157987,1020,1019.7,1019.5,1,1.1234356,0.4849328,1.427086,1432.366,99.72803,0.1720335,1490.041,1019.5,64,24,2147877376
tiledb,node,65536,0,cold,random,8192,,,128,4,1586.4766881044488,1581.7358009808231,1607.1399828826543,20654.57390310084,0.009848868323851033,80.0152587890625,5.043582385358979,80.0152587890625,80.0152587890625,device,512.09765625,663.7534903700216,0.9997100830078125,0.9997100830078125,,1.0002900108088486,,,,,32742.2,1024,17297408,6839324672,66008,4224512,4224512,10,0.41269480000000003,0.0929355,0.0376466,0.0105858,0.0089058,1580.6497485999998,0.0160456,0.0,0.0,0.2478284,0.8941326,1510.9457177,0.0,0.126164,0.0736859,4.7000684,0.0178247,8169.2,8162.2,8147.2,1,3.701385,1.6242940000000001,5.682483,1414.976,91.79796,0.4459321,1510.73,8147.2,64,24,2147877376
tiledb,node,65536,0,cold,random,65536,,,128,4,1634.9402860854752,1633.9141719799954,1654.090707845171,160338.5776416638,0.07645539171298209,80.0152587890625,4.894078362986725,80.0152587890625,80.0152587890625,device,64.01220703125,668.6289570901483,0.998019027709961,0.998019027709961,,1.0019849078440277,,,,,260612.9,1024,137579520,7086014464,523488,33503232,33503232,10,0.4732428,0.0866237,0.0380416,0.0121217,0.0167237,1624.0418841,0.0542962,0.0,0.0,1.3630147,6.8576596,1545.9572592,0.0,0.6328516,0.0984725,9.1439775,0.0307136,65540.1,65039,64027.7,1,20.66803,11.455257,36.68976,1394.328,98.34615,1.947627,1544.7259999999999,64027.7,64,24,2147877376
tiledb,node,65536,0,cold,window_256,1024,,,128,4,32.80918669188395,32.02839847654104,37.343426948064,124843.08247156984,0.05952982066706173,1.2661552429199219,3.8591485208413663,1.2661552429199219,1.2661552429199219,device,64.8271484375,453.909991730577,0.24599609375,0.24599609375,,4.065131819344153,,,,,19.9,4,3142144,6808580096,6080,389120,389120,10,0.2492482,0.0452172,0.0381655,0.0088409,0.006558,28.3746523,0.0033258,0.0,0.0,0.06706809999999999,0.0067969,24.2968148,0.0,0.031033599999999998,0.030778200000000002,3.8341754999999997,0.0143289,1638.4,403.3,7.7,1,0.3308223,0.1720506,0.3703324,21.114060000000002,2.619862,0.0321965,24.26594,7.7,1.6,1.6,53696934.4
tiledb,node,65536,0,cold,window_256,8192,,,128,4,32.56391040049493,31.903955503366888,37.62600707123056,1006267.3553942086,0.47982566613874844,1.2652816772460938,3.885533591281663,1.2652816772460938,1.2652816772460938,device,8.097802734375,455.46070719364764,0.03125,0.03125,,32.0,,,,,4,4,22633472,6809042944,6144,393216,393216,10,0.2115508,0.07018,0.0269866,0.0087678,0.005463,23.3188864,0.002378,0.0,0.0,0.0463312,0.004241,19.6752921,0.0,0.0210796,0.025908399999999998,8.7046631,0.014669699999999999,11468.8,358.4,1.4,0.8,0.1289671,0.0643339,0.16402250000000002,17.06385,2.296008,0.0250986,19.65234,1.4,1.4,1.4,46984817.6
tiledb,node,65536,0,cold,window_256,65536,,,128,4,34.63766900240444,33.051452512154356,43.435132910963134,7568176.7148304,3.6087878774787905,1.2677192687988281,3.65994394342999,1.2677192687988281,1.2677192687988281,device,1.0141754150390625,474.6675444256566,0.00390625,0.00390625,,256.0,,,,,4,4,218703872,6811185152,8192,524288,524288,10,0.2892445,0.1253372,0.0330215,0.0091588,0.0063969,27.7787503,0.0038729999999999997,0.0,0.0,0.0592971,0.0053199,23.471366,0.0,0.028931600000000002,0.0573611,6.1042399,0.027774899999999998,117964.8,460.8,1.8,0.9,0.14725860000000002,0.0746276,0.1823332,20.26028,2.842564,0.0311407,23.44194,1.8,1.8,1.7,60409051.2
tiledb,node,65536,0,cold,window_4096,1024,,,128,4,36.672921606805176,33.89613551553339,46.99176720168907,111690.03778635214,0.053257960217643806,1.3299598693847656,3.626544630515538,1.3299598693847656,1.3299598693847656,device,68.0939453125,459.71753439113894,0.8845458984375,0.8845458984375,,1.1305450177748015,,,,,2826,4.2,4149760,6814248960,14656,937984,937984,10,0.2017731,0.0332897,0.0394973,0.0092549,0.0067669,32.5650394,0.006954,0.0,0.0,0.0865538,0.119851,27.7471399,0.0,0.0423993,0.0351927,3.4979454,0.014332899999999999,1331.2,1175.5,921.4,1,1.0301456,0.4082099,1.292092,23.61591,2.512797,0.09540939999999999,27.67871,921.4,1.5,1.3,50340876
tiledb,node,65536,0,cold,window_4096,8192,,,128,4,36.695769196376204,33.97333898465149,48.41719278192613,892963.9769817366,0.425798405161732,1.360870361328125,3.7085211487064678,1.360870361328125,1.360870361328125,device,8.7095703125,453.3565978947478,0.432269287109375,0.432269287109375,,2.3133808296961123,,,,,1921.1,4.3,27458560,6810079232,84968,5437952,5437952,10,0.2512613,0.061969,0.0236906,0.0091578,0.0052319,24.3846904,0.0113559,0.0,0.0,0.0515403,0.0835217,20.4211479,0.0,0.0574021,0.0230917,11.699516,0.0151769,10649.6,4591.4,632.5,0.7,0.7317695000000001,0.3118957,0.9292235,16.688,2.522558,0.1161483,20.37904,632.5,1.5,1.4,50340876
tiledb,node,65536,0,cold,window_4096,65536,,,128,4,36.83288640459068,33.540636010002345,48.798099797568284,7117118.031980453,3.393706336965777,1.3293228149414062,3.609065008751868,1.3293228149414062,1.3293228149414062,device,1.063458251953125,436.67686869078375,0.0625,0.0625,,16.0,,,,,4,4.2,144179712,6807703552,65536,4194304,4194304,10,0.27773190000000003,0.0844758,0.037540500000000004,0.0096957,0.008127,31.9436487,0.016252700000000002,0.0,0.0,0.0663321,0.0072609,27.229688200000002,0.0,0.0911139,0.0597419,4.0651739,0.0278046,111411.2,6963.2,1.7,1,0.1336061,0.0638852,0.17043439999999999,23.8075,2.945616,0.1308251,27.19753,1.7,1.9,1.7,63765109.6
tiledb,node,65536,0,cold,window_65536,1024,,,128,4,65.63373209210113,64.21366901486181,73.22242830996402,62406.93420042381,0.029757945156299502,2.485809326171875,3.7873959729787128,2.485809326171875,2.485809326171875,device,127.2734375,465.82529981834585,0.992236328125,0.992236328125,,1.0078256112469428,,,,,3998.6,8,4316672,6813126656,24432,1563648,1563648,10,0.2187925,0.0428273,0.0349775,0.0095298,0.0062489,56.9035713,0.0088419,0.0,0.0,0.120704,0.2307595,46.188207500000004,0.0,0.0526034,0.0380292,8.0619027,0.015213,1945.6,1931.6,1898.4,0.9,1.4460126,0.6016523,1.959128,37.70958,6.075843,0.1267651,46.10186,1898.4,3.8,2,127530219.2
tiledb,node,65536,0,cold,window_65536,8192,,,128,4,82.55209270282649,81.80022001033649,95.0046803074656,396937.24201467837,0.1892744264672653,2.4534339904785156,2.9719827931079363,2.4534339904785156,2.4534339904785156,device,15.7019775390625,528.260971856706,0.9397430419921875,0.9397430419921875,,1.064121990200365,,,,,27194.3,8,33853440,6876921856,184888,11832832,11832832,10,0.3232061,0.0897025,0.035735499999999996,0.009765,0.0088698,74.5748476,0.0394823,0.0,0.0,0.3884161,1.5332361,58.6191876,0.0,0.18725909999999998,0.0506554,6.9563552,0.0176469,16384,15405.4,13602.3,1,5.598723,2.330368,8.857822,41.43092,6.456261,0.6318107,57.95815,13602.3,4,2,134242336
tiledb,node,65536,0,cold,window_65536,65536,,,128,4,92.71169910207391,92.4185304902494,106.9675657985499,2827518.021338215,1.3482656580630374,2.5168418884277344,2.71469718795331,2.5168418884277344,2.5168418884277344,device,2.0134735107421875,553.1368530258426,0.63226318359375,0.63226318359375,,1.5816217681353113,,,,,60990.1,8,239806976,6934753280,994464,63645696,63645696,10,0.3094043,0.0888278,0.0383103,0.0105089,0.0178297,82.9335578,0.0971235,0.0,0.0,0.6405514,3.1551665,63.9026941,0.0,0.7177443,0.0881626,8.147110399999999,0.030495,117964.8,74546.3,27445,1,9.505878,3.9071629999999997,15.283934,39.03745,5.592194,2.0661169999999998,62.81487,27445,3.6,1.9,120818102.4
tiledb,node,65536,0,warm,random,1024,,,128,4,316.4693314989563,318.0800575064495,326.6673634381732,12942.80232652973,0.0061716090805672315,0.0,0.0,0.0,0.0,device,0.0,2298.5699163471672,0.999951171875,0.999951171875,,1.00004884004884,,,,,4095.7,1008.4,2198528,6813028352,8552,547328,547328,10,0.1876885,0.0854308,0.0422323,0.0102718,0.006875,301.3532006,0.0071449,0.0,0.0,0.10254529999999999,0.141015,225.6845956,0.0,0.058841199999999996,0.0526763,14.3156668,0.0159928,1024.1,1024,1023.6,1,1.301942,0.6037874,1.668965,138.3039,107.02045,0.2284207,225.6176,1023.6,64,24,2147877376
tiledb,node,65536,0,warm,random,8192,,,128,4,333.26318589388393,336.373141995864,345.41317413386423,98324.69167606719,0.04688486656001434,0.0,0.0,0.0,0.0,device,0.0,2045.4511696862166,0.9997100830078125,0.9997100830078125,,1.0002900108088486,,,,,32742.2,1024,17297408,6845624320,66432,4251648,4251648,10,0.2404604,0.09365180000000001,0.0371772,0.01026,0.008605,326.8822157,0.0306424,0.0,0.0,0.2375016,0.9071844,259.9716079,0.0,0.1219881,0.0496094,5.4570878,0.017436899999999998,8178.3,8169.7,8154.2,1,4.006412,1.804372,6.211238,130.4902,100.71288,0.4796257,259.75849999999997,8154.2,64,24,2147877376
tiledb,node,65536,0,warm,random,65536,,,128,4,379.7497370047495,380.1457290246617,385.0066352286376,690307.2588480065,0.32916415159607243,0.0,0.0,0.0,0.0,device,0.0,1867.6770987760538,0.998019027709961,0.998019027709961,,1.0019849078440277,,,,,260612.9,1024,137579520,7088898048,522904,33465856,33465856,10,0.3295148,0.0857549,0.037834099999999996,0.011009999999999999,0.0168519,374.0571182,0.0540252,0.0,0.0,1.2612921,6.8599829,293.4761832,0.0,0.6319166,0.08339579999999999,4.1081843000000005,0.0345542,65491.9,64989,63989.1,1,19.40807,10.181726,35.632709999999996,132.7962,97.72126,2.38948,292.2512,63989.1,64,24,2147877376
tiledb,node,65536,0,warm,window_256,1024,,,128,4,21.169270802056417,20.71243801037781,25.924408016726375,193488.00619065764,0.09226227101834185,0.0,0.0,0.0,0.0,device,0.0,624.1502474764736,0.24599609375,0.24599609375,,4.065131819344153,,,,,19.9,4,3142144,6812151808,6040,386560,386560,10,0.1494377,0.0418354,0.0342004,0.008728999999999999,0.005898,15.5004658,0.0040909,0.0,0.0,0.06402189999999999,0.0068609,11.0273491,0.0,0.0209878,0.0253664,5.2119764,0.013364000000000001,1638.4,402.2,8.7,0.9,0.3769646,0.1909575,0.42348169999999996,7.929274,2.483097,0.0330186,10.998013,8.7,1.6,1.6,53696934.4
tiledb,node,65536,0,warm,window_256,8192,,,128,4,20.0020934920758,19.823392503894866,24.51131033012643,1638228.519078848,0.7811682315248718,0.0,0.0,0.0,0.0,device,0.0,640.6707075475276,0.03125,0.03125,,32.0,,,,,4,4,22633472,6813184000,6144,393216,393216,10,0.2600151,0.0783097,0.0305005,0.0087639,0.0060419,13.8530427,0.0022419,0.0,0.0,0.0519822,0.004395,10.1961227,0.0,0.0197076,0.0273206,5.5423855,0.015482000000000001,11468.8,358.4,1.4,0.9,0.1281903,0.0617142,0.1655535,7.721999,2.145339,0.030885500000000003,10.171631,1.4,1.4,1.4,46984817.6
tiledb,node,65536,0,warm,window_256,65536,,,128,4,22.264306095894426,21.039463492343202,29.971432944876128,11774182.35587139,5.614367654739089,0.0,0.0,0.0,0.0,device,0.0,616.1464611075229,0.00390625,0.00390625,,256.0,,,,,4,4,218703872,6813270016,8192,524288,524288,10,0.2406925,0.0766058,0.0329035,0.0091839,0.006336,16.4880288,0.0040138,0.0,0.0,0.0587561,0.005284,12.0048314,0.0,0.0239288,0.0549962,5.1468655,0.028248699999999998,117964.8,460.8,1.8,0.9,0.1629575,0.0782885,0.2028821,8.775591,2.845064,0.0265467,11.97697,1.8,1.8,1.7,60409051.2
tiledb,node,65536,0,warm,window_4096,1024,,,128,4,23.431249795248732,22.87243099999614,28.580929522286166,174809.28400287745,0.08335556221145508,0.0,0.0,0.0,0.0,device,0.0,641.8899214266322,0.8845458984375,0.8845458984375,,1.1305450177748015,,,,,2826,4.2,4149760,6815449088,14656,937984,937984,10,0.2369564,0.0296137,0.0339474,0.008872,0.0058908,14.8323881,0.0061099,0.0,0.0,0.070698,0.0954267,11.0872862,0.0,0.0296745,0.0262976,8.0255132,0.013802,1024,903.6,710.3,0.9,1.014673,0.4184061,1.256563,7.527418,2.028379,0.07880619999999999,11.035235,710.3,1.2,1,40272700.8
tiledb,node,65536,0,warm,window_4096,8192,,,128,4,23.135609191376716,22.063443495426327,31.019526385352947,1416344.8098100456,0.6753658341455677,0.0,0.0,0.0,0.0,device,0.0,630.3026369167438,0.432269287109375,0.432269287109375,,2.3133808296961123,,,,,1921.1,4.3,27458560,6813220864,84968,5437952,5437952,10,0.203323,0.0537761,0.0218597,0.0089959,0.004394,11.2034355,0.0112668,0.0,0.0,0.0452413,0.0657131,7.8261204,0.0,0.0466013,0.0202888,11.3791468,0.0161387,8192,3533.3,483.8,0.6,0.6157617,0.264564,0.7766295000000001,5.038836,1.779898,0.0968685,7.791864,483.8,1.1,1.1,36916642.4
tiledb,node,65536,0,warm,window_4096,65536,,,128,4,22.541342914337292,21.43905751290731,30.303687989362516,11629475.7147439,5.545366151210737,0.0,0.0,0.0,0.0,device,0.0,601.4040818915671,0.0625,0.0625,,16.0,,,,,4,4.2,144179712,6811901952,65536,4194304,4194304,10,0.2869077,0.0871349,0.0359331,0.008995,0.007709,17.9684237,0.0165838,0.0,0.0,0.0607198,0.006578,13.5750258,0.0,0.0826788,0.0548982,3.8074108,0.0276557,111411.2,6963.2,1.7,1,0.1577039,0.0824407,0.2007912,10.058169,3.03141,0.1156592,13.54681,1.7,1.9,1.7,63765109.6
tiledb,node,65536,0,warm,window_65536,1024,,,128,4,43.330567603698,41.19625050225295,52.23518172861077,94529.11019911106,0.04507499227481416,0.0,0.0,0.0,0.0,device,0.0,640.1498169535339,0.992236328125,0.992236328125,,1.0078256112469428,,,,,3998.6,8,4316672,6817423360,24432,1563648,1563648,10,0.1881193,0.046665200000000004,0.0391554,0.0096637,0.0068969,39.3170141,0.009136,0.0,0.0,0.1247742,0.24476720000000002,27.9470257,0.0,0.055103,0.0411753,3.3344388,0.015316699999999999,2048,2033,2000.3,1,1.599213,0.675376,2.171153,18.70642,6.56193,0.122262,27.83825,2000.3,4,2.1,134242336
tiledb,node,65536,0,warm,window_65536,8192,,,128,4,62.06699659815058,57.36485749366693,74.14944196643773,527945.636102785,0.25174409680499316,0.0,0.0,0.0,0.0,device,0.0,644.2682520776513,0.9397430419921875,0.9397430419921875,,1.064121990200365,,,,,27194.3,8,33853440,6881165312,184784,11826176,11826176,10,0.2913667,0.0911827,0.0366164,0.009594,0.0088099,48.7044476,0.0320864,0.0,0.0,0.3408741,1.3769731,34.6322342,0.0,0.1669025,0.0479812,12.4015103,0.017996,14745.6,13863.5,12241,1,5.38429,2.375252,8.420682,18.66991,5.828223,0.5846443,34.00865,12241,3.6,1.8,120818102.4
tiledb,node,65536,0,warm,window_65536,65536,,,128,4,72.34665019786917,72.43404097971506,88.3526658028131,3623443.508207115,1.7277925053630423,0.0,0.0,0.0,0.0,device,0.0,688.7109891574154,0.63226318359375,0.63226318359375,,1.5816217681353113,,,,,60990.1,8,239806976,6939283456,994464,63645696,63645696,10,0.31240650000000003,0.0894585,0.0375875,0.010793,0.0182695,65.5437597,0.1216043,0.0,0.0,0.6536445,3.3336236,45.6314697,0.0,0.7519125,0.0983216,5.1277308,0.0300175,124518.4,78704.7,28985.5,1,10.776102,4.912719,17.798271,17.650290000000002,6.086704,2.099923,44.52224,28985.5,3.8,2,127530219.2
