backend,array_layout,tile_extent_rows,query_chunk_rows,cache_mode,pattern,batch_size,overlap_case,overlap_placement,width,sample,latency_ms,process_read_bytes,device_read_bytes,measured_read_bytes,cpu_seconds,requested_rows,unique_rows,node_unique_rows,within_rank_unique_row_fraction,node_unique_row_fraction,within_rank_repetition,requesting_ranks_per_unique_row,owner_unique_rows_mean,owner_unique_rows_max,owner_unique_max_to_mean,contiguous_ranges,estimated_tiles_touched,cuda_peak_temporary_bytes,rss_bytes_after,id_routing_ms,gpu_sort_ms,gpu_deduplicate_ms,staging_allocation_ms,indices_d2h_ms,tiledb_read_ms,id_decode_ms,id_sort_ms,id_deduplicate_ms,query_setup_ms,range_build_ms,query_submit_ms,cpu_reorder_ms,rows_h2d_ms,gpu_expand_ms,embedding_exchange_ms,output_reorder_ms,storage_requested_rows,storage_unique_rows,storage_range_count,storage_query_count,index_bytes,raw_staging_bytes,output_bytes,tile_overlap_planning_ms,relevant_tile_overlap_ms,partition_planning_ms,internal_tile_read_ms,internal_unfilter_ms,internal_copy_ms,internal_reader_work_ms,tiledb_ranges_requested,tiledb_tiles_read,tiledb_vfs_read_ops,tiledb_vfs_read_bytes
cpu,none,,0,resident,overlap_clustered_independent,48000,independent,clustered,2048,0,55.25689898058772,0,0,0,0.219062418,192000,192000,192000,1.0,1.0,1.0,1,48000,192000,4.0,4,,2363313664,143568048128,0.0,0.0,0.0,0.0,0.0,0.0,0.0,0.0,0.0,0.0,0.0,0.0,0.0,0.0,0.0,0.0,0.0,0,0,0,0,0,0,0,,,,,,,,,,,
cpu,none,,0,resident,overlap_clustered_independent,48000,independent,clustered,2048,1,55.28903898084536,0,0,0,0.219176811,192000,192000,192000,1.0,1.0,1.0,1,48000,192000,4.0,4,,2363313664,143588503552,0.0,0.0,0.0,0.0,0.0,0.0,0.0,0.0,0.0,0.0,0.0,0.0,0.0,0.0,0.0,0.0,0.0,0,0,0,0,0,0,0,,,,,,,,,,,
cpu,none,,0,resident,overlap_clustered_independent,48000,independent,clustered,2048,2,55.180280993226916,0,0,0,0.219010117,192000,192000,192000,1.0,1.0,1.0,1,48000,192000,4.0,4,,2363313664,143588659200,0.0,0.0,0.0,0.0,0.0,0.0,0.0,0.0,0.0,0.0,0.0,0.0,0.0,0.0,0.0,0.0,0.0,0,0,0,0,0,0,0,,,,,,,,,,,
cpu,none,,0,resident,overlap_clustered_independent,48000,independent,clustered,2048,3,55.33668800489977,0,0,0,0.219077687,192000,192000,192000,1.0,1.0,1.0,1,48000,192000,4.0,4,,2363313664,143588765696,0.0,0.0,0.0,0.0,0.0,0.0,0.0,0.0,0.0,0.0,0.0,0.0,0.0,0.0,0.0,0.0,0.0,0,0,0,0,0,0,0,,,,,,,,,,,
cpu,none,,0,resident,overlap_clustered_independent,48000,independent,clustered,2048,4,55.18779100384563,0,0,0,0.218587878,192000,192000,192000,1.0,1.0,1.0,1,48000,192000,4.0,4,,2363313664,143588765696,0.0,0.0,0.0,0.0,0.0,0.0,0.0,0.0,0.0,0.0,0.0,0.0,0.0,0.0,0.0,0.0,0.0,0,0,0,0,0,0,0,,,,,,,,,,,
cpu,none,,0,resident,overlap_clustered_independent,100000,independent,clustered,2048,0,114.84186403686181,0,0,0,0.454492872,400000,400000,400000,1.0,1.0,1.0,1,100000,400000,4.0,4,,4921035776,143588900864,0.0,0.0,0.0,0.0,0.0,0.0,0.0,0.0,0.0,0.0,0.0,0.0,0.0,0.0,0.0,0.0,0.0,0,0,0,0,0,0,0,,,,,,,,,,,
cpu,none,,0,resident,overlap_clustered_independent,100000,independent,clustered,2048,1,114.95403200387955,0,0,0,0.454840852,400000,400000,400000,1.0,1.0,1.0,1,100000,400000,4.0,4,,4921035776,143603228672,0.0,0.0,0.0,0.0,0.0,0.0,0.0,0.0,0.0,0.0,0.0,0.0,0.0,0.0,0.0,0.0,0.0,0,0,0,0,0,0,0,,,,,,,,,,,
cpu,none,,0,resident,overlap_clustered_independent,100000,independent,clustered,2048,2,114.926282025408,0,0,0,0.45479242200000003,400000,400000,400000,1.0,1.0,1.0,1,100000,400000,4.0,4,,4921035776,143603392512,0.0,0.0,0.0,0.0,0.0,0.0,0.0,0.0,0.0,0.0,0.0,0.0,0.0,0.0,0.0,0.0,0.0,0,0,0,0,0,0,0,,,,,,,,,,,
cpu,none,,0,resident,overlap_clustered_independent,100000,independent,clustered,2048,3,114.78649504715577,0,0,0,0.454597729,400000,400000,400000,1.0,1.0,1.0,1,100000,400000,4.0,4,,4921035776,143603507200,0.0,0.0,0.0,0.0,0.0,0.0,0.0,0.0,0.0,0.0,0.0,0.0,0.0,0.0,0.0,0.0,0.0,0,0,0,0,0,0,0,,,,,,,,,,,
cpu,none,,0,resident,overlap_clustered_independent,100000,independent,clustered,2048,4,114.74922398338094,0,0,0,0.45448863899999997,400000,400000,400000,1.0,1.0,1.0,1,100000,400000,4.0,4,,4921035776,143603507200,0.0,0.0,0.0,0.0,0.0,0.0,0.0,0.0,0.0,0.0,0.0,0.0,0.0,0.0,0.0,0.0,0.0,0,0,0,0,0,0,0,,,,,,,,,,,
cpu,none,,0,resident,overlap_clustered_cross_rank_25,48000,cross_rank_25,clustered,2048,0,55.35907804733142,0,0,0,0.219300937,192000,192000,48000,1.0,0.25,1.0,4,12000,48000,4.0,4,,2363313664,143603556352,0.0,0.0,0.0,0.0,0.0,0.0,0.0,0.0,0.0,0.0,0.0,0.0,0.0,0.0,0.0,0.0,0.0,0,0,0,0,0,0,0,,,,,,,,,,,
cpu,none,,0,resident,overlap_clustered_cross_rank_25,48000,cross_rank_25,clustered,2048,1,55.25481898803264,0,0,0,0.218964411,192000,192000,48000,1.0,0.25,1.0,4,12000,48000,4.0,4,,2363313664,143603556352,0.0,0.0,0.0,0.0,0.0,0.0,0.0,0.0,0.0,0.0,0.0,0.0,0.0,0.0,0.0,0.0,0.0,0,0,0,0,0,0,0,,,,,,,,,,,
cpu,none,,0,resident,overlap_clustered_cross_rank_25,48000,cross_rank_25,clustered,2048,2,55.36112800473347,0,0,0,0.219050418,192000,192000,48000,1.0,0.25,1.0,4,12000,48000,4.0,4,,2363313664,143603572736,0.0,0.0,0.0,0.0,0.0,0.0,0.0,0.0,0.0,0.0,0.0,0.0,0.0,0.0,0.0,0.0,0.0,0,0,0,0,0,0,0,,,,,,,,,,,
cpu,none,,0,resident,overlap_clustered_cross_rank_25,48000,cross_rank_25,clustered,2048,3,55.322038009762764,0,0,0,0.219104407,192000,192000,48000,1.0,0.25,1.0,4,12000,48000,4.0,4,,2363313664,143603671040,0.0,0.0,0.0,0.0,0.0,0.0,0.0,0.0,0.0,0.0,0.0,0.0,0.0,0.0,0.0,0.0,0.0,0,0,0,0,0,0,0,,,,,,,,,,,
cpu,none,,0,resident,overlap_clustered_cross_rank_25,48000,cross_rank_25,clustered,2048,4,55.2039589965716,0,0,0,0.218824438,192000,192000,48000,1.0,0.25,1.0,4,12000,48000,4.0,4,,2363313664,143603834880,0.0,0.0,0.0,0.0,0.0,0.0,0.0,0.0,0.0,0.0,0.0,0.0,0.0,0.0,0.0,0.0,0.0,0,0,0,0,0,0,0,,,,,,,,,,,
cpu,none,,0,resident,overlap_clustered_cross_rank_25,100000,cross_rank_25,clustered,2048,0,114.91543200099841,0,0,0,0.455384053,400000,400000,100000,1.0,0.25,1.0,4,25000,100000,4.0,4,,4921035776,143604133888,0.0,0.0,0.0,0.0,0.0,0.0,0.0,0.0,0.0,0.0,0.0,0.0,0.0,0.0,0.0,0.0,0.0,0,0,0,0,0,0,0,,,,,,,,,,,
cpu,none,,0,resident,overlap_clustered_cross_rank_25,100000,cross_rank_25,clustered,2048,1,114.86829299246892,0,0,0,0.454854173,400000,400000,100000,1.0,0.25,1.0,4,25000,100000,4.0,4,,4921035776,143604158464,0.0,0.0,0.0,0.0,0.0,0.0,0.0,0.0,0.0,0.0,0.0,0.0,0.0,0.0,0.0,0.0,0.0,0,0,0,0,0,0,0,,,,,,,,,,,
cpu,none,,0,resident,overlap_clustered_cross_rank_25,100000,cross_rank_25,clustered,2048,2,114.8661730112508,0,0,0,0.454788582,400000,400000,100000,1.0,0.25,1.0,4,25000,100000,4.0,4,,4921035776,143604170752,0.0,0.0,0.0,0.0,0.0,0.0,0.0,0.0,0.0,0.0,0.0,0.0,0.0,0.0,0.0,0.0,0.0,0,0,0,0,0,0,0,,,,,,,,,,,
cpu,none,,0,resident,overlap_clustered_cross_rank_25,100000,cross_rank_25,clustered,2048,3,115.05000002216548,0,0,0,0.454815072,400000,400000,100000,1.0,0.25,1.0,4,25000,100000,4.0,4,,4921035776,143604178944,0.0,0.0,0.0,0.0,0.0,0.0,0.0,0.0,0.0,0.0,0.0,0.0,0.0,0.0,0.0,0.0,0.0,0,0,0,0,0,0,0,,,,,,,,,,,
cpu,none,,0,resident,overlap_clustered_cross_rank_25,100000,cross_rank_25,clustered,2048,4,114.9232320021838,0,0,0,0.455205619,400000,400000,100000,1.0,0.25,1.0,4,25000,100000,4.0,4,,4921035776,143604191232,0.0,0.0,0.0,0.0,0.0,0.0,0.0,0.0,0.0,0.0,0.0,0.0,0.0,0.0,0.0,0.0,0.0,0,0,0,0,0,0,0,,,,,,,,,,,
cpu,none,,0,resident,overlap_clustered_within_rank_25,48000,within_rank_25,clustered,2048,0,32.71357802441344,0,0,0,0.128585629,192000,48000,48000,0.25,0.25,4.0,1,12000,48000,4.0,4,,2363313664,143604346880,0.0,0.0,0.0,0.0,0.0,0.0,0.0,0.0,0.0,0.0,0.0,0.0,0.0,0.0,0.0,0.0,0.0,0,0,0,0,0,0,0,,,,,,,,,,,
cpu,none,,0,resident,overlap_clustered_within_rank_25,48000,within_rank_25,clustered,2048,1,32.677378971129656,0,0,0,0.128484499,192000,48000,48000,0.25,0.25,4.0,1,12000,48000,4.0,4,,2363313664,143604346880,0.0,0.0,0.0,0.0,0.0,0.0,0.0,0.0,0.0,0.0,0.0,0.0,0.0,0.0,0.0,0.0,0.0,0,0,0,0,0,0,0,,,,,,,,,,,
cpu,none,,0,resident,overlap_clustered_within_rank_25,48000,within_rank_25,clustered,2048,2,32.669377978891134,0,0,0,0.128435219,192000,48000,48000,0.25,0.25,4.0,1,12000,48000,4.0,4,,2363313664,143604350976,0.0,0.0,0.0,0.0,0.0,0.0,0.0,0.0,0.0,0.0,0.0,0.0,0.0,0.0,0.0,0.0,0.0,0,0,0,0,0,0,0,,,,,,,,,,,
cpu,none,,0,resident,overlap_clustered_within_rank_25,48000,within_rank_25,clustered,2048,3,32.763016992248595,0,0,0,0.128730973,192000,48000,48000,0.25,0.25,4.0,1,12000,48000,4.0,4,,2363313664,143604449280,0.0,0.0,0.0,0.0,0.0,0.0,0.0,0.0,0.0,0.0,0.0,0.0,0.0,0.0,0.0,0.0,0.0,0,0,0,0,0,0,0,,,,,,,,,,,
cpu,none,,0,resident,overlap_clustered_within_rank_25,48000,within_rank_25,clustered,2048,4,32.70101797534153,0,0,0,0.128508121,192000,48000,48000,0.25,0.25,4.0,1,12000,48000,4.0,4,,2363313664,143604449280,0.0,0.0,0.0,0.0,0.0,0.0,0.0,0.0,0.0,0.0,0.0,0.0,0.0,0.0,0.0,0.0,0.0,0,0,0,0,0,0,0,,,,,,,,,,,
cpu,none,,0,resident,overlap_clustered_within_rank_25,100000,within_rank_25,clustered,2048,0,67.96260800911114,0,0,0,0.266861352,400000,100000,100000,0.25,0.25,4.0,1,25000,100000,4.0,4,,4921035776,143604629504,0.0,0.0,0.0,0.0,0.0,0.0,0.0,0.0,0.0,0.0,0.0,0.0,0.0,0.0,0.0,0.0,0.0,0,0,0,0,0,0,0,,,,,,,,,,,
cpu,none,,0,resident,overlap_clustered_within_rank_25,100000,within_rank_25,clustered,2048,1,67.90102901868522,0,0,0,0.266739823,400000,100000,100000,0.25,0.25,4.0,1,25000,100000,4.0,4,,4921035776,143604629504,0.0,0.0,0.0,0.0,0.0,0.0,0.0,0.0,0.0,0.0,0.0,0.0,0.0,0.0,0.0,0.0,0.0,0,0,0,0,0,0,0,,,,,,,,,,,
cpu,none,,0,resident,overlap_clustered_within_rank_25,100000,within_rank_25,clustered,2048,2,67.88670900277793,0,0,0,0.266809002,400000,100000,100000,0.25,0.25,4.0,1,25000,100000,4.0,4,,4921035776,143604629504,0.0,0.0,0.0,0.0,0.0,0.0,0.0,0.0,0.0,0.0,0.0,0.0,0.0,0.0,0.0,0.0,0.0,0,0,0,0,0,0,0,,,,,,,,,,,
cpu,none,,0,resident,overlap_clustered_within_rank_25,100000,within_rank_25,clustered,2048,3,67.7528619999066,0,0,0,0.266057143,400000,100000,100000,0.25,0.25,4.0,1,25000,100000,4.0,4,,4921035776,143604662272,0.0,0.0,0.0,0.0,0.0,0.0,0.0,0.0,0.0,0.0,0.0,0.0,0.0,0.0,0.0,0.0,0.0,0,0,0,0,0,0,0,,,,,,,,,,,
cpu,none,,0,resident,overlap_clustered_within_rank_25,100000,within_rank_25,clustered,2048,4,67.92100804159418,0,0,0,0.266933122,400000,100000,100000,0.25,0.25,4.0,1,25000,100000,4.0,4,,4921035776,143604678656,0.0,0.0,0.0,0.0,0.0,0.0,0.0,0.0,0.0,0.0,0.0,0.0,0.0,0.0,0.0,0.0,0.0,0,0,0,0,0,0,0,,,,,,,,,,,
cpu,none,,0,resident,overlap_clustered_combined_12_5,48000,combined_12_5,clustered,2048,0,40.280204033479095,0,0,0,0.158732717,192000,96000,24000,0.5,0.125,2.0,4,6000,24000,4.0,4,,2363313664,143604928512,0.0,0.0,0.0,0.0,0.0,0.0,0.0,0.0,0.0,0.0,0.0,0.0,0.0,0.0,0.0,0.0,0.0,0,0,0,0,0,0,0,,,,,,,,,,,
cpu,none,,0,resident,overlap_clustered_combined_12_5,48000,combined_12_5,clustered,2048,1,40.30459397472441,0,0,0,0.159138781,192000,96000,24000,0.5,0.125,2.0,4,6000,24000,4.0,4,,2363313664,143604944896,0.0,0.0,0.0,0.0,0.0,0.0,0.0,0.0,0.0,0.0,0.0,0.0,0.0,0.0,0.0,0.0,0.0,0,0,0,0,0,0,0,,,,,,,,,,,
cpu,none,,0,resident,overlap_clustered_combined_12_5,48000,combined_12_5,clustered,2048,2,40.24395497981459,0,0,0,0.158861737,192000,96000,24000,0.5,0.125,2.0,4,6000,24000,4.0,4,,2363313664,143604944896,0.0,0.0,0.0,0.0,0.0,0.0,0.0,0.0,0.0,0.0,0.0,0.0,0.0,0.0,0.0,0.0,0.0,0,0,0,0,0,0,0,,,,,,,,,,,
cpu,none,,0,resident,overlap_clustered_combined_12_5,48000,combined_12_5,clustered,2048,3,40.25357495993376,0,0,0,0.158881101,192000,96000,24000,0.5,0.125,2.0,4,6000,24000,4.0,4,,2363313664,143604944896,0.0,0.0,0.0,0.0,0.0,0.0,0.0,0.0,0.0,0.0,0.0,0.0,0.0,0.0,0.0,0.0,0.0,0,0,0,0,0,0,0,,,,,,,,,,,
cpu,none,,0,resident,overlap_clustered_combined_12_5,48000,combined_12_5,clustered,2048,4,40.168255975004286,0,0,0,0.159179551,192000,96000,24000,0.5,0.125,2.0,4,6000,24000,4.0,4,,2363313664,143604948992,0.0,0.0,0.0,0.0,0.0,0.0,0.0,0.0,0.0,0.0,0.0,0.0,0.0,0.0,0.0,0.0,0.0,0,0,0,0,0,0,0,,,,,,,,,,,
cpu,none,,0,resident,overlap_clustered_combined_12_5,100000,combined_12_5,clustered,2048,0,83.68415100267157,0,0,0,0.330165763,400000,200000,50000,0.5,0.125,2.0,4,12500,50000,4.0,4,,4921822208,143605125120,0.0,0.0,0.0,0.0,0.0,0.0,0.0,0.0,0.0,0.0,0.0,0.0,0.0,0.0,0.0,0.0,0.0,0,0,0,0,0,0,0,,,,,,,,,,,
cpu,none,,0,resident,overlap_clustered_combined_12_5,100000,combined_12_5,clustered,2048,1,83.61446304479614,0,0,0,0.329459523,400000,200000,50000,0.5,0.125,2.0,4,12500,50000,4.0,4,,4921822208,143605125120,0.0,0.0,0.0,0.0,0.0,0.0,0.0,0.0,0.0,0.0,0.0,0.0,0.0,0.0,0.0,0.0,0.0,0,0,0,0,0,0,0,,,,,,,,,,,
cpu,none,,0,resident,overlap_clustered_combined_12_5,100000,combined_12_5,clustered,2048,2,83.50185403833166,0,0,0,0.329476862,400000,200000,50000,0.5,0.125,2.0,4,12500,50000,4.0,4,,4921822208,143605125120,0.0,0.0,0.0,0.0,0.0,0.0,0.0,0.0,0.0,0.0,0.0,0.0,0.0,0.0,0.0,0.0,0.0,0,0,0,0,0,0,0,,,,,,,,,,,
cpu,none,,0,resident,overlap_clustered_combined_12_5,100000,combined_12_5,clustered,2048,3,83.39653600705788,0,0,0,0.329236592,400000,200000,50000,0.5,0.125,2.0,4,12500,50000,4.0,4,,4921822208,143605125120,0.0,0.0,0.0,0.0,0.0,0.0,0.0,0.0,0.0,0.0,0.0,0.0,0.0,0.0,0.0,0.0,0.0,0,0,0,0,0,0,0,,,,,,,,,,,
cpu,none,,0,resident,overlap_clustered_combined_12_5,100000,combined_12_5,clustered,2048,4,83.5023449617438,0,0,0,0.329143542,400000,200000,50000,0.5,0.125,2.0,4,12500,50000,4.0,4,,4921822208,143605125120,0.0,0.0,0.0,0.0,0.0,0.0,0.0,0.0,0.0,0.0,0.0,0.0,0.0,0.0,0.0,0.0,0.0,0,0,0,0,0,0,0,,,,,,,,,,,
cpu,none,,0,resident,overlap_clustered_combined_6_25,48000,combined_6_25,clustered,2048,0,32.625058956909925,0,0,0,0.128592983,192000,48000,12000,0.25,0.0625,4.0,4,3000,12000,4.0,4,,2362265088,143605370880,0.0,0.0,0.0,0.0,0.0,0.0,0.0,0.0,0.0,0.0,0.0,0.0,0.0,0.0,0.0,0.0,0.0,0,0,0,0,0,0,0,,,,,,,,,,,
cpu,none,,0,resident,overlap_clustered_combined_6_25,48000,combined_6_25,clustered,2048,1,32.74124697782099,0,0,0,0.128809232,192000,48000,12000,0.25,0.0625,4.0,4,3000,12000,4.0,4,,2362265088,143605370880,0.0,0.0,0.0,0.0,0.0,0.0,0.0,0.0,0.0,0.0,0.0,0.0,0.0,0.0,0.0,0.0,0.0,0,0,0,0,0,0,0,,,,,,,,,,,
cpu,none,,0,resident,overlap_clustered_combined_6_25,48000,combined_6_25,clustered,2048,2,32.73755800910294,0,0,0,0.12864933,192000,48000,12000,0.25,0.0625,4.0,4,3000,12000,4.0,4,,2362265088,143605370880,0.0,0.0,0.0,0.0,0.0,0.0,0.0,0.0,0.0,0.0,0.0,0.0,0.0,0.0,0.0,0.0,0.0,0,0,0,0,0,0,0,,,,,,,,,,,
cpu,none,,0,resident,overlap_clustered_combined_6_25,48000,combined_6_25,clustered,2048,3,32.74215798592195,0,0,0,0.128582939,192000,48000,12000,0.25,0.0625,4.0,4,3000,12000,4.0,4,,2362265088,143605370880,0.0,0.0,0.0,0.0,0.0,0.0,0.0,0.0,0.0,0.0,0.0,0.0,0.0,0.0,0.0,0.0,0.0,0,0,0,0,0,0,0,,,,,,,,,,,
cpu,none,,0,resident,overlap_clustered_combined_6_25,48000,combined_6_25,clustered,2048,4,32.93081501033157,0,0,0,0.12968987899999998,192000,48000,12000,0.25,0.0625,4.0,4,3000,12000,4.0,4,,2362265088,143605370880,0.0,0.0,0.0,0.0,0.0,0.0,0.0,0.0,0.0,0.0,0.0,0.0,0.0,0.0,0.0,0.0,0.0,0,0,0,0,0,0,0,,,,,,,,,,,
cpu,none,,0,resident,overlap_clustered_combined_6_25,100000,combined_6_25,clustered,2048,0,67.82256002770737,0,0,0,0.266741733,400000,100000,25000,0.25,0.0625,4.0,4,6250,25000,4.0,4,,4921822208,143605477376,0.0,0.0,0.0,0.0,0.0,0.0,0.0,0.0,0.0,0.0,0.0,0.0,0.0,0.0,0.0,0.0,0.0,0,0,0,0,0,0,0,,,,,,,,,,,
cpu,none,,0,resident,overlap_clustered_combined_6_25,100000,combined_6_25,clustered,2048,1,67.7262419485487,0,0,0,0.266555782,400000,100000,25000,0.25,0.0625,4.0,4,6250,25000,4.0,4,,4921822208,143605477376,0.0,0.0,0.0,0.0,0.0,0.0,0.0,0.0,0.0,0.0,0.0,0.0,0.0,0.0,0.0,0.0,0.0,0,0,0,0,0,0,0,,,,,,,,,,,
cpu,none,,0,resident,overlap_clustered_combined_6_25,100000,combined_6_25,clustered,2048,2,67.79536098474637,0,0,0,0.26653934300000004,400000,100000,25000,0.25,0.0625,4.0,4,6250,25000,4.0,4,,4921822208,143605477376,0.0,0.0,0.0,0.0,0.0,0.0,0.0,0.0,0.0,0.0,0.0,0.0,0.0,0.0,0.0,0.0,0.0,0,0,0,0,0,0,0,,,,,,,,,,,
cpu,none,,0,resident,overlap_clustered_combined_6_25,100000,combined_6_25,clustered,2048,3,67.82743101939559,0,0,0,0.266696283,400000,100000,25000,0.25,0.0625,4.0,4,6250,25000,4.0,4,,4921822208,143605477376,0.0,0.0,0.0,0.0,0.0,0.0,0.0,0.0,0.0,0.0,0.0,0.0,0.0,0.0,0.0,0.0,0.0,0,0,0,0,0,0,0,,,,,,,,,,,
cpu,none,,0,resident,overlap_clustered_combined_6_25,100000,combined_6_25,clustered,2048,4,67.8399900207296,0,0,0,0.266801536,400000,100000,25000,0.25,0.0625,4.0,4,6250,25000,4.0,4,,4921822208,143605477376,0.0,0.0,0.0,0.0,0.0,0.0,0.0,0.0,0.0,0.0,0.0,0.0,0.0,0.0,0.0,0.0,0.0,0,0,0,0,0,0,0,,,,,,,,,,,
cpu,none,,0,resident,overlap_clustered_combined_3_125,48000,combined_3_125,clustered,2048,0,29.013574006967247,0,0,0,0.113845366,192000,24000,6000,0.125,0.03125,8.0,4,1500,6000,4.0,4,,2362265088,143605665792,0.0,0.0,0.0,0.0,0.0,0.0,0.0,0.0,0.0,0.0,0.0,0.0,0.0,0.0,0.0,0.0,0.0,0,0,0,0,0,0,0,,,,,,,,,,,
cpu,none,,0,resident,overlap_clustered_combined_3_125,48000,combined_3_125,clustered,2048,1,28.908304986543953,0,0,0,0.113538215,192000,24000,6000,0.125,0.03125,8.0,4,1500,6000,4.0,4,,2362265088,143605665792,0.0,0.0,0.0,0.0,0.0,0.0,0.0,0.0,0.0,0.0,0.0,0.0,0.0,0.0,0.0,0.0,0.0,0,0,0,0,0,0,0,,,,,,,,,,,
cpu,none,,0,resident,overlap_clustered_combined_3_125,48000,combined_3_125,clustered,2048,2,28.955734975170344,0,0,0,0.113721826,192000,24000,6000,0.125,0.03125,8.0,4,1500,6000,4.0,4,,2362265088,143605665792,0.0,0.0,0.0,0.0,0.0,0.0,0.0,0.0,0.0,0.0,0.0,0.0,0.0,0.0,0.0,0.0,0.0,0,0,0,0,0,0,0,,,,,,,,,,,
cpu,none,,0,resident,overlap_clustered_combined_3_125,48000,combined_3_125,clustered,2048,3,29.00202403543517,0,0,0,0.113971085,192000,24000,6000,0.125,0.03125,8.0,4,1500,6000,4.0,4,,2362265088,143605665792,0.0,0.0,0.0,0.0,0.0,0.0,0.0,0.0,0.0,0.0,0.0,0.0,0.0,0.0,0.0,0.0,0.0,0,0,0,0,0,0,0,,,,,,,,,,,
cpu,none,,0,resident,overlap_clustered_combined_3_125,48000,combined_3_125,clustered,2048,4,28.906214982271194,0,0,0,0.113589856,192000,24000,6000,0.125,0.03125,8.0,4,1500,6000,4.0,4,,2362265088,143605665792,0.0,0.0,0.0,0.0,0.0,0.0,0.0,0.0,0.0,0.0,0.0,0.0,0.0,0.0,0.0,0.0,0.0,0,0,0,0,0,0,0,,,,,,,,,,,
cpu,none,,0,resident,overlap_clustered_combined_3_125,100000,combined_3_125,clustered,2048,0,59.86227898392826,0,0,0,0.235228251,400000,50000,12500,0.125,0.03125,8.0,4,3125,12500,4.0,4,,4921822208,143605788672,0.0,0.0,0.0,0.0,0.0,0.0,0.0,0.0,0.0,0.0,0.0,0.0,0.0,0.0,0.0,0.0,0.0,0,0,0,0,0,0,0,,,,,,,,,,,
cpu,none,,0,resident,overlap_clustered_combined_3_125,100000,combined_3_125,clustered,2048,1,60.12514600297436,0,0,0,0.235354595,400000,50000,12500,0.125,0.03125,8.0,4,3125,12500,4.0,4,,4921822208,143605788672,0.0,0.0,0.0,0.0,0.0,0.0,0.0,0.0,0.0,0.0,0.0,0.0,0.0,0.0,0.0,0.0,0.0,0,0,0,0,0,0,0,,,,,,,,,,,
cpu,none,,0,resident,overlap_clustered_combined_3_125,100000,combined_3_125,clustered,2048,2,60.022946971002966,0,0,0,0.23533443399999998,400000,50000,12500,0.125,0.03125,8.0,4,3125,12500,4.0,4,,4921822208,143605788672,0.0,0.0,0.0,0.0,0.0,0.0,0.0,0.0,0.0,0.0,0.0,0.0,0.0,0.0,0.0,0.0,0.0,0,0,0,0,0,0,0,,,,,,,,,,,
cpu,none,,0,resident,overlap_clustered_combined_3_125,100000,combined_3_125,clustered,2048,3,59.99289802275598,0,0,0,0.235365983,400000,50000,12500,0.125,0.03125,8.0,4,3125,12500,4.0,4,,4921822208,143605788672,0.0,0.0,0.0,0.0,0.0,0.0,0.0,0.0,0.0,0.0,0.0,0.0,0.0,0.0,0.0,0.0,0.0,0,0,0,0,0,0,0,,,,,,,,,,,
cpu,none,,0,resident,overlap_clustered_combined_3_125,100000,combined_3_125,clustered,2048,4,59.95295796310529,0,0,0,0.235116331,400000,50000,12500,0.125,0.03125,8.0,4,3125,12500,4.0,4,,4921822208,143605788672,0.0,0.0,0.0,0.0,0.0,0.0,0.0,0.0,0.0,0.0,0.0,0.0,0.0,0.0,0.0,0.0,0.0,0,0,0,0,0,0,0,,,,,,,,,,,
cpu,none,,0,resident,overlap_clustered_stress_1,48000,stress_1,clustered,2048,0,29.121312021743506,0,0,0,0.11442777500000001,192000,7680,1920,0.04,0.01,25.0,4,480,1920,4.0,4,,2362265088,143606042624,0.0,0.0,0.0,0.0,0.0,0.0,0.0,0.0,0.0,0.0,0.0,0.0,0.0,0.0,0.0,0.0,0.0,0,0,0,0,0,0,0,,,,,,,,,,,
cpu,none,,0,resident,overlap_clustered_stress_1,48000,stress_1,clustered,2048,1,29.13020201958716,0,0,0,0.114517426,192000,7680,1920,0.04,0.01,25.0,4,480,1920,4.0,4,,2362265088,143606042624,0.0,0.0,0.0,0.0,0.0,0.0,0.0,0.0,0.0,0.0,0.0,0.0,0.0,0.0,0.0,0.0,0.0,0,0,0,0,0,0,0,,,,,,,,,,,
cpu,none,,0,resident,overlap_clustered_stress_1,48000,stress_1,clustered,2048,2,28.995934000704437,0,0,0,0.113975415,192000,7680,1920,0.04,0.01,25.0,4,480,1920,4.0,4,,2362265088,143606042624,0.0,0.0,0.0,0.0,0.0,0.0,0.0,0.0,0.0,0.0,0.0,0.0,0.0,0.0,0.0,0.0,0.0,0,0,0,0,0,0,0,,,,,,,,,,,
cpu,none,,0,resident,overlap_clustered_stress_1,48000,stress_1,clustered,2048,3,29.084012028761208,0,0,0,0.114227696,192000,7680,1920,0.04,0.01,25.0,4,480,1920,4.0,4,,2362265088,143606042624,0.0,0.0,0.0,0.0,0.0,0.0,0.0,0.0,0.0,0.0,0.0,0.0,0.0,0.0,0.0,0.0,0.0,0,0,0,0,0,0,0,,,,,,,,,,,
cpu,none,,0,resident,overlap_clustered_stress_1,48000,stress_1,clustered,2048,4,29.102953034453094,0,0,0,0.114366705,192000,7680,1920,0.04,0.01,25.0,4,480,1920,4.0,4,,2362265088,143606042624,0.0,0.0,0.0,0.0,0.0,0.0,0.0,0.0,0.0,0.0,0.0,0.0,0.0,0.0,0.0,0.0,0.0,0,0,0,0,0,0,0,,,,,,,,,,,
cpu,none,,0,resident,overlap_clustered_stress_1,100000,stress_1,clustered,2048,0,59.90428902441636,0,0,0,0.235499511,400000,16000,4000,0.04,0.01,25.0,4,1000,4000,4.0,4,,4921822208,143606185984,0.0,0.0,0.0,0.0,0.0,0.0,0.0,0.0,0.0,0.0,0.0,0.0,0.0,0.0,0.0,0.0,0.0,0,0,0,0,0,0,0,,,,,,,,,,,
cpu,none,,0,resident,overlap_clustered_stress_1,100000,stress_1,clustered,2048,1,59.52141497982666,0,0,0,0.23363510399999998,400000,16000,4000,0.04,0.01,25.0,4,1000,4000,4.0,4,,4921822208,143606185984,0.0,0.0,0.0,0.0,0.0,0.0,0.0,0.0,0.0,0.0,0.0,0.0,0.0,0.0,0.0,0.0,0.0,0,0,0,0,0,0,0,,,,,,,,,,,
cpu,none,,0,resident,overlap_clustered_stress_1,100000,stress_1,clustered,2048,2,59.899599000345916,0,0,0,0.234890381,400000,16000,4000,0.04,0.01,25.0,4,1000,4000,4.0,4,,4921822208,143606185984,0.0,0.0,0.0,0.0,0.0,0.0,0.0,0.0,0.0,0.0,0.0,0.0,0.0,0.0,0.0,0.0,0.0,0,0,0,0,0,0,0,,,,,,,,,,,
cpu,none,,0,resident,overlap_clustered_stress_1,100000,stress_1,clustered,2048,3,59.90584898972884,0,0,0,0.235005954,400000,16000,4000,0.04,0.01,25.0,4,1000,4000,4.0,4,,4921822208,143606185984,0.0,0.0,0.0,0.0,0.0,0.0,0.0,0.0,0.0,0.0,0.0,0.0,0.0,0.0,0.0,0.0,0.0,0,0,0,0,0,0,0,,,,,,,,,,,
cpu,none,,0,resident,overlap_clustered_stress_1,100000,stress_1,clustered,2048,4,59.886948962230235,0,0,0,0.234479521,400000,16000,4000,0.04,0.01,25.0,4,1000,4000,4.0,4,,4921822208,143606185984,0.0,0.0,0.0,0.0,0.0,0.0,0.0,0.0,0.0,0.0,0.0,0.0,0.0,0.0,0.0,0.0,0.0,0,0,0,0,0,0,0,,,,,,,,,,,
tiledb,node,256,0,cold,overlap_clustered_independent,48000,independent,clustered,2048,0,409.974145994056,1575759872,1575759872,1575759872,2.903166662,192000,192000,192000,1.0,1.0,1.0,1,48000,192000,4.0,4,754,3942321664,8359968768,0.330595,0.098469,0.038839,0.01317,0.036219,354.288903,0.153598,0.0,0.0,0.072669,0.051269,353.424805,0.0,27.582705,2.238397,24.434562,0.534913,192000,192000,1,1,1536000,1572864000,1572864000,,,,,,,,,,,
tiledb,node,256,0,cold,overlap_clustered_independent,48000,independent,clustered,2048,1,441.7387670255266,1575600128,1575600128,1575600128,2.9072188310000002,192000,192000,192000,1.0,1.0,1.0,1,48000,192000,4.0,4,754,3942321664,8368746496,0.204877,0.0,0.0,0.01084,0.0,0.00077,0.0,0.0,0.0,0.0,0.0,0.0,0.0,0.0,0.0,440.552335,0.619331,0,0,0,0,0,0,0,,,,,,,,,,,
tiledb,node,256,0,cold,overlap_clustered_independent,48000,independent,clustered,2048,2,443.85914597660303,1575702528,1575702528,1575702528,2.921035381,192000,192000,192000,1.0,1.0,1.0,1,48000,192000,4.0,4,754,3942321664,8368824320,0.282766,0.0,0.0,0.0089,0.0,0.00086,0.0,0.0,0.0,0.0,0.0,0.0,0.0,0.0,0.0,442.675423,0.600851,0,0,0,0,0,0,0,,,,,,,,,,,
tiledb,node,256,0,cold,overlap_clustered_independent,48000,independent,clustered,2048,3,438.62625502515584,1575542784,1575542784,1575542784,2.885357149,192000,192000,192000,1.0,1.0,1.0,1,48000,192000,4.0,4,754,3942321664,8368881664,0.328075,0.0,0.0,0.01775,0.0,0.00121,0.0,0.0,0.0,0.0,0.0,0.0,0.0,0.0,0.0,437.162957,0.583721,0,0,0,0,0,0,0,,,,,,,,,,,
tiledb,node,256,0,cold,overlap_clustered_independent,48000,independent,clustered,2048,4,445.33291400875896,1575702528,1575702528,1575702528,2.912350175,192000,192000,192000,1.0,1.0,1.0,1,48000,192000,4.0,4,754,3942321664,8368988160,0.224407,0.0,0.0,0.009,0.0,0.00073,0.0,0.0,0.0,0.0,0.0,0.0,0.0,0.0,0.0,444.28159,0.582411,0,0,0,0,0,0,0,,,,,,,,,,,
tiledb,node,256,0,cold,overlap_clustered_independent,100000,independent,clustered,2048,0,769.8580639553256,3278843904,3278843904,3278843904,5.183087503,400000,400000,400000,1.0,1.0,1.0,1,100000,400000,4.0,4,1566,8211684352,12673921024,0.522482,0.0,0.0,0.01194,0.0,0.00103,0.0,0.0,0.0,0.0,0.0,0.0,0.0,0.0,0.0,767.878704,1.193952,0,0,0,0,0,0,0,,,,,,,,,,,
tiledb,node,256,0,cold,overlap_clustered_independent,100000,independent,clustered,2048,1,773.19576399168,3279003648,3279003648,3279003648,5.206763138,400000,400000,400000,1.0,1.0,1.0,1,100000,400000,4.0,4,1566,8211684352,12684603392,0.420644,0.0,0.0,0.00855,0.0,0.00074,0.0,0.0,0.0,0.0,0.0,0.0,0.0,0.0,0.0,771.45332,1.195493,0,0,0,0,0,0,0,,,,,,,,,,,
tiledb,node,256,0,cold,overlap_clustered_independent,100000,independent,clustered,2048,2,771.1083850008436,3278819328,3278819328,3278819328,4.786517241,400000,400000,400000,1.0,1.0,1.0,1,100000,400000,4.0,4,1566,8211684352,12684673024,0.278955,0.110919,0.044909,0.01086,0.065699,656.288141,0.308565,0.0,0.0,0.08027799999999999,0.099859,654.859524,0.0,57.415177,4.66267,50.739857,1.140273,400000,400000,1,1,3200000,3276800000,3276800000,,,,,,,,,,,
tiledb,node,256,0,cold,overlap_clustered_independent,100000,independent,clustered,2048,3,759.3385319923982,3278917632,3278917632,3278917632,4.771914091,400000,400000,400000,1.0,1.0,1.0,1,100000,400000,4.0,4,1566,8211684352,12684709888,0.388024,0.0,0.0,0.009549,0.0,0.00072,0.0,0.0,0.0,0.0,0.0,0.0,0.0,0.0,0.0,757.647188,1.192912,0,0,0,0,0,0,0,,,,,,,,,,,
tiledb,node,256,0,cold,overlap_clustered_independent,100000,independent,clustered,2048,4,753.1003860058263,3280855040,3280855040,3280855040,5.03743681,400000,400000,400000,1.0,1.0,1.0,1,100000,400000,4.0,4,1567,8211684352,12684812288,0.335195,0.0,0.0,0.00908,0.0,0.00112,0.0,0.0,0.0,0.0,0.0,0.0,0.0,0.0,0.0,751.396371,1.183872,0,0,0,0,0,0,0,,,,,,,,,,,
tiledb,node,256,0,cold,overlap_clustered_cross_rank_25,48000,cross_rank_25,clustered,2048,0,155.03845899365842,394833920,394833920,394833920,0.88433678,192000,192000,48000,1.0,0.25,1.0,4,12000,48000,4.0,4,752,2762673664,13213253632,0.402124,0.0,0.0,0.00806,0.0,0.00046,0.0,0.0,0.0,0.0,0.0,0.0,0.0,0.0,0.0,153.972655,0.573772,0,0,0,0,0,0,0,,,,,,,,,,,
tiledb,node,256,0,cold,overlap_clustered_cross_rank_25,48000,cross_rank_25,clustered,2048,1,155.40896396851167,394674176,394674176,394674176,0.886041345,192000,192000,48000,1.0,0.25,1.0,4,12000,48000,4.0,4,752,2762673664,13213257728,0.318356,0.0,0.0,0.00857,0.0,0.00032,0.0,0.0,0.0,0.0,0.0,0.0,0.0,0.0,0.0,154.405768,0.575662,0,0,0,0,0,0,0,,,,,,,,,,,
tiledb,node,256,0,cold,overlap_clustered_cross_rank_25,48000,cross_rank_25,clustered,2048,2,155.61676997458562,394776576,394776576,394776576,0.887472927,192000,192000,48000,1.0,0.25,1.0,4,12000,48000,4.0,4,752,2762673664,13213270016,0.212427,0.094228,0.0351,0.00958,0.012689,121.504014,0.03742,0.0,0.0,0.060849,0.017759,120.904612,0.0,6.930255,1.586686,24.373703,0.531982,192000,48000,1,1,384000,393216000,393216000,,,,,,,,,,,
tiledb,node,256,0,cold,overlap_clustered_cross_rank_25,48000,cross_rank_25,clustered,2048,3,158.9544599992223,396713984,396713984,396713984,0.917812533,192000,192000,48000,1.0,0.25,1.0,4,12000,48000,4.0,4,756,2762673664,13213286400,0.209807,0.096488,0.03641,0.009329,0.01268,124.813973,0.03735,0.0,0.0,0.06207,0.017849,124.214922,0.0,6.931546,1.577017,24.406223,0.531482,192000,48000,1,1,384000,393216000,393216000,,,,,,,,,,,
tiledb,node,256,0,cold,overlap_clustered_cross_rank_25,48000,cross_rank_25,clustered,2048,4,155.84089700132608,396816384,396816384,396816384,0.888775546,192000,192000,48000,1.0,0.25,1.0,4,12000,48000,4.0,4,756,2762673664,13213298688,0.211976,0.096409,0.038179,0.00899,0.01486,121.617741,0.037189,0.0,0.0,0.06297900000000001,0.01756,120.949671,0.0,6.930676,1.584626,24.470642,0.535032,192000,48000,1,1,384000,393216000,393216000,,,,,,,,,,,
tiledb,node,256,0,cold,overlap_clustered_cross_rank_25,100000,cross_rank_25,clustered,2048,0,305.44224800541997,822562816,822562816,822562816,1.819232683,400000,400000,100000,1.0,0.25,1.0,4,25000,100000,4.0,4,1568,5753035776,14288748544,0.821177,0.0,0.0,0.00785,0.0,0.0009,0.0,0.0,0.0,0.0,0.0,0.0,0.0,0.0,0.0,303.329639,1.188602,0,0,0,0,0,0,0,,,,,,,,,,,
tiledb,node,256,0,cold,overlap_clustered_cross_rank_25,100000,cross_rank_25,clustered,2048,1,277.75769296567887,822665216,822665216,822665216,1.811941384,400000,400000,100000,1.0,0.25,1.0,4,25000,100000,4.0,4,1568,5753035776,14288715776,0.331515,0.0,0.0,0.00809,0.0,0.00044,0.0,0.0,0.0,0.0,0.0,0.0,0.0,0.0,0.0,275.945231,1.217482,0,0,0,0,0,0,0,,,,,,,,,,,
tiledb,node,256,0,cold,overlap_clustered_cross_rank_25,100000,cross_rank_25,clustered,2048,2,272.48200302710757,822505472,822505472,822505472,1.794271385,400000,400000,100000,1.0,0.25,1.0,4,25000,100000,4.0,4,1568,5753035776,14288740352,0.272006,0.0,0.0,0.00886,0.0,0.00116,0.0,0.0,0.0,0.0,0.0,0.0,0.0,0.0,0.0,270.755848,1.187233,0,0,0,0,0,0,0,,,,,,,,,,,
tiledb,node,256,0,cold,overlap_clustered_cross_rank_25,100000,cross_rank_25,clustered,2048,3,261.38163899304345,822607872,822607872,822607872,1.771329182,400000,400000,100000,1.0,0.25,1.0,4,25000,100000,4.0,4,1568,5753035776,14288732160,0.297906,0.0,0.0,0.00843,0.0,0.00055,0.0,0.0,0.0,0.0,0.0,0.0,0.0,0.0,0.0,259.668636,1.188312,0,0,0,0,0,0,0,,,,,,,,,,,
tiledb,node,256,0,cold,overlap_clustered_cross_rank_25,100000,cross_rank_25,clustered,2048,4,262.7110899775289,822710272,822710272,822710272,1.7896826030000001,400000,400000,100000,1.0,0.25,1.0,4,25000,100000,4.0,4,1568,5753035776,14288764928,0.249526,0.0,0.0,0.01135,0.0,0.00124,0.0,0.0,0.0,0.0,0.0,0.0,0.0,0.0,0.0,261.042335,1.191002,0,0,0,0,0,0,0,,,,,,,,,,,
tiledb,node,256,0,cold,overlap_clustered_within_rank_25,48000,within_rank_25,clustered,2048,0,156.2589409877546,396742656,396742656,396742656,0.8902530390000001,192000,48000,48000,0.25,0.25,4.0,1,12000,48000,4.0,4,192,2762673664,14287478784,0.369144,0.0,0.0,0.00834,0.0,0.00051,0.0,0.0,0.0,0.0,0.0,0.0,0.0,0.0,0.0,155.192986,0.579451,0,0,0,0,0,0,0,,,,,,,,,,,
tiledb,node,256,0,cold,overlap_clustered_within_rank_25,48000,within_rank_25,clustered,2048,1,157.9351249965839,396845056,396845056,396845056,0.924941599,192000,48000,48000,0.25,0.25,4.0,1,12000,48000,4.0,4,192,2762673664,14287519744,0.214777,0.0,0.0,0.00833,0.0,0.00057,0.0,0.0,0.0,0.0,0.0,0.0,0.0,0.0,0.0,156.91475,0.586751,0,0,0,0,0,0,0,,,,,,,,,,,
tiledb,node,256,0,cold,overlap_clustered_within_rank_25,48000,within_rank_25,clustered,2048,2,153.29079498769715,396947456,396947456,396947456,0.902876384,192000,48000,48000,0.25,0.25,4.0,1,12000,48000,4.0,4,192,2762673664,14287527936,0.207047,0.094279,0.037929,0.00918,0.0148,119.161218,0.038689,0.0,0.0,0.067629,0.01749,118.601056,0.0,6.929696,1.466908,24.510442,0.534362,192000,48000,1,1,384000,393216000,393216000,,,,,,,,,,,
tiledb,node,256,0,cold,overlap_clustered_within_rank_25,48000,within_rank_25,clustered,2048,3,151.06213797116652,396787712,396787712,396787712,0.888523811,192000,48000,48000,0.25,0.25,4.0,1,12000,48000,4.0,4,192,2762673664,14287552512,0.210507,0.093959,0.037409,0.00927,0.01424,116.974141,0.037619,0.0,0.0,0.064858,0.01803,116.44048,0.0,6.929126,1.471757,24.457722,0.533992,192000,48000,1,1,384000,393216000,393216000,,,,,,,,,,,
tiledb,node,256,0,cold,overlap_clustered_within_rank_25,48000,within_rank_25,clustered,2048,4,151.69753902591765,396890112,396890112,396890112,0.892133329,192000,48000,48000,0.25,0.25,4.0,1,12000,48000,4.0,4,192,2762673664,14287568896,0.211087,0.094549,0.041969,0.00919,0.0141,117.586421,0.038409,0.0,0.0,0.067149,0.018559,117.014741,0.0,6.952116,1.469598,24.455632,0.535332,192000,48000,1,1,384000,393216000,393216000,,,,,,,,,,,
tiledb,node,256,0,cold,overlap_clustered_within_rank_25,100000,within_rank_25,clustered,2048,0,298.20176598150283,822636544,822636544,822636544,1.8579280200000001,400000,100000,100000,0.25,0.25,4.0,1,25000,100000,4.0,4,395,5753035776,14288949248,0.283456,0.106798,0.03791,0.013369,0.02303,227.924663,0.078859,0.0,0.0,0.071988,0.03386,227.158805,0.0,14.389143,3.072814,50.846845,1.136133,400000,100000,1,1,800000,819200000,819200000,,,,,,,,,,,
tiledb,node,256,0,cold,overlap_clustered_within_rank_25,100000,within_rank_25,clustered,2048,1,294.0370590076782,822738944,822738944,822738944,1.790399029,400000,100000,100000,0.25,0.25,4.0,1,25000,100000,4.0,4,395,5753035776,14288990208,0.239186,0.0,0.0,0.00898,0.0,0.00095,0.0,0.0,0.0,0.0,0.0,0.0,0.0,0.0,0.0,292.368683,1.189092,0,0,0,0,0,0,0,,,,,,,,,,,
tiledb,node,256,0,cold,overlap_clustered_within_rank_25,100000,within_rank_25,clustered,2048,2,287.3170590028167,822579200,822579200,822579200,1.7539119570000001,400000,100000,100000,0.25,0.25,4.0,1,25000,100000,4.0,4,395,5753035776,14289027072,0.263086,0.0,0.0,0.00889,0.0,0.00095,0.0,0.0,0.0,0.0,0.0,0.0,0.0,0.0,0.0,285.653504,1.187583,0,0,0,0,0,0,0,,,,,,,,,,,
tiledb,node,256,0,cold,overlap_clustered_within_rank_25,100000,within_rank_25,clustered,2048,3,282.39672404015437,820584448,820584448,820584448,1.807416874,400000,100000,100000,0.25,0.25,4.0,1,25000,100000,4.0,4,394,5753035776,14289035264,0.258706,0.0,0.0,0.008599,0.0,0.00074,0.0,0.0,0.0,0.0,0.0,0.0,0.0,0.0,0.0,280.738909,1.189432,0,0,0,0,0,0,0,,,,,,,,,,,
tiledb,node,256,0,cold,overlap_clustered_within_rank_25,100000,within_rank_25,clustered,2048,4,295.06322398083284,820424704,820424704,820424704,1.802707845,400000,100000,100000,0.25,0.25,4.0,1,25000,100000,4.0,4,394,5753035776,14289055744,0.248566,0.116098,0.03828,0.010089,0.02241,224.847299,0.078209,0.0,0.0,0.064289,0.02954,224.050001,0.0,14.388854,2.997125,50.909495,1.145772,400000,100000,1,1,800000,819200000,819200000,,,,,,,,,,,
tiledb,node,256,0,cold,overlap_clustered_combined_12_5,48000,combined_12_5,clustered,2048,0,104.62082695448771,197623808,197623808,197623808,0.551150593,192000,96000,24000,0.5,0.125,2.0,4,6000,24000,4.0,4,376,2566065664,14557753344,0.371055,0.0,0.0,0.0082,0.0,0.00077,0.0,0.0,0.0,0.0,0.0,0.0,0.0,0.0,0.0,103.571333,0.574661,0,0,0,0,0,0,0,,,,,,,,,,,
tiledb,node,256,0,cold,overlap_clustered_combined_12_5,48000,combined_12_5,clustered,2048,1,106.22032301034778,197464064,197464064,197464064,0.559339332,192000,96000,24000,0.5,0.125,2.0,4,6000,24000,4.0,4,376,2566065664,14557749248,0.205427,0.093658,0.03643,0.00911,0.01027,75.706701,0.019219,0.0,0.0,0.061189,0.01317,75.236079,0.0,3.488288,1.35684,24.453222,0.532832,192000,24000,1,1,192000,196608000,196608000,,,,,,,,,,,
tiledb,node,256,0,cold,overlap_clustered_combined_12_5,48000,combined_12_5,clustered,2048,2,103.98267704294994,199663616,199663616,199663616,0.549424197,192000,96000,24000,0.5,0.125,2.0,4,6000,24000,4.0,4,380,2566065664,14557753344,0.217236,0.0,0.0,0.00901,0.0,0.00111,0.0,0.0,0.0,0.0,0.0,0.0,0.0,0.0,0.0,102.964232,0.579311,0,0,0,0,0,0,0,,,,,,,,,,,
tiledb,node,256,0,cold,overlap_clustered_combined_12_5,48000,combined_12_5,clustered,2048,3,102.68191597424448,199766016,199766016,199766016,0.534232102,192000,96000,24000,0.5,0.125,2.0,4,6000,24000,4.0,4,380,2566065664,14557753344,0.203247,0.092099,0.035109,0.00875,0.01051,72.172245,0.024219,0.0,0.0,0.062299,0.01248,71.604283,0.0,3.489198,1.35454,24.457372,0.531772,192000,24000,1,1,192000,196608000,196608000,,,,,,,,,,,
tiledb,node,256,0,cold,overlap_clustered_combined_12_5,48000,combined_12_5,clustered,2048,4,105.7124410290271,199606272,199606272,199606272,0.566979361,192000,96000,24000,0.5,0.125,2.0,4,6000,24000,4.0,4,380,2566065664,14557753344,0.325916,0.0,0.0,0.00814,0.0,0.00024,0.0,0.0,0.0,0.0,0.0,0.0,0.0,0.0,0.0,104.708266,0.571671,0,0,0,0,0,0,0,,,,,,,,,,,
tiledb,node,256,0,cold,overlap_clustered_combined_12_5,100000,combined_12_5,clustered,2048,0,257.6181059703231,413581312,413581312,413581312,1.2822943900000001,400000,200000,50000,0.5,0.125,2.0,4,12500,50000,4.0,4,788,5344222208,15089987584,0.341665,0.110138,0.039579,81.376177,0.037789,113.316096,0.041989,0.0,0.0,0.100019,0.019889,98.519939,0.0,7.222782,3.050964,50.693258,1.138573,400000,50000,1,1,400000,409600000,409600000,,,,,,,,,,,
tiledb,node,256,0,cold,overlap_clustered_combined_12_5,100000,combined_12_5,clustered,2048,1,179.54651999752969,413683712,413683712,413683712,1.010339523,400000,200000,50000,0.5,0.125,2.0,4,12500,50000,4.0,4,788,5344222208,15092568064,0.642521,0.0,0.0,0.008,0.0,0.00045,0.0,0.0,0.0,0.0,0.0,0.0,0.0,0.0,0.0,177.61564,1.186852,0,0,0,0,0,0,0,,,,,,,,,,,
tiledb,node,256,0,cold,overlap_clustered_combined_12_5,100000,combined_12_5,clustered,2048,2,177.68030799925327,413523968,413523968,413523968,1.006506033,400000,200000,50000,0.5,0.125,2.0,4,12500,50000,4.0,4,788,5344222208,15092629504,0.360245,0.0,0.0,0.00793,0.0,0.00019,0.0,0.0,0.0,0.0,0.0,0.0,0.0,0.0,0.0,176.035013,1.178622,0,0,0,0,0,0,0,,,,,,,,,,,
tiledb,node,256,0,cold,overlap_clustered_combined_12_5,100000,combined_12_5,clustered,2048,3,175.68050796398893,411529216,411529216,411529216,0.97635527,400000,200000,50000,0.5,0.125,2.0,4,12500,50000,4.0,4,784,5344222208,15092682752,0.354075,0.0,0.0,0.008239,0.0,0.00042,0.0,0.0,0.0,0.0,0.0,0.0,0.0,0.0,0.0,174.044933,1.182463,0,0,0,0,0,0,0,,,,,,,,,,,
tiledb,node,256,0,cold,overlap_clustered_combined_12_5,100000,combined_12_5,clustered,2048,4,177.69548803335056,411631616,411631616,411631616,0.99947618,400000,200000,50000,0.5,0.125,2.0,4,12500,50000,4.0,4,784,5344222208,15092776960,0.370065,0.0,0.0,0.008,0.0,0.00052,0.0,0.0,0.0,0.0,0.0,0.0,0.0,0.0,0.0,176.049563,1.180862,0,0,0,0,0,0,0,,,,,,,,,,,
tiledb,node,256,0,cold,overlap_clustered_combined_6_25,48000,combined_6_25,clustered,2048,0,78.89494398841634,100986880,100986880,100986880,0.37401155999999997,192000,48000,12000,0.25,0.0625,4.0,4,3000,12000,4.0,4,192,2466713088,15356866560,0.184768,0.0,0.0,0.00897,0.0,0.00039,0.0,0.0,0.0,0.0,0.0,0.0,0.0,0.0,0.0,77.998047,0.572822,0,0,0,0,0,0,0,,,,,,,,,,,
tiledb,node,256,0,cold,overlap_clustered_combined_6_25,48000,combined_6_25,clustered,2048,1,78.22676299838349,101089280,101089280,101089280,0.373455628,192000,48000,12000,0.25,0.0625,4.0,4,3000,12000,4.0,4,192,2466713088,15358038016,0.175247,0.0,0.0,0.00997,0.0,0.00022,0.0,0.0,0.0,0.0,0.0,0.0,0.0,0.0,0.0,77.367046,0.572902,0,0,0,0,0,0,0,,,,,,,,,,,
tiledb,node,256,0,cold,overlap_clustered_combined_6_25,48000,combined_6_25,clustered,2048,2,78.8669339963235,101191680,101191680,101191680,0.37451861,192000,48000,12000,0.25,0.0625,4.0,4,3000,12000,4.0,4,192,2466713088,15358054400,0.182707,0.0,0.0,0.00796,0.0,0.00018,0.0,0.0,0.0,0.0,0.0,0.0,0.0,0.0,0.0,78.001907,0.574962,0,0,0,0,0,0,0,,,,,,,,,,,
tiledb,node,256,0,cold,overlap_clustered_combined_6_25,48000,combined_6_25,clustered,2048,3,78.21432402124628,101031936,101031936,101031936,0.37118152400000004,192000,48000,12000,0.25,0.0625,4.0,4,3000,12000,4.0,4,192,2466713088,15358078976,0.186147,0.0,0.0,0.00783,0.0,0.00017,0.0,0.0,0.0,0.0,0.0,0.0,0.0,0.0,0.0,77.308497,0.579302,0,0,0,0,0,0,0,,,,,,,,,,,
tiledb,node,256,0,cold,overlap_clustered_combined_6_25,48000,combined_6_25,clustered,2048,4,77.93183799367398,101130240,101130240,101130240,0.36986838499999997,192000,48000,12000,0.25,0.0625,4.0,4,3000,12000,4.0,4,192,2466713088,15358091264,0.203507,0.0,0.0,0.00775,0.0,0.0002,0.0,0.0,0.0,0.0,0.0,0.0,0.0,0.0,0.0,77.066831,0.571452,0,0,0,0,0,0,0,,,,,,,,,,,
tiledb,node,256,0,cold,overlap_clustered_combined_6_25,100000,combined_6_25,clustered,2048,0,129.06371901044622,208199680,208199680,208199680,0.651376217,400000,100000,25000,0.25,0.0625,4.0,4,6250,25000,4.0,4,396,5139422208,15627407360,0.262726,0.107779,0.037029,0.01027,0.01118,70.172605,0.020569,0.0,0.0,0.043489,0.00893,58.586189,0.0,3.639445,2.67899,50.680988,1.140912,400000,25000,1,1,200000,204800000,204800000,,,,,,,,,,,
tiledb,node,256,0,cold,overlap_clustered_combined_6_25,100000,combined_6_25,clustered,2048,1,129.62837098166347,208015360,208015360,208015360,0.643261222,400000,100000,25000,0.25,0.0625,4.0,4,6250,25000,4.0,4,396,5139422208,15628357632,0.254046,0.107429,0.039339,0.00994,0.01159,70.738966,0.02007,0.0,0.0,0.065839,0.01224,57.461046,0.0,3.633586,2.671879,50.671488,1.147712,400000,25000,1,1,200000,204800000,204800000,,,,,,,,,,,
tiledb,node,256,0,cold,overlap_clustered_combined_6_25,100000,combined_6_25,clustered,2048,2,128.0292239971459,208113664,208113664,208113664,0.632722504,400000,100000,25000,0.25,0.0625,4.0,4,6250,25000,4.0,4,396,5139422208,15628374016,0.334965,0.0,0.0,0.008059,0.0,0.00024,0.0,0.0,0.0,0.0,0.0,0.0,0.0,0.0,0.0,126.40664,1.186202,0,0,0,0,0,0,0,,,,,,,,,,,
tiledb,node,256,0,cold,overlap_clustered_combined_6_25,100000,combined_6_25,clustered,2048,3,131.23118603834882,207953920,207953920,207953920,0.6625555519999999,400000,100000,25000,0.25,0.0625,4.0,4,6250,25000,4.0,4,396,5139422208,15628390400,0.321165,0.0,0.0,0.00777,0.0,0.00019,0.0,0.0,0.0,0.0,0.0,0.0,0.0,0.0,0.0,129.635761,1.175862,0,0,0,0,0,0,0,,,,,,,,,,,
tiledb,node,256,0,cold,overlap_clustered_combined_6_25,100000,combined_6_25,clustered,2048,4,131.83625700185075,208056320,208056320,208056320,0.664685345,400000,100000,25000,0.25,0.0625,4.0,4,6250,25000,4.0,4,396,5139422208,15628431360,0.246267,0.106569,0.038369,0.00918,0.01146,72.898974,0.02032,0.0,0.0,0.061649999999999996,0.011849,59.243339,0.0,3.631255,2.66555,50.768247,1.139013,400000,25000,1,1,200000,204800000,204800000,,,,,,,,,,,
tiledb,node,256,0,cold,overlap_clustered_combined_3_125,48000,combined_3_125,clustered,2048,0,53.158700990024954,50737152,50737152,50737152,0.244492913,192000,24000,6000,0.125,0.03125,8.0,4,1500,6000,4.0,4,96,2417561088,15695081472,0.278396,0.0,0.0,0.00753,0.0,0.00011,0.0,0.0,0.0,0.0,0.0,0.0,0.0,0.0,0.0,52.227865,0.569921,0,0,0,0,0,0,0,,,,,,,,,,,
tiledb,node,256,0,cold,overlap_clustered_combined_3_125,48000,combined_3_125,clustered,2048,1,53.41750604566187,50839552,50839552,50839552,0.24585868,192000,24000,6000,0.125,0.03125,8.0,4,1500,6000,4.0,4,96,2417561088,15695097856,0.205497,0.0,0.0,0.007689,0.0,0.00017,0.0,0.0,0.0,0.0,0.0,0.0,0.0,0.0,0.0,52.54728,0.574082,0,0,0,0,0,0,0,,,,,,,,,,,
tiledb,node,256,0,cold,overlap_clustered_combined_3_125,48000,combined_3_125,clustered,2048,2,52.54483001772314,50679808,50679808,50679808,0.238933343,192000,24000,6000,0.125,0.03125,8.0,4,1500,6000,4.0,4,96,2417561088,15695101952,0.215746,0.0,0.0,0.00757,0.0,0.00017,0.0,0.0,0.0,0.0,0.0,0.0,0.0,0.0,0.0,51.670623,0.571382,0,0,0,0,0,0,0,,,,,,,,,,,
tiledb,node,256,0,cold,overlap_clustered_combined_3_125,48000,combined_3_125,clustered,2048,3,52.52664000727236,50782208,50782208,50782208,0.23857256500000001,192000,24000,6000,0.125,0.03125,8.0,4,1500,6000,4.0,4,96,2417561088,15695106048,0.207816,0.0,0.0,0.00748,0.0,0.00019,0.0,0.0,0.0,0.0,0.0,0.0,0.0,0.0,0.0,51.660223,0.572192,0,0,0,0,0,0,0,,,,,,,,,,,
tiledb,node,256,0,cold,overlap_clustered_combined_3_125,48000,combined_3_125,clustered,2048,4,54.263144033029675,52719616,52719616,52719616,0.248217518,192000,24000,6000,0.125,0.03125,8.0,4,1500,6000,4.0,4,100,2417561088,15695118336,0.201577,0.0,0.0,0.00766,0.0,0.00016,0.0,0.0,0.0,0.0,0.0,0.0,0.0,0.0,0.0,53.401507,0.573581,0,0,0,0,0,0,0,,,,,,,,,,,
tiledb,node,256,0,cold,overlap_clustered_combined_3_125,100000,combined_3_125,clustered,2048,0,108.29835099866614,105213952,105213952,105213952,0.49367263,400000,50000,12500,0.125,0.03125,8.0,4,3125,12500,4.0,4,200,5037022208,15695577088,0.336985,0.0,0.0,0.00756,0.0,0.00047,0.0,0.0,0.0,0.0,0.0,0.0,0.0,0.0,0.0,106.692975,1.185182,0,0,0,0,0,0,0,,,,,,,,,,,
tiledb,node,256,0,cold,overlap_clustered_combined_3_125,100000,combined_3_125,clustered,2048,1,109.43944496102631,105369600,105369600,105369600,0.498996477,400000,50000,12500,0.125,0.03125,8.0,4,3125,12500,4.0,4,200,5037022208,15695613952,0.64598,0.0,0.0,0.00755,0.0,0.00021,0.0,0.0,0.0,0.0,0.0,0.0,0.0,0.0,0.0,107.323916,1.222582,0,0,0,0,0,0,0,,,,,,,,,,,
tiledb,node,256,0,cold,overlap_clustered_combined_3_125,100000,combined_3_125,clustered,2048,2,108.9864710229449,105185280,105185280,105185280,0.49728110200000003,400000,50000,12500,0.125,0.03125,8.0,4,3125,12500,4.0,4,200,5037022208,15695630336,0.301896,0.106518,0.037089,0.00858,0.00905,52.011048,0.011,0.0,0.0,0.035089,0.00513,44.883785,0.0,1.836422,2.550432,50.716438,1.140273,400000,12500,1,1,100000,102400000,102400000,,,,,,,,,,,
tiledb,node,256,0,cold,overlap_clustered_combined_3_125,100000,combined_3_125,clustered,2048,3,108.7343450053595,103190528,103190528,103190528,0.497535824,400000,50000,12500,0.125,0.03125,8.0,4,3125,12500,4.0,4,196,5037022208,15695646720,0.311215,0.0,0.0,0.00795,0.0,0.00052,0.0,0.0,0.0,0.0,0.0,0.0,0.0,0.0,0.0,107.0561,1.175062,0,0,0,0,0,0,0,,,,,,,,,,,
tiledb,node,256,0,cold,overlap_clustered_combined_3_125,100000,combined_3_125,clustered,2048,4,108.47937897779047,105390080,105390080,105390080,0.496017404,400000,50000,12500,0.125,0.03125,8.0,4,3125,12500,4.0,4,200,5037022208,15695671296,0.217417,0.0,0.0,0.00761,0.0,0.00053,0.0,0.0,0.0,0.0,0.0,0.0,0.0,0.0,0.0,106.920182,1.184443,0,0,0,0,0,0,0,,,,,,,,,,,
tiledb,node,256,0,cold,overlap_clustered_stress_1,48000,stress_1,clustered,2048,0,36.94708400871605,19361792,19361792,19361792,0.150902865,192000,7680,1920,0.04,0.01,25.0,4,480,1920,4.0,4,36,2384137728,15712202752,0.207817,0.0,0.0,0.0077,0.0,0.0001,0.0,0.0,0.0,0.0,0.0,0.0,0.0,0.0,0.0,36.081407,0.572872,0,0,0,0,0,0,0,,,,,,,,,,,
tiledb,node,256,0,cold,overlap_clustered_stress_1,48000,stress_1,clustered,2048,1,37.2461790102534,19202048,19202048,19202048,0.158607859,192000,7680,1920,0.04,0.01,25.0,4,480,1920,4.0,4,36,2384137728,15712202752,0.203957,0.0,0.0,0.007619,0.0,0.00021,0.0,0.0,0.0,0.0,0.0,0.0,0.0,0.0,0.0,36.380533,0.573172,0,0,0,0,0,0,0,,,,,,,,,,,
tiledb,node,256,0,cold,overlap_clustered_stress_1,48000,stress_1,clustered,2048,2,36.7952769738622,19304448,19304448,19304448,0.149117312,192000,7680,1920,0.04,0.01,25.0,4,480,1920,4.0,4,36,2384137728,15712206848,0.181167,0.0,0.0,0.00789,0.0,0.00016,0.0,0.0,0.0,0.0,0.0,0.0,0.0,0.0,0.0,35.95378,0.571611,0,0,0,0,0,0,0,,,,,,,,,,,
tiledb,node,256,0,cold,overlap_clustered_stress_1,48000,stress_1,clustered,2048,3,37.074922991450876,19144704,19144704,19144704,0.158209886,192000,7680,1920,0.04,0.01,25.0,4,480,1920,4.0,4,36,2384137728,15712206848,0.178688,0.0,0.0,0.00745,0.0,0.00018,0.0,0.0,0.0,0.0,0.0,0.0,0.0,0.0,0.0,36.236875,0.572742,0,0,0,0,0,0,0,,,,,,,,,,,
tiledb,node,256,0,cold,overlap_clustered_stress_1,48000,stress_1,clustered,2048,4,36.6881390218623,19247104,19247104,19247104,0.14979575,192000,7680,1920,0.04,0.01,25.0,4,480,1920,4.0,4,36,2384137728,15712206848,0.190907,0.0,0.0,0.00751,0.0,0.00021,0.0,0.0,0.0,0.0,0.0,0.0,0.0,0.0,0.0,35.845251,0.570911,0,0,0,0,0,0,0,,,,,,,,,,,
tiledb,node,256,0,cold,overlap_clustered_stress_1,100000,stress_1,clustered,2048,0,74.35906096361578,36093952,36093952,36093952,0.315292621,400000,16000,4000,0.04,0.01,25.0,4,1000,4000,4.0,4,68,4967390208,15746146304,0.208047,0.0,0.0,0.00765,0.0,9e-05,0.0,0.0,0.0,0.0,0.0,0.0,0.0,0.0,0.0,72.877695,1.178262,0,0,0,0,0,0,0,,,,,,,,,,,
tiledb,node,256,0,cold,overlap_clustered_stress_1,100000,stress_1,clustered,2048,1,73.66159197408706,35934208,35934208,35934208,0.300434727,400000,16000,4000,0.04,0.01,25.0,4,1000,4000,4.0,4,68,4967390208,15746158592,0.474863,0.0,0.0,0.007649,0.0,0.00026,0.0,0.0,0.0,0.0,0.0,0.0,0.0,0.0,0.0,71.910339,1.182192,0,0,0,0,0,0,0,,,,,,,,,,,
tiledb,node,256,0,cold,overlap_clustered_stress_1,100000,stress_1,clustered,2048,2,72.59799900930375,33996800,33996800,33996800,0.307000491,400000,16000,4000,0.04,0.01,25.0,4,1000,4000,4.0,4,64,4967390208,15746203648,0.173408,0.0,0.0,0.007789,0.0,0.00016,0.0,0.0,0.0,0.0,0.0,0.0,0.0,0.0,0.0,71.138911,1.179032,0,0,0,0,0,0,0,,,,,,,,,,,
tiledb,node,256,0,cold,overlap_clustered_stress_1,100000,stress_1,clustered,2048,3,71.95417798357084,34070528,34070528,34070528,0.293027596,400000,16000,4000,0.04,0.01,25.0,4,1000,4000,4.0,4,64,4967390208,15746207744,0.182967,0.0,0.0,0.0078,0.0,0.00029,0.0,0.0,0.0,0.0,0.0,0.0,0.0,0.0,0.0,70.49113,1.180832,0,0,0,0,0,0,0,,,,,,,,,,,
tiledb,node,256,0,cold,overlap_clustered_stress_1,100000,stress_1,clustered,2048,4,72.80479499604553,33910784,33910784,33910784,0.31010193900000005,400000,16000,4000,0.04,0.01,25.0,4,1000,4000,4.0,4,64,4967390208,15746224128,0.212837,0.0,0.0,0.00761,0.0,0.00017,0.0,0.0,0.0,0.0,0.0,0.0,0.0,0.0,0.0,71.328247,1.178712,0,0,0,0,0,0,0,,,,,,,,,,,
tiledb,node,256,0,warm,overlap_clustered_independent,48000,independent,clustered,2048,0,309.21907001174986,0,0,0,2.820925611,192000,192000,192000,1.0,1.0,1.0,1,48000,192000,4.0,4,754,3942321664,15753486336,0.243466,0.0,0.0,0.00996,0.0,0.00091,0.0,0.0,0.0,0.0,0.0,0.0,0.0,0.0,0.0,308.138406,0.586681,0,0,0,0,0,0,0,,,,,,,,,,,
tiledb,node,256,0,warm,overlap_clustered_independent,48000,independent,clustered,2048,1,343.87376898666844,0,0,0,2.889299742,192000,192000,192000,1.0,1.0,1.0,1,48000,192000,4.0,4,754,3942321664,15755149312,0.264976,0.094599,0.03641,0.010339,0.03489,288.329834,0.160297,0.0,0.0,0.064499,0.050629,287.374879,0.0,27.607295,2.235997,24.404723,0.529442,192000,192000,1,1,1536000,1572864000,1572864000,,,,,,,,,,,
tiledb,node,256,0,warm,overlap_clustered_independent,48000,independent,clustered,2048,2,307.9045509803109,0,0,0,2.785270264,192000,192000,192000,1.0,1.0,1.0,1,48000,192000,4.0,4,754,3942321664,15755169792,0.314706,0.0,0.0,0.00835,0.0,0.00039,0.0,0.0,0.0,0.0,0.0,0.0,0.0,0.0,0.0,306.901396,0.579641,0,0,0,0,0,0,0,,,,,,,,,,,
tiledb,node,256,0,warm,overlap_clustered_independent,48000,independent,clustered,2048,3,301.07906297780573,0,0,0,2.7192313550000002,192000,192000,192000,1.0,1.0,1.0,1,48000,192000,4.0,4,754,3942321664,15755202560,0.185278,0.0,0.0,0.01302,0.0,0.0008,0.0,0.0,0.0,0.0,0.0,0.0,0.0,0.0,0.0,300.064808,0.584641,0,0,0,0,0,0,0,,,,,,,,,,,
tiledb,node,256,0,warm,overlap_clustered_independent,48000,independent,clustered,2048,4,320.77430601930246,0,0,0,2.882753683,192000,192000,192000,1.0,1.0,1.0,1,48000,192000,4.0,4,754,3942321664,15755239424,0.187697,0.0,0.0,0.00931,0.0,0.00097,0.0,0.0,0.0,0.0,0.0,0.0,0.0,0.0,0.0,319.680073,0.598971,0,0,0,0,0,0,0,,,,,,,,,,,
tiledb,node,256,0,warm,overlap_clustered_independent,100000,independent,clustered,2048,0,432.7763229957782,0,0,0,3.719015948,400000,400000,400000,1.0,1.0,1.0,1,100000,400000,4.0,4,1566,8211684352,15760760832,0.409334,0.0,0.0,0.00826,0.0,0.00055,0.0,0.0,0.0,0.0,0.0,0.0,0.0,0.0,0.0,431.068108,1.185382,0,0,0,0,0,0,0,,,,,,,,,,,
tiledb,node,256,0,warm,overlap_clustered_independent,100000,independent,clustered,2048,1,474.1894800099544,0,0,0,3.7872981699999997,400000,400000,400000,1.0,1.0,1.0,1,100000,400000,4.0,4,1566,8211684352,15764598784,0.348845,0.0,0.0,0.00828,0.0,0.00061,0.0,0.0,0.0,0.0,0.0,0.0,0.0,0.0,0.0,472.541825,1.185072,0,0,0,0,0,0,0,,,,,,,,,,,
tiledb,node,256,0,warm,overlap_clustered_independent,100000,independent,clustered,2048,2,439.741998037789,0,0,0,3.721297902,400000,400000,400000,1.0,1.0,1.0,1,100000,400000,4.0,4,1566,8211684352,15764668416,0.366215,0.0,0.0,0.00832,0.0,0.00065,0.0,0.0,0.0,0.0,0.0,0.0,0.0,0.0,0.0,438.078283,1.184022,0,0,0,0,0,0,0,,,,,,,,,,,
tiledb,node,256,0,warm,overlap_clustered_independent,100000,independent,clustered,2048,3,442.4436870031059,0,0,0,3.722975653,400000,400000,400000,1.0,1.0,1.0,1,100000,400000,4.0,4,1566,8211684352,15764733952,0.207717,0.0,0.0,0.00871,0.0,0.00051,0.0,0.0,0.0,0.0,0.0,0.0,0.0,0.0,0.0,440.683763,1.222172,0,0,0,0,0,0,0,,,,,,,,,,,
tiledb,node,256,0,warm,overlap_clustered_independent,100000,independent,clustered,2048,4,487.4977089930326,0,0,0,3.875419309,400000,400000,400000,1.0,1.0,1.0,1,100000,400000,4.0,4,1567,8211684352,15764746240,0.360034,0.0,0.0,0.00826,0.0,0.00048,0.0,0.0,0.0,0.0,0.0,0.0,0.0,0.0,0.0,485.841225,1.182472,0,0,0,0,0,0,0,,,,,,,,,,,
tiledb,node,256,0,warm,overlap_clustered_cross_rank_25,48000,cross_rank_25,clustered,2048,0,125.2481669653207,0,0,0,0.781193958,192000,192000,48000,1.0,0.25,1.0,4,12000,48000,4.0,4,752,2762673664,15756283904,0.388145,0.0,0.0,0.00783,0.0,0.00022,0.0,0.0,0.0,0.0,0.0,0.0,0.0,0.0,0.0,124.200973,0.572821,0,0,0,0,0,0,0,,,,,,,,,,,
tiledb,node,256,0,warm,overlap_clustered_cross_rank_25,48000,cross_rank_25,clustered,2048,1,125.7994279731065,0,0,0,0.788415066,192000,192000,48000,1.0,0.25,1.0,4,12000,48000,4.0,4,752,2762673664,15756279808,0.326065,0.0,0.0,0.008039,0.0,0.00023,0.0,0.0,0.0,0.0,0.0,0.0,0.0,0.0,0.0,124.800274,0.575951,0,0,0,0,0,0,0,,,,,,,,,,,
tiledb,node,256,0,warm,overlap_clustered_cross_rank_25,48000,cross_rank_25,clustered,2048,2,127.16902798274532,0,0,0,0.796472985,192000,192000,48000,1.0,0.25,1.0,4,12000,48000,4.0,4,752,2762673664,15756283904,0.356524,0.0,0.0,0.00783,0.0,0.00046,0.0,0.0,0.0,0.0,0.0,0.0,0.0,0.0,0.0,126.149493,0.572971,0,0,0,0,0,0,0,,,,,,,,,,,
tiledb,node,256,0,warm,overlap_clustered_cross_rank_25,48000,cross_rank_25,clustered,2048,3,124.04924497241154,0,0,0,0.772991183,192000,192000,48000,1.0,0.25,1.0,4,12000,48000,4.0,4,756,2762673664,15756283904,0.312116,0.0,0.0,0.00858,0.0,0.00051,0.0,0.0,0.0,0.0,0.0,0.0,0.0,0.0,0.0,123.05624,0.578161,0,0,0,0,0,0,0,,,,,,,,,,,
tiledb,node,256,0,warm,overlap_clustered_cross_rank_25,48000,cross_rank_25,clustered,2048,4,133.68437002645805,0,0,0,0.854853941,192000,192000,48000,1.0,0.25,1.0,4,12000,48000,4.0,4,756,2762673664,15756292096,0.312645,0.0,0.0,0.00773,0.0,0.00016,0.0,0.0,0.0,0.0,0.0,0.0,0.0,0.0,0.0,132.705065,0.571231,0,0,0,0,0,0,0,,,,,,,,,,,
tiledb,node,256,0,warm,overlap_clustered_cross_rank_25,100000,cross_rank_25,clustered,2048,0,216.30731801269576,0,0,0,1.635466423,400000,400000,100000,1.0,0.25,1.0,4,25000,100000,4.0,4,1568,5753035776,15757799424,0.423903,0.0,0.0,0.00802,0.0,0.00018,0.0,0.0,0.0,0.0,0.0,0.0,0.0,0.0,0.0,214.610303,1.181552,0,0,0,0,0,0,0,,,,,,,,,,,
tiledb,node,256,0,warm,overlap_clustered_cross_rank_25,100000,cross_rank_25,clustered,2048,1,210.61681304126978,0,0,0,1.605160305,400000,400000,100000,1.0,0.25,1.0,4,25000,100000,4.0,4,1568,5753035776,15757819904,0.359275,0.0,0.0,0.008569,0.0,0.00056,0.0,0.0,0.0,0.0,0.0,0.0,0.0,0.0,0.0,208.975918,1.183592,0,0,0,0,0,0,0,,,,,,,,,,,
tiledb,node,256,0,warm,overlap_clustered_cross_rank_25,100000,cross_rank_25,clustered,2048,2,240.0980099919252,0,0,0,1.6401187750000001,400000,400000,100000,1.0,0.25,1.0,4,25000,100000,4.0,4,1568,5753035776,15757856768,0.374984,0.0,0.0,0.00784,0.0,0.00062,0.0,0.0,0.0,0.0,0.0,0.0,0.0,0.0,0.0,238.444524,1.178673,0,0,0,0,0,0,0,,,,,,,,,,,
tiledb,node,256,0,warm,overlap_clustered_cross_rank_25,100000,cross_rank_25,clustered,2048,3,229.53700897051021,0,0,0,1.68947514,400000,400000,100000,1.0,0.25,1.0,4,25000,100000,4.0,4,1568,5753035776,15757844480,0.363675,0.0,0.0,0.00786,0.0,0.00082,0.0,0.0,0.0,0.0,0.0,0.0,0.0,0.0,0.0,227.887774,1.183542,0,0,0,0,0,0,0,,,,,,,,,,,
tiledb,node,256,0,warm,overlap_clustered_cross_rank_25,100000,cross_rank_25,clustered,2048,4,214.7550109657459,0,0,0,1.595200326,400000,400000,100000,1.0,0.25,1.0,4,25000,100000,4.0,4,1568,5753035776,15757869056,0.358314,0.0,0.0,0.00834,0.0,0.00036,0.0,0.0,0.0,0.0,0.0,0.0,0.0,0.0,0.0,213.113485,1.180863,0,0,0,0,0,0,0,,,,,,,,,,,
tiledb,node,256,0,warm,overlap_clustered_within_rank_25,48000,within_rank_25,clustered,2048,0,115.52163300802931,0,0,0,0.72973878,192000,48000,48000,0.25,0.25,4.0,1,12000,48000,4.0,4,192,2762673664,15756742656,0.407694,0.0,0.0,0.00754,0.0,0.00045,0.0,0.0,0.0,0.0,0.0,0.0,0.0,0.0,0.0,114.459629,0.571222,0,0,0,0,0,0,0,,,,,,,,,,,
tiledb,node,256,0,warm,overlap_clustered_within_rank_25,48000,within_rank_25,clustered,2048,1,129.6983200008981,0,0,0,0.83945706,192000,48000,48000,0.25,0.25,4.0,1,12000,48000,4.0,4,192,2762673664,15756742656,0.315536,0.0,0.0,0.0077,0.0,0.00039,0.0,0.0,0.0,0.0,0.0,0.0,0.0,0.0,0.0,128.713215,0.576651,0,0,0,0,0,0,0,,,,,,,,,,,
tiledb,node,256,0,warm,overlap_clustered_within_rank_25,48000,within_rank_25,clustered,2048,2,115.03990995697677,0,0,0,0.7104843479999999,192000,48000,48000,0.25,0.25,4.0,1,12000,48000,4.0,4,192,2762673664,15756734464,0.346365,0.0,0.0,0.007779,0.0,0.00084,0.0,0.0,0.0,0.0,0.0,0.0,0.0,0.0,0.0,114.026416,0.574531,0,0,0,0,0,0,0,,,,,,,,,,,
tiledb,node,256,0,warm,overlap_clustered_within_rank_25,48000,within_rank_25,clustered,2048,3,129.25693596480414,0,0,0,0.841853746,192000,48000,48000,0.25,0.25,4.0,1,12000,48000,4.0,4,192,2762673664,15756738560,0.212467,0.093709,0.035219,0.00974,0.01223,95.259087,0.038179,0.0,0.0,0.06644800000000001,0.01772,94.227234,0.0,6.933186,1.476008,24.356134,0.532372,192000,48000,1,1,384000,393216000,393216000,,,,,,,,,,,
tiledb,node,256,0,warm,overlap_clustered_within_rank_25,48000,within_rank_25,clustered,2048,4,116.91513197729364,0,0,0,0.731000342,192000,48000,48000,0.25,0.25,4.0,1,12000,48000,4.0,4,192,2762673664,15756742656,0.370725,0.0,0.0,0.007679,0.0,0.00055,0.0,0.0,0.0,0.0,0.0,0.0,0.0,0.0,0.0,115.880568,0.574661,0,0,0,0,0,0,0,,,,,,,,,,,
tiledb,node,256,0,warm,overlap_clustered_within_rank_25,100000,within_rank_25,clustered,2048,0,236.70146096264943,0,0,0,1.604037476,400000,100000,100000,0.25,0.25,4.0,1,25000,100000,4.0,4,395,5753035776,15758323712,0.451674,0.0,0.0,0.00757,0.0,0.00041,0.0,0.0,0.0,0.0,0.0,0.0,0.0,0.0,0.0,234.983377,1.177452,0,0,0,0,0,0,0,,,,,,,,,,,
tiledb,node,256,0,warm,overlap_clustered_within_rank_25,100000,within_rank_25,clustered,2048,1,206.76166098564863,0,0,0,1.552719127,400000,100000,100000,0.25,0.25,4.0,1,25000,100000,4.0,4,395,5753035776,15758336000,0.342965,0.0,0.0,0.00776,0.0,0.00061,0.0,0.0,0.0,0.0,0.0,0.0,0.0,0.0,0.0,205.137225,1.183802,0,0,0,0,0,0,0,,,,,,,,,,,
tiledb,node,256,0,warm,overlap_clustered_within_rank_25,100000,within_rank_25,clustered,2048,2,239.37711102189496,0,0,0,1.633833382,400000,100000,100000,0.25,0.25,4.0,1,25000,100000,4.0,4,395,5753035776,15758340096,0.352224,0.0,0.0,0.00802,0.0,0.00052,0.0,0.0,0.0,0.0,0.0,0.0,0.0,0.0,0.0,237.743185,1.183122,0,0,0,0,0,0,0,,,,,,,,,,,
tiledb,node,256,0,warm,overlap_clustered_within_rank_25,100000,within_rank_25,clustered,2048,3,242.5300229806453,0,0,0,1.691558878,400000,100000,100000,0.25,0.25,4.0,1,25000,100000,4.0,4,394,5753035776,15758360576,0.767978,0.0,0.0,0.00808,0.0,0.00038,0.0,0.0,0.0,0.0,0.0,0.0,0.0,0.0,0.0,240.476514,1.181642,0,0,0,0,0,0,0,,,,,,,,,,,
tiledb,node,256,0,warm,overlap_clustered_within_rank_25,100000,within_rank_25,clustered,2048,4,216.3942860206589,0,0,0,1.636388147,400000,100000,100000,0.25,0.25,4.0,1,25000,100000,4.0,4,394,5753035776,15758364672,0.351195,0.0,0.0,0.00811,0.0,0.0004,0.0,0.0,0.0,0.0,0.0,0.0,0.0,0.0,0.0,214.761021,1.180552,0,0,0,0,0,0,0,,,,,,,,,,,
tiledb,node,256,0,warm,overlap_clustered_combined_12_5,48000,combined_12_5,clustered,2048,0,85.21527895936742,0,0,0,0.461961551,192000,96000,24000,0.5,0.125,2.0,4,6000,24000,4.0,4,376,2566065664,15756570624,0.382895,0.0,0.0,0.00827,0.0,7e-05,0.0,0.0,0.0,0.0,0.0,0.0,0.0,0.0,0.0,84.166705,0.575821,0,0,0,0,0,0,0,,,,,,,,,,,
tiledb,node,256,0,warm,overlap_clustered_combined_12_5,48000,combined_12_5,clustered,2048,1,86.57584903994575,0,0,0,0.476857903,192000,96000,24000,0.5,0.125,2.0,4,6000,24000,4.0,4,376,2566065664,15756570624,0.212927,0.093028,0.03677,0.00928,0.011089,56.143576,0.0206,0.0,0.0,0.064569,0.01189,55.722192,0.0,3.487678,1.352069,24.370293,0.532592,192000,24000,1,1,192000,196608000,196608000,,,,,,,,,,,
tiledb,node,256,0,warm,overlap_clustered_combined_12_5,48000,combined_12_5,clustered,2048,2,86.20609302306548,0,0,0,0.468679188,192000,96000,24000,0.5,0.125,2.0,4,6000,24000,4.0,4,380,2566065664,15756574720,0.201437,0.092619,0.037459,0.00944,0.01066,55.801771,0.0205,0.0,0.0,0.05982,0.011759,55.389738,0.0,3.485307,1.35505,24.360254,0.531452,192000,24000,1,1,192000,196608000,196608000,,,,,,,,,,,
tiledb,node,256,0,warm,overlap_clustered_combined_12_5,48000,combined_12_5,clustered,2048,3,86.86968398978934,0,0,0,0.471211672,192000,96000,24000,0.5,0.125,2.0,4,6000,24000,4.0,4,380,2566065664,15756574720,0.208677,0.092668,0.03732,0.00915,0.011259,56.441162,0.02037,0.0,0.0,0.059989,0.0125,56.027587,0.0,3.486077,1.35404,24.365214,0.532592,192000,24000,1,1,192000,196608000,196608000,,,,,,,,,,,
tiledb,node,256,0,warm,overlap_clustered_combined_12_5,48000,combined_12_5,clustered,2048,4,87.3105269856751,0,0,0,0.487679449,192000,96000,24000,0.5,0.125,2.0,4,6000,24000,4.0,4,380,2566065664,15756570624,0.205467,0.093439,0.037289,0.00914,0.01104,56.899204,0.01979,0.0,0.0,0.060548000000000005,0.01228,56.475571,0.0,3.484728,1.35711,24.360924,0.530932,192000,24000,1,1,192000,196608000,196608000,,,,,,,,,,,
tiledb,node,256,0,warm,overlap_clustered_combined_12_5,100000,combined_12_5,clustered,2048,0,150.35961900139228,0,0,0,0.894958591,400000,200000,50000,0.5,0.125,2.0,4,12500,50000,4.0,4,788,5344222208,15751536640,0.471213,0.103878,0.0376,0.00917,0.015489,87.475695,0.03869,0.0,0.0,0.084229,0.01959,73.83507,0.0,7.216431,3.024455,50.623929,1.143843,400000,50000,1,1,400000,409600000,409600000,,,,,,,,,,,
tiledb,node,256,0,warm,overlap_clustered_combined_12_5,100000,combined_12_5,clustered,2048,1,150.64228500705212,0,0,0,0.891648971,400000,200000,50000,0.5,0.125,2.0,4,12500,50000,4.0,4,788,5344222208,15753940992,0.285056,0.0,0.0,0.00849,0.0,0.00085,0.0,0.0,0.0,0.0,0.0,0.0,0.0,0.0,0.0,148.958821,1.183552,0,0,0,0,0,0,0,,,,,,,,,,,
tiledb,node,256,0,warm,overlap_clustered_combined_12_5,100000,combined_12_5,clustered,2048,2,149.83463700627908,0,0,0,0.885906889,400000,200000,50000,0.5,0.125,2.0,4,12500,50000,4.0,4,788,5344222208,15753932800,0.290675,0.0,0.0,0.0087,0.0,0.00054,0.0,0.0,0.0,0.0,0.0,0.0,0.0,0.0,0.0,148.142662,1.186702,0,0,0,0,0,0,0,,,,,,,,,,,
tiledb,node,256,0,warm,overlap_clustered_combined_12_5,100000,combined_12_5,clustered,2048,3,149.88747600000352,0,0,0,0.8857949709999999,400000,200000,50000,0.5,0.125,2.0,4,12500,50000,4.0,4,784,5344222208,15753965568,0.309486,0.0,0.0,0.007759,0.0,0.00093,0.0,0.0,0.0,0.0,0.0,0.0,0.0,0.0,0.0,148.190012,1.183772,0,0,0,0,0,0,0,,,,,,,,,,,
tiledb,node,256,0,warm,overlap_clustered_combined_12_5,100000,combined_12_5,clustered,2048,4,150.42070799972862,0,0,0,0.8877339980000001,400000,200000,50000,0.5,0.125,2.0,4,12500,50000,4.0,4,784,5344222208,15754002432,0.309916,0.0,0.0,0.00823,0.0,0.00056,0.0,0.0,0.0,0.0,0.0,0.0,0.0,0.0,0.0,148.729894,1.177512,0,0,0,0,0,0,0,,,,,,,,,,,
tiledb,node,256,0,warm,overlap_clustered_combined_6_25,48000,combined_6_25,clustered,2048,0,60.808485955931246,0,0,0,0.295172824,192000,48000,12000,0.25,0.0625,4.0,4,3000,12000,4.0,4,192,2466713088,15749980160,0.236226,0.0,0.0,0.00896,0.0,0.00019,0.0,0.0,0.0,0.0,0.0,0.0,0.0,0.0,0.0,59.659233,0.61468,0,0,0,0,0,0,0,,,,,,,,,,,
tiledb,node,256,0,warm,overlap_clustered_combined_6_25,48000,combined_6_25,clustered,2048,1,60.20059500588104,0,0,0,0.297386546,192000,48000,12000,0.25,0.0625,4.0,4,3000,12000,4.0,4,192,2466713088,15750942720,0.227187,0.0,0.0,0.00983,0.0,0.00101,0.0,0.0,0.0,0.0,0.0,0.0,0.0,0.0,0.0,59.16489,0.578332,0,0,0,0,0,0,0,,,,,,,,,,,
tiledb,node,256,0,warm,overlap_clustered_combined_6_25,48000,combined_6_25,clustered,2048,2,62.100715993437916,0,0,0,0.305082706,192000,48000,12000,0.25,0.0625,4.0,4,3000,12000,4.0,4,192,2466713088,15750963200,0.277746,0.0,0.0,0.00777,0.0,0.00034,0.0,0.0,0.0,0.0,0.0,0.0,0.0,0.0,0.0,61.163251,0.571451,0,0,0,0,0,0,0,,,,,,,,,,,
tiledb,node,256,0,warm,overlap_clustered_combined_6_25,48000,combined_6_25,clustered,2048,3,59.609603020362556,0,0,0,0.292048104,192000,48000,12000,0.25,0.0625,4.0,4,3000,12000,4.0,4,192,2466713088,15750987776,0.329665,0.0,0.0,0.00767,0.0,0.00028,0.0,0.0,0.0,0.0,0.0,0.0,0.0,0.0,0.0,58.621288,0.571662,0,0,0,0,0,0,0,,,,,,,,,,,
tiledb,node,256,0,warm,overlap_clustered_combined_6_25,48000,combined_6_25,clustered,2048,4,60.29155297437683,0,0,0,0.297475698,192000,48000,12000,0.25,0.0625,4.0,4,3000,12000,4.0,4,192,2466713088,15750995968,0.284836,0.0,0.0,0.00815,0.0,0.00026,0.0,0.0,0.0,0.0,0.0,0.0,0.0,0.0,0.0,59.315588,0.572032,0,0,0,0,0,0,0,,,,,,,,,,,
tiledb,node,256,0,warm,overlap_clustered_combined_6_25,100000,combined_6_25,clustered,2048,0,113.57601301278919,0,0,0,0.594720676,400000,100000,25000,0.25,0.0625,4.0,4,6250,25000,4.0,4,396,5139422208,15751843840,0.297575,0.0,0.0,0.00924,0.0,0.00051,0.0,0.0,0.0,0.0,0.0,0.0,0.0,0.0,0.0,111.915547,1.178063,0,0,0,0,0,0,0,,,,,,,,,,,
tiledb,node,256,0,warm,overlap_clustered_combined_6_25,100000,combined_6_25,clustered,2048,1,114.66873600147665,0,0,0,0.587066548,400000,100000,25000,0.25,0.0625,4.0,4,6250,25000,4.0,4,396,5139422208,15753461760,0.252956,0.103438,0.0382,0.009099,0.01168,55.86977,0.02027,0.0,0.0,0.06275900000000001,0.0128,41.701803,0.0,3.633955,2.66295,50.620759,1.137962,400000,25000,1,1,200000,204800000,204800000,,,,,,,,,,,
tiledb,node,256,0,warm,overlap_clustered_combined_6_25,100000,combined_6_25,clustered,2048,2,114.92694198386744,0,0,0,0.592993997,400000,100000,25000,0.25,0.0625,4.0,4,6250,25000,4.0,4,396,5139422208,15753461760,0.329405,0.0,0.0,0.00806,0.0,0.00017,0.0,0.0,0.0,0.0,0.0,0.0,0.0,0.0,0.0,113.284557,1.180262,0,0,0,0,0,0,0,,,,,,,,,,,
tiledb,node,256,0,warm,overlap_clustered_combined_6_25,100000,combined_6_25,clustered,2048,3,116.0667350050062,0,0,0,0.599756869,400000,100000,25000,0.25,0.0625,4.0,4,6250,25000,4.0,4,396,5139422208,15753465856,0.339075,0.102278,0.03604,0.00899,0.011429,56.996963,0.01969,0.0,0.0,0.048389,0.01127,42.621339,0.0,3.633366,2.66852,50.819346,1.138763,400000,25000,1,1,200000,204800000,204800000,,,,,,,,,,,
tiledb,node,256,0,warm,overlap_clustered_combined_6_25,100000,combined_6_25,clustered,2048,4,106.18131299270317,0,0,0,0.539507651,400000,100000,25000,0.25,0.0625,4.0,4,6250,25000,4.0,4,396,5139422208,15753478144,0.228047,0.0,0.0,0.00824,0.0,0.00038,0.0,0.0,0.0,0.0,0.0,0.0,0.0,0.0,0.0,104.566488,1.185242,0,0,0,0,0,0,0,,,,,,,,,,,
tiledb,node,256,0,warm,overlap_clustered_combined_3_125,48000,combined_3_125,clustered,2048,0,44.751106994226575,0,0,0,0.206914565,192000,24000,6000,0.125,0.03125,8.0,4,1500,6000,4.0,4,96,2417561088,15753195520,0.306046,0.0,0.0,0.00749,0.0,0.00021,0.0,0.0,0.0,0.0,0.0,0.0,0.0,0.0,0.0,43.792532,0.571371,0,0,0,0,0,0,0,,,,,,,,,,,
tiledb,node,256,0,warm,overlap_clustered_combined_3_125,48000,combined_3_125,clustered,2048,1,44.30249403230846,0,0,0,0.205567999,192000,24000,6000,0.125,0.03125,8.0,4,1500,6000,4.0,4,96,2417561088,15753195520,0.256636,0.0,0.0,0.00753,0.0,0.00024,0.0,0.0,0.0,0.0,0.0,0.0,0.0,0.0,0.0,43.387408,0.569361,0,0,0,0,0,0,0,,,,,,,,,,,
tiledb,node,256,0,warm,overlap_clustered_combined_3_125,48000,combined_3_125,clustered,2048,2,44.27810397464782,0,0,0,0.20388295499999998,192000,24000,6000,0.125,0.03125,8.0,4,1500,6000,4.0,4,96,2417561088,15753195520,0.220947,0.0,0.0,0.00799,0.0,0.00019,0.0,0.0,0.0,0.0,0.0,0.0,0.0,0.0,0.0,43.387918,0.572761,0,0,0,0,0,0,0,,,,,,,,,,,
tiledb,node,256,0,warm,overlap_clustered_combined_3_125,48000,combined_3_125,clustered,2048,3,44.32008299045265,0,0,0,0.205822409,192000,24000,6000,0.125,0.03125,8.0,4,1500,6000,4.0,4,96,2417561088,15753203712,0.207297,0.0,0.0,0.00768,0.0,0.00017,0.0,0.0,0.0,0.0,0.0,0.0,0.0,0.0,0.0,43.451636,0.570712,0,0,0,0,0,0,0,,,,,,,,,,,
tiledb,node,256,0,warm,overlap_clustered_combined_3_125,48000,combined_3_125,clustered,2048,4,44.870874960906804,0,0,0,0.208699525,192000,24000,6000,0.125,0.03125,8.0,4,1500,6000,4.0,4,100,2417561088,15753216000,0.189557,0.0,0.0,0.008,0.0,0.00018,0.0,0.0,0.0,0.0,0.0,0.0,0.0,0.0,0.0,44.017528,0.571902,0,0,0,0,0,0,0,,,,,,,,,,,
tiledb,node,256,0,warm,overlap_clustered_combined_3_125,100000,combined_3_125,clustered,2048,0,90.21245402982458,0,0,0,0.41649774,400000,50000,12500,0.125,0.03125,8.0,4,3125,12500,4.0,4,200,5037022208,15753641984,0.276486,0.0,0.0,0.00883,0.0,0.00023,0.0,0.0,0.0,0.0,0.0,0.0,0.0,0.0,0.0,88.653047,1.180302,0,0,0,0,0,0,0,,,,,,,,,,,
tiledb,node,256,0,warm,overlap_clustered_combined_3_125,100000,combined_3_125,clustered,2048,1,90.87222401285544,0,0,0,0.42041609,400000,50000,12500,0.125,0.03125,8.0,4,3125,12500,4.0,4,200,5037022208,15753678848,0.253206,0.0,0.0,0.00834,0.0,0.0003,0.0,0.0,0.0,0.0,0.0,0.0,0.0,0.0,0.0,89.327427,1.179842,0,0,0,0,0,0,0,,,,,,,,,,,
tiledb,node,256,0,warm,overlap_clustered_combined_3_125,100000,combined_3_125,clustered,2048,2,89.86460900632665,0,0,0,0.415880144,400000,50000,12500,0.125,0.03125,8.0,4,3125,12500,4.0,4,200,5037022208,15753691136,0.291006,0.0,0.0,0.00764,0.0,0.0003,0.0,0.0,0.0,0.0,0.0,0.0,0.0,0.0,0.0,88.306563,1.181292,0,0,0,0,0,0,0,,,,,,,,,,,
tiledb,node,256,0,warm,overlap_clustered_combined_3_125,100000,combined_3_125,clustered,2048,3,90.96228302223608,0,0,0,0.419829671,400000,50000,12500,0.125,0.03125,8.0,4,3125,12500,4.0,4,196,5037022208,15753703424,0.323235,0.0,0.0,0.00772,0.0,0.00022,0.0,0.0,0.0,0.0,0.0,0.0,0.0,0.0,0.0,89.384796,1.167713,0,0,0,0,0,0,0,,,,,,,,,,,
tiledb,node,256,0,warm,overlap_clustered_combined_3_125,100000,combined_3_125,clustered,2048,4,90.90451401425526,0,0,0,0.42009800399999997,400000,50000,12500,0.125,0.03125,8.0,4,3125,12500,4.0,4,200,5037022208,15753699328,0.555431,0.0,0.0,0.00758,0.0,0.00013,0.0,0.0,0.0,0.0,0.0,0.0,0.0,0.0,0.0,89.08415,1.176893,0,0,0,0,0,0,0,,,,,,,,,,,
tiledb,node,256,0,warm,overlap_clustered_stress_1,48000,stress_1,clustered,2048,0,33.40843803016469,0,0,0,0.137980763,192000,7680,1920,0.04,0.01,25.0,4,480,1920,4.0,4,36,2384137728,15753535488,0.206197,0.0,0.0,0.00749,0.0,0.00017,0.0,0.0,0.0,0.0,0.0,0.0,0.0,0.0,0.0,32.546051,0.573531,0,0,0,0,0,0,0,,,,,,,,,,,
tiledb,node,256,0,warm,overlap_clustered_stress_1,48000,stress_1,clustered,2048,1,33.481566002592444,0,0,0,0.139411895,192000,7680,1920,0.04,0.01,25.0,4,480,1920,4.0,4,36,2384137728,15753535488,0.205247,0.0,0.0,0.007519,0.0,0.00019,0.0,0.0,0.0,0.0,0.0,0.0,0.0,0.0,0.0,32.61856,0.570112,0,0,0,0,0,0,0,,,,,,,,,,,
tiledb,node,256,0,warm,overlap_clustered_stress_1,48000,stress_1,clustered,2048,2,33.00748398760334,0,0,0,0.137303959,192000,7680,1920,0.04,0.01,25.0,4,480,1920,4.0,4,36,2384137728,15753535488,0.211296,0.0,0.0,0.00764,0.0,0.00021,0.0,0.0,0.0,0.0,0.0,0.0,0.0,0.0,0.0,32.140927,0.572561,0,0,0,0,0,0,0,,,,,,,,,,,
tiledb,node,256,0,warm,overlap_clustered_stress_1,48000,stress_1,clustered,2048,3,33.399167004972696,0,0,0,0.141819084,192000,7680,1920,0.04,0.01,25.0,4,480,1920,4.0,4,36,2384137728,15753531392,0.202917,0.0,0.0,0.0075,0.0,0.00022,0.0,0.0,0.0,0.0,0.0,0.0,0.0,0.0,0.0,32.537831,0.571732,0,0,0,0,0,0,0,,,,,,,,,,,
tiledb,node,256,0,warm,overlap_clustered_stress_1,48000,stress_1,clustered,2048,4,33.06143300142139,0,0,0,0.136389773,192000,7680,1920,0.04,0.01,25.0,4,480,1920,4.0,4,36,2384137728,15753531392,0.207826,0.0,0.0,0.00777,0.0,0.0002,0.0,0.0,0.0,0.0,0.0,0.0,0.0,0.0,0.0,32.200646,0.572861,0,0,0,0,0,0,0,,,,,,,,,,,
tiledb,node,256,0,warm,overlap_clustered_stress_1,100000,stress_1,clustered,2048,0,67.10278103128076,0,0,0,0.283656326,400000,16000,4000,0.04,0.01,25.0,4,1000,4000,4.0,4,68,4967390208,15753793536,0.241856,0.0,0.0,0.00758,0.0,0.00015,0.0,0.0,0.0,0.0,0.0,0.0,0.0,0.0,0.0,65.605394,1.175602,0,0,0,0,0,0,0,,,,,,,,,,,
tiledb,node,256,0,warm,overlap_clustered_stress_1,100000,stress_1,clustered,2048,1,67.01417302247137,0,0,0,0.27841980299999997,400000,16000,4000,0.04,0.01,25.0,4,1000,4000,4.0,4,68,4967390208,15753826304,0.202347,0.0,0.0,0.00778,0.0,0.0004,0.0,0.0,0.0,0.0,0.0,0.0,0.0,0.0,0.0,65.535695,1.176602,0,0,0,0,0,0,0,,,,,,,,,,,
tiledb,node,256,0,warm,overlap_clustered_stress_1,100000,stress_1,clustered,2048,2,66.10680604353547,0,0,0,0.27446785,400000,16000,4000,0.04,0.01,25.0,4,1000,4000,4.0,4,64,4967390208,15753850880,0.224327,0.0,0.0,0.00771,0.0,0.0002,0.0,0.0,0.0,0.0,0.0,0.0,0.0,0.0,0.0,64.611178,1.184492,0,0,0,0,0,0,0,,,,,,,,,,,
tiledb,node,256,0,warm,overlap_clustered_stress_1,100000,stress_1,clustered,2048,3,66.36032200185582,0,0,0,0.273260546,400000,16000,4000,0.04,0.01,25.0,4,1000,4000,4.0,4,64,4967390208,15753863168,0.232006,0.0,0.0,0.00746,0.0,0.00019,0.0,0.0,0.0,0.0,0.0,0.0,0.0,0.0,0.0,64.870934,1.173403,0,0,0,0,0,0,0,,,,,,,,,,,
tiledb,node,256,0,warm,overlap_clustered_stress_1,100000,stress_1,clustered,2048,4,67.1407810295932,0,0,0,0.283309092,400000,16000,4000,0.04,0.01,25.0,4,1000,4000,4.0,4,64,4967390208,15753871360,0.217296,0.0,0.0,0.00759,0.0,0.00015,0.0,0.0,0.0,0.0,0.0,0.0,0.0,0.0,0.0,65.663133,1.176762,0,0,0,0,0,0,0,,,,,,,,,,,
