backend,array_layout,tile_extent_rows,query_chunk_rows,cache_mode,pattern,batch_size,width,world_size,latency_mean_ms,latency_p50_ms,latency_p95_ms,rows_per_second,useful_gib_per_second,storage_read_gib,storage_read_gib_per_second,process_read_gib,device_read_gib,storage_counter_source,read_amplification,process_cpu_percent,unique_row_fraction,contiguous_ranges_mean,estimated_tiles_touched_mean,cuda_peak_temporary_bytes,aggregate_rss_peak_bytes,index_bytes_peak_per_rank,raw_staging_bytes_peak_per_rank,output_bytes_peak_per_rank,samples,id_routing_mean_ms,gpu_sort_mean_ms,gpu_deduplicate_mean_ms,staging_allocation_mean_ms,indices_d2h_mean_ms,tiledb_read_mean_ms,id_decode_mean_ms,id_sort_mean_ms,id_deduplicate_mean_ms,query_setup_mean_ms,range_build_mean_ms,query_submit_mean_ms,cpu_reorder_mean_ms,rows_h2d_mean_ms,gpu_expand_mean_ms,embedding_exchange_mean_ms,output_reorder_mean_ms,storage_requested_rows_mean,storage_unique_rows_mean,storage_range_count_mean,storage_query_count_mean,tile_overlap_planning_mean_ms,relevant_tile_overlap_mean_ms,partition_planning_mean_ms,internal_tile_read_mean_ms,internal_unfilter_mean_ms,internal_copy_mean_ms,internal_reader_work_mean_ms,tiledb_ranges_requested_mean,tiledb_tiles_read_mean,tiledb_vfs_read_ops_mean,tiledb_vfs_read_bytes_mean
cpu,none,,0,resident,random,1024,128,4,0.24083149037323892,0.24083149037323892,0.24195154837798327,17007742.607297942,8.109923652314158,0.0,0.0,0.0,0.0,device,0.0,556.2852257915803,0.9979248046875,4066,,1604096,6250512384,0,0,0,2,0.0,0.0,0.0,0.0,0.0,0.0,0.0,0.0,0.0,0.0,0.0,0.0,0.0,0.0,0.0,0.0,0.0,0,0,0,0,,,,,,,,,,,
cpu,none,,0,resident,random,8192,128,4,0.44289298239164054,0.44289298239164054,0.4443059879122302,73986270.50501327,35.279402973658215,0.0,0.0,0.0,0.0,device,0.0,474.38660884947376,0.9839630126953125,31241.5,,12806656,6251732992,0,0,0,2,0.0,0.0,0.0,0.0,0.0,0.0,0.0,0.0,0.0,0.0,0.0,0.0,0.0,0.0,0.0,0.0,0.0,0,0,0,0,,,,,,,,,,,
cpu,none,,0,resident,random,65536,128,4,1.7602689913474023,1.7602689913474023,1.8175755918491632,148922693.79769123,71.01187410244523,0.0,0.0,0.0,0.0,device,0.0,406.2573410741093,0.8847713470458984,180587,,101868032,6265819136,0,0,0,2,0.0,0.0,0.0,0.0,0.0,0.0,0.0,0.0,0.0,0.0,0.0,0.0,0.0,0.0,0.0,0.0,0.0,0,0,0,0,,,,,,,,,,,
cpu,none,,0,resident,window_256,1024,128,4,0.2085370069835335,0.2085370069835335,0.2089779736706987,19641597.715667937,9.36584363730809,0.0,0.0,0.0,0.0,device,0.0,512.1776779333644,0.246826171875,17,,2122240,6266130432,0,0,0,2,0.0,0.0,0.0,0.0,0.0,0.0,0.0,0.0,0.0,0.0,0.0,0.0,0.0,0.0,0.0,0.0,0.0,0,0,0,0,,,,,,,,,,,
cpu,none,,0,resident,window_256,8192,128,4,0.5758314800914377,0.5758314800914377,0.6030920223565772,56905537.70140647,27.134674883559452,0.0,0.0,0.0,0.0,device,0.0,383.6104965378474,0.03125,4,,16974336,6266175488,0,0,0,2,0.0,0.0,0.0,0.0,0.0,0.0,0.0,0.0,0.0,0.0,0.0,0.0,0.0,0.0,0.0,0.0,0.0,0,0,0,0,,,,,,,,,,,
cpu,none,,0,resident,window_256,65536,128,4,3.3596300054341555,3.3596300054341555,3.659073548624292,78027639.82223807,37.20647803413299,0.0,0.0,0.0,0.0,device,0.0,347.3568214691526,0.00390625,4,,135791104,6266261504,0,0,0,2,0.0,0.0,0.0,0.0,0.0,0.0,0.0,0.0,0.0,0.0,0.0,0.0,0.0,0.0,0.0,0.0,0.0,0,0,0,0,,,,,,,,,,,
cpu,none,,0,resident,window_4096,1024,128,4,0.21042200387455523,0.21042200387455523,0.2125955099472776,19465644.86878408,9.281942781822243,0.0,0.0,0.0,0.0,device,0.0,487.9527716179868,0.8836669921875,2801,,2122240,6266568704,0,0,0,2,0.0,0.0,0.0,0.0,0.0,0.0,0.0,0.0,0.0,0.0,0.0,0.0,0.0,0.0,0.0,0.0,0.0,0,0,0,0,,,,,,,,,,,
cpu,none,,0,resident,window_4096,8192,128,4,0.5725114897359163,0.5725114897359163,0.6040470645530149,57235532.53946916,27.292028684362965,0.0,0.0,0.0,0.0,device,0.0,411.73409481918395,0.4308013916015625,1967.5,,16974336,6266658816,0,0,0,2,0.0,0.0,0.0,0.0,0.0,0.0,0.0,0.0,0.0,0.0,0.0,0.0,0.0,0.0,0.0,0.0,0.0,0,0,0,0,,,,,,,,,,,
cpu,none,,0,resident,window_4096,65536,128,4,2.5261625123675913,2.5261625123675913,2.974238755996339,103771629.38512266,49.48216885810979,0.0,0.0,0.0,0.0,device,0.0,349.7184546421004,0.0625,4,,135791104,6266781696,0,0,0,2,0.0,0.0,0.0,0.0,0.0,0.0,0.0,0.0,0.0,0.0,0.0,0.0,0.0,0.0,0.0,0.0,0.0,0,0,0,0,,,,,,,,,,,
cpu,none,,0,resident,window_65536,1024,128,4,0.21637699683196843,0.21637699683196843,0.2214079984696582,18929923.512991656,9.026490932937458,0.0,0.0,0.0,0.0,device,0.0,493.4836029863231,0.994140625,4009.5,,2377216,6266957824,0,0,0,2,0.0,0.0,0.0,0.0,0.0,0.0,0.0,0.0,0.0,0.0,0.0,0.0,0.0,0.0,0.0,0.0,0.0,0,0,0,0,,,,,,,,,,,
cpu,none,,0,resident,window_65536,8192,128,4,0.5944010044913739,0.5944010044913739,0.6089809845434502,55127766.86513076,26.28696769005335,0.0,0.0,0.0,0.0,device,0.0,445.42942895353457,0.940277099609375,27193,,15370240,6267228160,0,0,0,2,0.0,0.0,0.0,0.0,0.0,0.0,0.0,0.0,0.0,0.0,0.0,0.0,0.0,0.0,0.0,0.0,0.0,0,0,0,0,,,,,,,,,,,
cpu,none,,0,resident,window_65536,65536,128,4,3.1976269965525717,3.1976269965525717,3.4117289091227576,81980793.97084866,39.09148882429536,0.0,0.0,0.0,0.0,device,0.0,345.6503529622451,0.632080078125,61048.5,,135866880,6267289600,0,0,0,2,0.0,0.0,0.0,0.0,0.0,0.0,0.0,0.0,0.0,0.0,0.0,0.0,0.0,0.0,0.0,0.0,0.0,0,0,0,0,,,,,,,,,,,
tiledb,rank,256,0,cold,random,1024,128,4,31.72963098040782,31.72963098040782,31.77178155456204,129090.69136445892,0.06155523842070528,0.25006103515625,3.9404970595254616,0.25006103515625,0.25006103515625,device,64.015625,723.4083186839817,0.9979248046875,4066,2589,2171904,6182383616,8192,524288,524288,2,0.133878,0.034065,0.032349,0.00965,0.007145,29.8851535,0.0022500000000000003,0.0,0.0,0.0588595,0.12614799999999998,27.2651775,0.0,0.027805,0.0236795,1.4080845,0.012320000000000001,1028,1021.5,1006,1,0.467248,0.3668505,0.7459640000000001,21.776449999999997,1.6286049999999999,0.07008400000000001,27.222050000000003,1006,251.5,1,33562624
tiledb,rank,256,0,cold,random,8192,128,4,36.26708299270831,36.26708299270831,36.36766968120355,903519.0397470946,0.43083145129542094,0.25006103515625,3.447493078041679,0.25006103515625,0.25006103515625,device,8.001953125,829.061729504004,0.9839630126953125,31241.5,4094,17116160,6209159168,63144,4041216,4041216,2,0.24757649999999998,0.09420400000000001,0.0331245,0.010214500000000001,0.008164999999999999,34.8362345,0.00793,0.0,0.0,0.16843750000000002,0.7438585,30.928948,0.0,0.10518849999999999,0.036865,0.6597505,0.0161695,8304.5,7812.5,6883.5,1,0.9807045000000001,0.8366899999999999,2.421185,22.309649999999998,1.834435,0.16926750000000002,30.74205,6883.5,256,1,33562624
tiledb,rank,256,0,cold,random,65536,128,4,45.764021488139406,45.764021488139406,46.17284512205515,5728167.924838937,2.7314033149904904,0.25006103515625,2.7320701615029392,0.25006103515625,0.25006103515625,device,1.000244140625,924.9281372916538,0.8847713470458984,180587,4096,125202432,6360956928,331672,21227008,21227008,2,0.29642999999999997,0.08566399999999999,0.039174,0.012400000000000001,0.013555,43.5681645,0.033914,0.0,0.0,0.3455105,1.6283755,36.3770015,0.0,0.41700349999999997,0.1025535,0.863902,0.0306195,65790,41443,15190,1,2.54192,2.25892,5.56295,21.5246,1.914545,0.529427,35.654650000000004,15190,256,1,33562624
tiledb,rank,256,0,cold,window_256,1024,128,4,6.484263023594394,6.484263023594394,7.044135939213447,631683.1974729924,0.3012100207676851,0.02342987060546875,1.8066718237842987,0.02342987060546875,0.02342987060546875,device,5.998046875,325.6313157435049,0.246826171875,17,8,2447872,6341287936,4064,260096,260096,2,0.127983,0.034364500000000006,0.039829,0.700775,0.010974500000000002,5.3156605,0.0015049999999999998,0.0,0.0,0.045729,0.00527,4.5728775,0.0,0.021075,0.029489500000000002,0.06656899999999999,0.0122595,2048,507,7,1,0.12464800000000001,0.0847935,0.15483750000000002,4.1539,0.149503,0.017455000000000002,4.5494900000000005,7,4,1,10619424
tiledb,rank,256,0,cold,window_256,8192,128,4,6.88712700502947,6.88712700502947,7.309769699349999,4757862.019397998,2.268725404452323,0.0264739990234375,1.9219914925413968,0.0264739990234375,0.0264739990234375,device,0.84716796875,305.33588221392205,0.03125,4,8,17912832,6341373952,4096,262144,262144,2,0.1651575,0.0932385,0.0278695,0.0228,0.0061645,3.620901,0.002515,0.0,0.0,0.0253245,0.002155,3.0614745,0.0,0.015765,0.025294499999999998,2.7802435,0.013479999999999999,12288,384,1.5,1,0.043584000000000005,0.026079500000000002,0.068039,2.8397715,0.068774,0.012515,3.0427505,1.5,3,1,6227440
tiledb,rank,256,0,cold,window_256,65536,128,4,7.743444002699107,7.743444002699107,8.830951829440892,33853670.26721254,16.142687924963255,0.026607513427734375,1.7180671428927414,0.026607513427734375,0.026607513427734375,device,0.1064300537109375,278.94535031790724,0.00390625,4,8,143177728,6342283264,4096,262144,262144,2,0.185747,0.3037705,0.029954500000000002,0.0088995,0.007205,1.950951,0.00282,0.0,0.0,0.02527,0.00218,1.7523535,0.0,0.016815,0.0441395,5.054029,0.024864999999999998,98304,384,1.5,1,0.046179,0.027119499999999998,0.070729,1.517327,0.074289,0.015279999999999998,1.735476,1.5,3,1,3212048
tiledb,rank,256,0,cold,window_4096,1024,128,4,4.624241002602503,4.624241002602503,4.928085490246303,885766.9826669478,0.42236661084506405,0.019756317138671875,2.13616863043612,0.019756317138671875,0.019756317138671875,device,5.0576171875,584.965824332604,0.8836669921875,2801,68,3113984,6345543680,14472,926208,926208,2,0.1191135,0.0165045,0.01386,0.008255,0.0036245,2.2707715000000004,0.00144,0.0,0.0,0.031199499999999998,0.079209,1.7718735,0.0,0.0148445,0.010905,2.0622995000000004,0.011074500000000001,1024,904.5,693.5,0.5,0.25225650000000005,0.189898,0.410424,1.0957549999999998,0.0992685,0.025165,1.744085,693.5,17,0.5,2425424
tiledb,rank,256,0,cold,window_4096,8192,128,4,10.760474018752575,10.760474018752575,13.034114288166165,3045219.006420563,1.4520735771277251,0.0421142578125,1.956896031676036,0.0421142578125,0.0421142578125,device,1.34765625,506.1461595937555,0.4308013916015625,1967.5,68,21692928,6350983168,56312,3603968,3603968,2,0.1704075,0.08931900000000001,0.030739000000000002,0.00898,0.0068850000000000005,9.925802,0.0194795,0.0,0.0,0.0611395,0.0984885,8.3040605,0.0,0.067589,0.0252695,0.3056905,0.0127395,13373.5,5742,813.5,1,0.40925900000000004,0.31976550000000004,0.623731,7.107564999999999,0.261796,0.075324,8.25963,813.5,28,1,15929136
tiledb,rank,256,0,cold,window_4096,65536,128,4,14.1437784768641,14.1437784768641,14.164379046997055,18534226.93439423,8.837808100888362,0.049549102783203125,1.7516218478765706,0.049549102783203125,0.049549102783203125,device,0.1981964111328125,396.9482489550975,0.0625,4,68,144179712,6353387520,65536,4194304,4194304,2,0.1851525,0.0843385,0.02973,0.008615,0.0082845,6.5680320000000005,0.0164395,0.0,0.0,0.024229999999999998,0.0033499999999999997,5.607231,0.0,0.069189,0.044999,7.005480500000001,0.02416,98304,6144,1.5,1,0.0479795,0.025375,0.081804,5.171635,0.16756749999999998,0.052844499999999996,5.590494999999999,1.5,25.5,1,11209392
tiledb,rank,256,0,cold,window_65536,1024,128,4,27.273678017081693,27.273678017081693,27.564981029718183,150181.43124791043,0.0716120868911316,0.17129898071289062,3.1403718377404926,0.17129898071289062,0.17129898071289062,device,43.8525390625,656.5811105045855,0.994140625,4009.5,1008.5,3737600,6355111936,3760,240640,240640,2,0.208177,0.031799499999999994,0.027709499999999998,0.00862,0.0066645,11.113783999999999,0.0027400000000000002,0.0,0.0,0.03562,0.046203999999999995,9.498493,0.0,0.017195000000000002,0.0148595,15.723680000000002,0.011115,385,382,376,1,0.254001,0.179252,0.3599745,8.235285000000001,0.571632,0.019880000000000002,9.46969,376,92.5,1,12192672
tiledb,rank,256,0,cold,window_65536,8192,128,4,32.75907100760378,32.75907100760378,33.23752180149313,1000272.5654947342,0.4769671275590583,0.17373275756835938,2.651674058889428,0.17373275756835938,0.17373275756835938,device,5.5594482421875,749.4769416477391,0.940277099609375,27193,1026.5,21854208,6382182400,94656,6057984,6057984,2,0.2137815,0.0932485,0.0307745,0.890672,0.010679500000000001,30.925468000000002,0.0425895,0.0,0.0,0.24748150000000002,1.1294279999999999,26.5481085,0.0,0.129443,0.0443295,0.221202,0.015629999999999998,12472,11190.5,9013,1,1.755775,1.492705,3.6433999999999997,17.03455,1.5826000000000002,0.2150865,26.1661,9013,241.5,1,31858272
tiledb,rank,256,0,cold,window_65536,65536,128,4,35.922318522352725,35.922318522352725,36.99867124087177,7297524.513538302,3.479730850953246,0.15042495727539062,2.0937534583380026,0.15042495727539062,0.15042495727539062,device,0.6016998291015625,701.1401834858627,0.632080078125,61048.5,1028,169127936,6412505088,428936,27451904,27451904,2,0.3309955,0.092044,0.040114,0.011120000000000001,0.015295,32.580078,0.0426245,0.0,0.0,0.431544,1.129413,27.209998499999998,0.0,0.502023,0.070989,1.9854504999999998,0.0308395,116568.5,52570,9564.5,1,1.797345,1.59097,3.73484,17.0518,1.48345,0.493408,26.96905,9564.5,256,1,33562624
tiledb,rank,256,0,warm,random,1024,128,4,19.183193013304844,19.183193013304844,20.103474511415698,213520.24124238058,0.10181438505286244,0.0,0.0,0.0,0.0,device,0.0,864.6805742138735,0.9979248046875,4066,2589,2171904,6398652416,8328,532992,532992,2,0.1264335,0.033245,0.036378999999999995,0.009895000000000001,0.0073349999999999995,18.2268975,0.00622,0.0,0.0,0.0683385,0.1290735,15.3906305,0.0,0.035685,0.030089,0.4523435,0.0147045,1038.5,1032.5,1016,1,0.3146955,0.223267,0.5627015000000001,9.695965000000001,1.6132549999999999,0.064889,15.34795,1016,251.5,1,33562624
tiledb,rank,256,0,warm,random,8192,128,4,24.09041501232423,24.09041501232423,24.508202201104723,1360209.028496872,0.6485982077106819,0.0,0.0,0.0,0.0,device,0.0,1000.7968101697688,0.9839630126953125,31241.5,4094,17116160,6406696960,61856,3958784,3958784,2,0.25816649999999997,0.092089,0.035509,0.010255,0.00801,23.217678,0.00763,0.0,0.0,0.17268699999999998,0.7670440000000001,18.778339,0.0,0.09509400000000001,0.0310995,0.13566299999999998,0.016524999999999998,8181.5,7699,6804,1,1.3097699999999999,1.151565,2.912605,8.391580000000001,1.880105,0.151288,18.461550000000003,6804,256,1,33562624
tiledb,rank,256,0,warm,random,65536,128,4,32.90684352396056,32.90684352396056,33.05557976709679,7966245.6780190505,3.7986019506545308,0.0,0.0,0.0,0.0,device,0.0,1091.3409705750373,0.8847713470458984,180587,4096,125202432,6422130688,332472,21278208,21278208,2,0.2820605,0.088884,0.038444,0.01171,0.014195,30.790945,0.037124500000000005,0.0,0.0,0.5438775,1.6765694999999998,23.957167,0.0,0.40752900000000003,0.059584,0.866387,0.0293495,65742.5,41493,15266,1,2.466855,2.206985,5.626735,9.08329,1.5693000000000001,0.4679380000000001,23.33305,15266,256,1,33562624
tiledb,rank,256,0,warm,window_256,1024,128,4,3.3735795004758984,3.3735795004758984,3.545270240283571,1214140.6477666206,0.5789473761399367,0.0,0.0,0.0,0.0,device,0.0,375.43337864761503,0.246826171875,17,8,2447872,6399299584,4048,259072,259072,2,0.146363,0.0325295,0.0355295,0.00897,0.0063,1.626156,0.0014550000000000001,0.0,0.0,0.046403999999999994,0.00545,1.036515,0.0,0.017164,0.023100000000000002,1.3606445,0.011865,1536,378.5,7,1,0.123368,0.0792435,0.15029749999999997,0.6947695,0.064979,0.017455,1.0118675000000001,7,3,1,4129776
tiledb,rank,256,0,warm,window_256,8192,128,4,3.481257997918874,3.481257997918874,3.5863672208506614,9412689.326556375,4.488320029524028,0.0,0.0,0.0,0.0,device,0.0,328.4621107322614,0.03125,4,8,17912832,6399377408,4096,262144,262144,2,0.1812875,0.088724,0.0295345,0.00847,0.0065645,1.5844515,0.00252,0.0,0.0,0.0234,0.0020745,1.3186405,0.0,0.015015,0.024378999999999998,1.4186445,0.012868999999999998,12288,384,1.5,1,0.054284,0.036544,0.072674,1.1043495,0.0600695,0.013345000000000001,1.302928,1.5,3,1,6227440
tiledb,rank,256,0,warm,window_256,65536,128,4,4.967896005837247,4.967896005837247,5.508904924499802,52767610.21003307,25.16155729772237,0.0,0.0,0.0,0.0,device,0.0,324.7677282504003,0.00390625,4,8,143177728,6400507904,4096,262144,262144,2,0.1833925,0.081989,0.0282895,0.00839,0.007010000000000001,0.9707155,0.00281,0.0,0.0,0.022774500000000003,0.001905,0.7699685,0.0,0.01577,0.044704,3.491118,0.025164,98304,384,1.5,1,0.049164,0.0303895,0.0750285,0.5550345,0.052319000000000004,0.0146145,0.7539985,1.5,3,1,3212048
tiledb,rank,256,0,warm,window_4096,1024,128,4,3.553651476977393,3.553651476977393,3.7722088425653055,1152617.252011418,0.5496107349450198,0.0,0.0,0.0,0.0,device,0.0,582.6518198011718,0.8836669921875,2801,68,3113984,6401892352,14472,926208,926208,2,0.125913,0.0165045,0.01443,0.00825,0.00367,1.6869095,0.003325,0.0,0.0,0.0293145,0.072414,1.070954,0.0,0.015625,0.0120495,1.5741465,0.011525,1024,904.5,693.5,0.5,0.2352865,0.1822775,0.394314,0.4292985,0.09633349999999999,0.0198445,1.0472400000000002,693.5,17,0.5,2425424
tiledb,rank,256,0,warm,window_4096,8192,128,4,7.326460530748591,7.326460530748591,9.023303879075684,4472555.316782944,2.1326805671610565,0.0,0.0,0.0,0.0,device,0.0,542.0509921991248,0.4308013916015625,1967.5,68,21692928,6400991232,56312,3603968,3603968,2,0.173928,0.089104,0.026994999999999998,0.0090195,0.0074945,4.9072575,0.016810000000000002,0.0,0.0,0.045214000000000004,0.09113399999999999,3.6098515000000004,0.0,0.0629635,0.0257195,1.9038765,0.012879999999999999,12288,5285.5,744.5,1,0.36523,0.2866765,0.548157,2.642322,0.1771375,0.046704499999999996,3.57323,744.5,25.5,1,11274944
tiledb,rank,256,0,warm,window_4096,65536,128,4,9.212601988110691,9.212601988110691,10.104857466649264,28454936.00378151,13.56837082089496,0.0,0.0,0.0,0.0,device,0.0,424.0116695631924,0.0625,4,68,144179712,6401028096,65536,4194304,4194304,2,0.18720199999999998,0.08469850000000001,0.0296895,0.00847,0.007535,4.156398,0.0162745,0.0,0.0,0.02248,0.003275,2.99849,0.0,0.0682885,0.0443695,4.488878,0.025169499999999997,98304,6144,1.5,1,0.047984500000000006,0.0263795,0.084104,2.518532,0.19304749999999998,0.058079,2.9823395,1.5,25.5,1,11209392
tiledb,rank,256,0,warm,window_65536,1024,128,4,17.7833744965028,17.7833744965028,18.01344644918572,230327.48935279413,0.10982870547904688,0.0,0.0,0.0,0.0,device,0.0,747.9132013227073,0.994140625,4009.5,1008.5,3737600,6400458752,3760,240640,240640,2,0.1338175,0.0314095,0.0281145,0.008494999999999999,0.006165,6.154177499999999,0.002535,0.0,0.0,0.0356445,0.046049,4.094054,0.0,0.017875000000000002,0.015495000000000002,11.2715515,0.011630000000000001,385,382,376,1,0.24512099999999998,0.1742025,0.34153500000000003,2.766715,0.651735,0.03072,4.066325,376,92.5,1,12192672
tiledb,rank,256,0,warm,window_65536,8192,128,4,22.23269350361079,22.23269350361079,22.82653646543622,1473865.5032813807,0.7027938381583122,0.0,0.0,0.0,0.0,device,0.0,878.3798551816656,0.940277099609375,27193,1026.5,21854208,6410227712,94656,6057984,6057984,2,0.2746305,0.0935185,0.0314645,0.00971,0.00869,21.2268575,0.0194495,0.0,0.0,0.24127099999999996,1.161178,16.147009,0.0,0.12744350000000002,0.0354895,0.215862,0.016399999999999998,12472,11190.5,9013,1,1.58352,1.3551350000000002,3.41172,7.42297,1.6397599999999999,0.2193715,15.8981,9013,241.5,1,31858272
tiledb,rank,256,0,warm,window_65536,65536,128,4,26.658591523300856,26.658591523300856,26.80933926603757,9833377.722557994,4.688919888762471,0.0,0.0,0.0,0.0,device,0.0,792.8459191674102,0.632080078125,61048.5,1028,169127936,6414524416,428936,27451904,27451904,2,0.3115955,0.091919,0.0386745,0.0107995,0.015130000000000001,23.2757675,0.045148999999999995,0.0,0.0,0.23985649999999997,1.1744425,18.3154565,0.0,0.5058674999999999,0.073354,2.003605,0.03068,116568.5,52570,9564.5,1,1.5856400000000002,1.38311,3.59823,8.111775,1.41214,0.469623,17.93945,9564.5,256,1,33562624
tiledb,rank,4096,0,cold,random,1024,128,4,32.910383510170504,32.910383510170504,32.98523068369832,124459.19989763071,0.05934677119142089,0.25006103515625,3.7991206495508028,0.25006103515625,0.25006103515625,device,64.015625,734.3726636467503,0.9979248046875,4066,256,2171904,6398238720,8152,521728,521728,2,0.128718,0.0313545,0.0331295,0.009760000000000001,0.0051045,31.632878,0.002075,0.0,0.0,0.0587295,0.120338,29.1882745,0.0,0.024919499999999997,0.0230645,0.8298575,0.013235,1018,1012.5,992.5,1,0.44143299999999996,0.35343399999999997,0.7214240000000001,23.1009,2.530705,0.047044,29.11925,992.5,16,1,33560704
tiledb,rank,4096,0,cold,random,8192,128,4,36.02148196659982,36.02148196659982,36.120210151420906,909679.397154827,0.43376893861523963,0.25006103515625,3.47099871388015,0.25006103515625,0.25006103515625,device,8.001953125,745.2621334372609,0.9839630126953125,31241.5,256,17116160,6406946816,62184,3979776,3979776,2,0.185672,0.09373400000000001,0.033099500000000004,0.009534500000000001,0.00827,35.233464,0.007904999999999999,0.0,0.0,0.1717325,0.788748,31.1695395,0.0,0.09106349999999999,0.0307545,0.133903,0.0155295,8243.5,7728.5,6814.5,1,1.263625,1.0899,2.61622,22.90835,2.12089,0.120593,30.880399999999998,6814.5,16,1,33560704
tiledb,rank,4096,0,cold,random,65536,128,4,44.76099202292971,44.76099202292971,45.893903911928646,5856527.930965236,2.7926101355386908,0.25006103515625,2.7932919251225625,0.25006103515625,0.25006103515625,device,1.000244140625,832.1295991590066,0.8847713470458984,180587,256,125202432,6422089728,331672,21227008,21227008,2,0.349615,0.08400350000000001,0.0365445,0.01059,0.014095,42.630168,0.034194,0.0,0.0,0.33498,1.670035,36.061186000000006,0.0,0.4117985,0.057989,0.8564419999999999,0.0305995,65601.5,41433,15184,1,2.872815,2.589515,6.14936,23.785899999999998,2.2267900000000003,0.4225735,35.18515,15184,16,1,33560704
tiledb,rank,4096,0,cold,window_256,1024,128,4,7.319950993405655,7.319950993405655,7.864424886065535,559566.5877667726,0.2668221415361274,0.03417205810546875,2.334172601445927,0.03417205810546875,0.03417205810546875,device,8.748046875,345.1427546818265,0.246826171875,17,4,2447872,6397808640,4048,259072,259072,2,0.134188,0.032985,0.038918999999999995,0.0098,0.0072499999999999995,4.150968,0.0013449999999999998,0.0,0.0,0.05068400000000001,0.0054150000000000005,3.412754,0.0,0.0186195,0.0239645,2.7657040000000004,0.012574499999999999,1536,378.5,7,1,0.135108,0.0948235,0.17028300000000002,2.9127549999999998,0.222402,0.0203045,3.388345,7,1.5,1,6292632
tiledb,rank,4096,0,cold,window_256,8192,128,4,7.755039492622018,7.755039492622018,7.933682732982561,4225381.447918452,2.0148188819496404,0.03955078125,2.5500051474675134,0.03955078125,0.03955078125,device,1.265625,311.879359518548,0.03125,4,4.5,17912832,6397849600,4096,262144,262144,2,0.170577,0.08855350000000001,0.027655,0.0089395,0.006235,4.5266425,0.002615,0.0,0.0,0.0265895,0.002155,4.1197235,0.0,0.01677,0.025738999999999998,2.7521940000000003,0.013209499999999999,12288,384,1.5,1,0.055809,0.0396895,0.0874985,3.73093,0.21507700000000002,0.0198245,4.10287,1.5,1.5,1,8390176
tiledb,rank,4096,0,cold,window_256,65536,128,4,8.501023519784212,8.501023519784212,9.800379181979224,30836757.40808375,14.704111770669819,0.03173828125,1.8667329396358168,0.03173828125,0.03173828125,device,0.126953125,331.70794004244544,0.00390625,4,4,143177728,6399074304,4096,262144,262144,2,0.1841175,0.083524,0.0295945,0.0086745,0.007045,3.0621045000000002,0.002665,0.0,0.0,0.0250595,0.00201,2.6672000000000002,0.0,0.016525,0.043944,4.924251,0.024225,98304,384,1.5,1,0.058379,0.0342445,0.0876035,2.259205,0.23898650000000002,0.0213595,2.650725,1.5,1.5,1,4195088
tiledb,rank,4096,0,cold,window_4096,1024,128,4,5.863742524525151,5.863742524525151,5.901947055826895,698529.9888029611,0.3330850547804647,0.031742095947265625,2.7066413484650846,0.031742095947265625,0.031742095947265625,device,8.1259765625,489.87648041940884,0.8836669921875,2801,8,3113984,6400802816,14472,926208,926208,2,0.130438,0.0166345,0.014505,0.008545,0.003645,2.6891495,0.001165,0.0,0.0,0.027153999999999998,0.083579,2.224447,0.0,0.015665,0.01247,2.8671075,0.0112545,1024,904.5,693.5,0.5,0.2791305,0.2290555,0.466068,1.4828949999999999,0.15395750000000002,0.0304945,2.20284,693.5,1.5,0.5,3146316
tiledb,rank,4096,0,cold,window_4096,8192,128,4,10.560732480371371,10.560732480371371,12.079027513391338,3102815.0803842447,1.479537525360224,0.051761627197265625,2.4506646339859475,0.051761627197265625,0.051761627197265625,device,1.6563720703125,422.40030777137275,0.4308013916015625,1967.5,8,21692928,6400065536,56312,3603968,3603968,2,0.167157,0.0908435,0.0288895,0.009075,0.007890000000000001,9.70984,0.015765,0.0,0.0,0.048249,0.0976935,8.4202545,0.0,0.0679235,0.025775,0.3090905,0.023503999999999997,13373.5,5742,813.5,1,0.5104225,0.4097385,0.7472095,7.014655,0.39646400000000004,0.11292350000000001,8.382515,813.5,3.5,1,16780352
tiledb,rank,4096,0,cold,window_4096,65536,128,4,7.889292493928224,7.889292493928224,8.468361932318658,33227821.15148499,15.84425981115579,0.035144805908203125,2.2273737432888536,0.035144805908203125,0.035144805908203125,device,0.1405792236328125,377.93132936758457,0.0625,4,8,144179712,6399934464,65536,4194304,4194304,2,0.1856425,0.085009,0.02922,0.0083395,0.0077494999999999994,4.5011985,0.01612,0.0,0.0,0.025545,0.0033949999999999996,3.9196159999999995,0.0,0.0695835,0.0457145,2.8144885,0.024933999999999998,98304,6144,1.5,1,0.0481245,0.0316845,0.0784395,3.2560000000000002,0.4357635,0.0771635,3.9027200000000004,1.5,3,1.5,6292632
tiledb,rank,4096,0,cold,window_65536,1024,128,4,28.72151101473719,28.72151101473719,29.075286630541086,142610.88136687226,0.06800216739982236,0.17924118041992188,3.120329921499466,0.17924118041992188,0.17924118041992188,device,45.8857421875,636.3934227075083,0.994140625,4009.5,68,3737600,6399000576,3760,240640,240640,2,0.1617025,0.0318145,0.02895,0.0088395,0.006535,12.8699175,0.00266,0.0,0.0,0.0360345,0.043318999999999996,11.0851995,0.0,0.01834,0.01523,15.454974,0.0117395,385,382,376,1,0.32841,0.2504465,0.4394085,9.895605,0.6040765,0.0261895,11.05625,376,6.5,1,13634036
tiledb,rank,4096,0,cold,window_65536,8192,128,4,31.013621482998133,31.013621482998133,32.23759853281081,1056567.9992568307,0.5038108822139886,0.17922592163085938,2.8894710301586706,0.17922592163085938,0.17922592163085938,device,5.7352294921875,678.7001112249716,0.940277099609375,27193,68,21854208,6409089024,94656,6057984,6057984,2,0.276651,0.092529,0.0304645,0.0097395,0.008844999999999999,30.001307,0.0273145,0.0,0.0,0.256371,1.0410344999999999,25.2900475,0.0,0.129923,0.035394499999999995,0.2204915,0.0160445,12472,11190.5,9013,1,2.056475,1.790895,4.08205,17.0616,1.7282600000000001,0.1854525,24.8732,9013,15.5,1,32511932
tiledb,rank,4096,0,cold,window_65536,65536,128,4,35.84541499731131,35.84541499731131,36.636629278655164,7313180.779736066,3.4871963404350597,0.15335464477539062,2.139111024197843,0.15335464477539062,0.15335464477539062,device,0.6134185791015625,637.081547297274,0.632080078125,61048.5,68,169127936,6414155776,428936,27451904,27451904,2,0.34377,0.091243,0.036655,0.00966,0.0149845,32.555139,0.050269,0.0,0.0,0.407759,1.1394929999999999,27.205513500000002,0.0,0.4935075,0.064249,1.98605,0.0298495,116568.5,52570,9564.5,1,2.06114,1.844315,4.14633,17.512999999999998,1.70031,0.454193,26.6498,9564.5,16,1,33560704
tiledb,rank,4096,0,warm,random,1024,128,4,18.498358986107633,18.498358986107633,18.81512297259178,221425.04657175904,0.10558368996227219,0.0,0.0,0.0,0.0,device,0.0,854.2176909782704,0.9979248046875,4066,256,2171904,6400352256,8152,521728,521728,2,0.1622825,0.0325245,0.0364845,0.009770000000000001,0.006059999999999999,15.535963,0.00363,0.0,0.0,0.068829,0.121978,13.247877,0.0,0.025234,0.023004999999999998,2.481048,0.0139595,1018,1012.5,992.5,1,0.425459,0.334029,0.7048099999999999,7.59329,1.6385750000000001,0.0407995,13.17615,992.5,16,1,33560704
tiledb,rank,4096,0,warm,random,8192,128,4,22.909227962372825,22.909227962372825,23.148264360497706,1430340.6493584018,0.6820395705024728,0.0,0.0,0.0,0.0,device,0.0,912.2685096296605,0.9839630126953125,31241.5,256,17116160,6408093696,61336,3925504,3925504,2,0.429914,0.092863,0.034905,0.00955,0.0084295,20.652077,0.0182095,0.0,0.0,0.1772225,0.742169,16.259242,0.0,0.096858,0.0356645,1.3165505,0.016494,8122.5,7666.5,6772.5,1,1.1822885,1.024174,2.724835,8.435515,1.67134,0.123988,15.9133,6772.5,16,1,33560704
tiledb,rank,4096,0,warm,random,65536,128,4,30.959447496570647,30.959447496570647,31.946030660765246,8467334.568197235,4.037539753054254,0.0,0.0,0.0,0.0,device,0.0,957.3987101443995,0.8847713470458984,180587,256,125202432,6423552000,331416,21210624,21210624,2,0.296371,0.0828285,0.03791,0.0110245,0.0145395,28.870969000000002,0.03412,0.0,0.0,0.34746049999999995,1.6689250000000002,22.05404,0.0,0.404279,0.058344,0.854267,0.0299045,65716,41418,15293,1,2.6829349999999996,2.405145,6.0155899999999995,9.613375000000001,1.9518900000000001,0.4419035,21.2974,15293,16,1,33560704
tiledb,rank,4096,0,warm,window_256,1024,128,4,4.325855523347855,4.325855523347855,4.354934074217454,946864.7248833763,0.4515002846161729,0.0,0.0,0.0,0.0,device,0.0,460.62380938184884,0.246826171875,17,4,2447872,6400208896,4048,259072,259072,2,0.137463,0.0317195,0.035999500000000004,0.00936,0.006229999999999999,2.529527,0.001415,0.0,0.0,0.056409,0.0062445,1.7306745000000001,0.0,0.0169745,0.02342,1.405754,0.0122295,1536,378.5,7,1,0.181457,0.134168,0.2193815,1.1811369999999999,0.209472,0.025525000000000003,1.7047379999999999,7,1.5,1,6292632
tiledb,rank,4096,0,warm,window_256,8192,128,4,5.351835483452305,5.351835483452305,5.8146222290815786,6122759.210614293,2.9195591023513283,0.0,0.0,0.0,0.0,device,0.0,408.4117695243573,0.03125,4,4.5,17912832,6400258048,4096,262144,262144,2,0.166093,0.0882935,0.028049499999999998,0.009125000000000001,0.00659,2.524877,0.002405,0.0,0.0,0.024279,0.00213,1.974766,0.0,0.015625,0.025264500000000002,2.3625249999999998,0.01341,12288,384,1.5,1,0.06998950000000001,0.0533745,0.0981735,1.5862669999999999,0.21131149999999999,0.01775,1.957975,1.5,1.5,1,8390176
tiledb,rank,4096,0,warm,window_256,65536,128,4,5.750543990870938,5.750543990870938,6.315726894536056,45585948.11484913,21.73707395307976,0.0,0.0,0.0,0.0,device,0.0,366.1386737224344,0.00390625,4,4,143177728,6401716224,4096,262144,262144,2,0.181302,0.08248849999999999,0.028765,0.0085145,0.0072250000000000005,1.607531,0.002605,0.0,0.0,0.0231245,0.001965,1.206617,0.0,0.0154045,0.04424,3.6380660000000002,0.025389500000000002,98304,384,1.5,1,0.065389,0.048249,0.0992585,0.828952,0.20118200000000003,0.0163345,1.1906599999999998,1.5,1.5,1,4195088
tiledb,rank,4096,0,warm,window_4096,1024,128,4,4.269870521966368,4.269870521966368,4.35549066751264,959279.673453354,0.45742019341151907,0.0,0.0,0.0,0.0,device,0.0,655.3752591802927,0.8836669921875,2801,8,3113984,6403637248,14472,926208,926208,2,0.135673,0.01633,0.0144245,0.008085,0.003685,1.8544375,0.001355,0.0,0.0,0.0273095,0.074219,1.33552,0.0,0.0153345,0.01215,2.1105085,0.01099,1024,904.5,693.5,0.5,0.29054599999999997,0.2434715,0.475203,0.5717450000000001,0.147873,0.036464500000000004,1.30738,693.5,1.5,0.5,3146316
tiledb,rank,4096,0,warm,window_4096,8192,128,4,6.9382559740915895,6.9382559740915895,8.272234187461436,4722800.675322481,2.2520068527805717,0.0,0.0,0.0,0.0,device,0.0,579.528849182658,0.4308013916015625,1967.5,8,21692928,6402691072,56312,3603968,3603968,2,0.30628500000000003,0.0908635,0.027354499999999997,0.00892,0.007735,5.971750500000001,0.0197845,0.0,0.0,0.0458345,0.0981435,4.4491835,0.0,0.06745899999999999,0.0258845,0.3055905,0.0130295,13373.5,5742,813.5,1,0.520077,0.427559,0.7625084999999999,3.021515,0.40998450000000003,0.1063135,4.41181,813.5,3.5,1,16780352
tiledb,rank,4096,0,warm,window_4096,65536,128,4,5.451983510283753,5.451983510283753,5.910261263488792,48082317.106339976,22.92743544880866,0.0,0.0,0.0,0.0,device,0.0,530.4681029472662,0.0625,4,8,144179712,6402289664,65536,4194304,4194304,2,0.1823225,0.083539,0.0285445,0.00859,0.0072945,2.381705,0.015065,0.0,0.0,0.025365,0.0057395,1.68533,0.0,0.069139,0.044614,2.5036474999999996,0.0245945,98304,6144,1.5,1,0.055849,0.0384995,0.083329,0.9381595,0.472433,0.116958,1.668495,1.5,3,1.5,6292632
tiledb,rank,4096,0,warm,window_65536,1024,128,4,15.911477035842836,15.911477035842836,16.906326223397627,257424.2473387722,0.1227494465535985,0.0,0.0,0.0,0.0,device,0.0,751.3211107347558,0.994140625,4009.5,68,3737600,6401163264,3760,240640,240640,2,0.18575750000000002,0.03161,0.028254,0.008525,0.00664,6.1181735,0.0024300000000000003,0.0,0.0,0.03552,0.048618999999999996,4.409579,0.0,0.017125,0.01537,9.381774499999999,0.011715,385,382,376,1,0.2941855,0.20451049999999998,0.394874,3.23069,0.646585,0.023995,4.3821699999999995,376,6.5,1,13634036
tiledb,rank,4096,0,warm,window_65536,8192,128,4,22.8737335128244,22.8737335128244,23.545253640622832,1432560.1888134384,0.6830979293887322,0.0,0.0,0.0,0.0,device,0.0,783.545322408845,0.940277099609375,27193,68,21854208,6410616832,94656,6057984,6057984,2,0.20989649999999999,0.0927785,0.030949499999999998,0.0095,0.009085,21.9611415,0.0271145,0.0,0.0,0.24242650000000002,1.0947035,16.165069000000003,0.0,0.120644,0.030899500000000003,0.2126515,0.0155845,12472,11190.5,9013,1,2.00523,1.73425,4.01655,8.262815,1.85204,0.18321749999999998,15.77515,9013,15.5,1,32511932
tiledb,rank,4096,0,warm,window_65536,65536,128,4,25.85363350226544,25.85363350226544,26.2202975776745,10139541.893677324,4.834910342062628,0.0,0.0,0.0,0.0,device,0.0,736.8345767851449,0.632080078125,61048.5,68,169127936,6415851520,428936,27451904,27451904,2,0.383949,0.0916835,0.0338295,0.009604999999999999,0.0149395,22.046916,0.042499499999999996,0.0,0.0,0.2197175,1.1533175,16.855273,0.0,0.49966750000000004,0.064524,2.4743735,0.028318999999999997,116568.5,52570,9564.5,1,2.179385,1.936805,4.452375,7.625500000000001,1.690715,0.5152725,16.292949999999998,9564.5,16,1,33560704
tiledb,rank,65536,0,cold,random,1024,128,4,30.925998493330553,30.925998493330553,31.94217367854435,132445.19820057988,0.06315479192761415,0.25006103515625,4.042893476991175,0.25006103515625,0.25006103515625,device,64.015625,560.9150098659222,0.9979248046875,4066,16,2171904,6400118784,8192,524288,524288,2,0.142353,0.03268,0.034254,0.00945,0.00673,28.267072499999998,0.007095,0.0,0.0,0.0598435,0.12407850000000001,27.853124,0.0,0.0291,0.026619,2.167168,0.0167745,1015.5,1008.5,992,1,0.37775899999999996,0.278346,0.593451,21.36695,2.35931,0.096249,27.80225,992,1,1,33560584
tiledb,rank,65536,0,cold,random,8192,128,4,33.52208450087346,33.52208450087346,34.14600453397725,977504.8445792858,0.46611063221897403,0.25006103515625,3.729795430080345,0.25006103515625,0.25006103515625,device,8.001953125,546.0587929585059,0.9839630126953125,31241.5,16,17116160,6408622080,61856,3958784,3958784,2,0.27000599999999997,0.093384,0.0313445,0.0092795,0.008515,32.685332,0.0075250000000000004,0.0,0.0,0.1572825,0.7450235000000001,30.810585,0.0,0.08711350000000001,0.029399500000000002,0.134348,0.015719999999999998,8181.5,7699,6804,1,1.21137,1.030175,2.585505,20.7222,3.021675,0.5941465,30.3846,6804,1,1,33560584
tiledb,rank,65536,0,cold,random,65536,128,4,42.733071983093396,42.733071983093396,42.80604307714384,6134452.493930527,2.9251348943379054,0.25006103515625,2.9258490385992184,0.25006103515625,0.25006103515625,device,1.000244140625,627.0790340231514,0.8847713470458984,180587,16,125202432,6425559040,331672,21227008,21227008,2,0.3274355,0.083644,0.035894499999999996,0.0097445,0.013595,40.7588365,0.034019499999999994,0.0,0.0,0.33298950000000005,1.6471209999999998,36.8514945,0.0,0.389874,0.0435395,0.834803,0.028964,65601.5,41433,15184,1,2.430845,2.175725,5.300155,22.02855,1.887905,2.416105,35.91785,15184,1,1,33560584
tiledb,rank,65536,0,cold,window_256,1024,128,4,24.651116516906768,24.651116516906768,25.37219875957817,166158.80247009467,0.07923069118027433,0.1875457763671875,3.8040016613154366,0.1875457763671875,0.1875457763671875,device,48.01171875,490.1008090937373,0.246826171875,17,4,2447872,6402056192,4048,259072,259072,2,0.1578925,0.0324745,0.037434499999999996,0.00945,0.00543,22.731930499999997,0.001325,0.0,0.0,0.06109400000000001,0.005185,22.167969,0.0,0.0288145,0.028784499999999998,1.398059,0.01429,1536,380.5,5,1,0.1028135,0.057559,0.12631299999999998,17.082250000000002,2.005335,0.037294499999999994,22.14015,5,1,1,33560584
tiledb,rank,65536,0,cold,window_256,8192,128,4,23.143024474848062,23.143024474848062,23.15596602857113,1415890.9971171834,0.6751494393907468,0.1875457763671875,4.051885624781088,0.1875457763671875,0.1875457763671875,device,6.00146484375,456.67353942809956,0.03125,4,4,17912832,6402338816,4096,262144,262144,2,0.2318965,0.089119,0.033079,0.00903,0.00639,22.363986,0.003215,0.0,0.0,0.0457345,0.0028,22.184403500000002,0.0,0.019455,0.028289,0.211362,0.0139995,12288,384,1.5,1,0.048604,0.0306145,0.0827135,16.47235,2.1961399999999998,0.029918999999999998,22.15355,1.5,1,1,33560584
tiledb,rank,65536,0,cold,window_256,65536,128,4,23.671396513236687,23.671396513236687,24.626939577865414,11074293.815044373,5.2806347918722025,0.15628814697265625,3.3012025058441794,0.15628814697265625,0.15628814697265625,device,0.625152587890625,438.78534982893535,0.00390625,4,4,143177728,6403997696,4096,262144,262144,2,0.512437,0.083689,0.0348645,0.0093,0.0071445,20.111605,0.00293,0.0,0.0,0.0403395,0.00261,19.913622500000002,0.0,0.021659499999999998,0.048239500000000005,2.6627905,0.0265045,98304,384,1.5,1,0.0526145,0.0307795,0.07779449999999999,15.2198,1.8422749999999999,0.0244445,19.8934,1.5,1,1,33560584
tiledb,rank,65536,0,cold,window_4096,1024,128,4,23.956987482961267,23.956987482961267,24.04237361624837,170973.0826095378,0.08152631884076014,0.1875457763671875,3.9142186909054018,0.1875457763671875,0.1875457763671875,device,48.01171875,446.56538129466014,0.8836669921875,2801,4,3113984,6405529600,14472,926208,926208,2,0.1713025,0.01726,0.0175295,0.00859,0.003585,11.7580445,0.00413,0.0,0.0,0.050478999999999996,0.077119,11.4010195,0.0,0.0188495,0.01469,11.824772999999999,0.0116545,1024,904.5,693.5,0.5,0.35536999999999996,0.2814465,0.558,8.34445,0.8848499999999999,0.088364,11.3727,693.5,0.5,0.5,16780292
tiledb,rank,65536,0,cold,window_4096,8192,128,4,28.048715990735218,28.048715990735218,30.950016298447736,1168253.1211348004,0.5570664983438494,0.21880340576171875,3.9004175063484507,0.21880340576171875,0.21880340576171875,device,7.001708984375,508.12305293075264,0.4308013916015625,1967.5,4.5,21692928,6405189632,28480,1822720,1822720,2,0.1908825,0.090618,0.032979999999999995,0.00963,0.007379,27.1852095,0.004895,0.0,0.0,0.0598545,0.063844,26.8120595,0.0,0.051408999999999996,0.030199999999999998,0.289236,0.0145145,8192,3546,476.5,1,0.3871395,0.29991650000000003,0.530427,20.50865,1.693455,0.20293199999999997,26.776249999999997,476.5,1,1,33560584
tiledb,rank,65536,0,cold,window_4096,65536,128,4,25.637432496296242,25.637432496296242,26.20261943375226,10225048.863136787,4.8756832423862395,0.1875457763671875,3.657655196055253,0.1875457763671875,0.1875457763671875,device,0.75018310546875,457.1284430175718,0.0625,4,4,144179712,6405083136,65536,4194304,4194304,2,0.2245765,0.085124,0.030174,0.00909,0.0079,23.2250935,0.016625,0.0,0.0,0.034448999999999994,0.004185,23.042011000000002,0.0,0.0697635,0.045764,1.780234,0.026484,98304,6144,1.5,1,0.08073349999999999,0.0612535,0.12209300000000001,16.80315,2.543375,0.171902,23.021749999999997,1.5,1,1,33560584
tiledb,rank,65536,0,cold,window_65536,1024,128,4,29.384106484940276,29.384106484940276,29.43757954344619,139395.08428133596,0.06646875585619734,0.25006103515625,4.255038949106883,0.25006103515625,0.25006103515625,device,64.015625,428.49181092006205,0.994140625,4009.5,8,3737600,6404153344,13192,844288,844288,2,0.20436700000000002,0.032499,0.032955,0.009243999999999999,0.007365,27.8873635,0.0048,0.0,0.0,0.0816495,0.107988,27.368176499999997,0.0,0.0242,0.020504500000000002,1.0309845,0.011470000000000001,983.5,971.5,951.5,1,0.5335325,0.42306849999999996,0.7781685,20.8181,2.06297,0.100933,27.311999999999998,951.5,1,1,33560584
tiledb,rank,65536,0,cold,window_65536,8192,128,4,32.734761480242014,32.734761480242014,34.197149402461946,1001015.3890926638,0.47732133345254124,0.21880340576171875,3.342065068868513,0.21880340576171875,0.21880340576171875,device,7.001708984375,522.7298696014049,0.940277099609375,27193,8,21854208,6415310848,94656,6057984,6057984,2,0.2284765,0.091919,0.033334,0.009635000000000001,0.008490000000000001,29.798564999999996,0.0178945,0.0,0.0,0.243632,0.974005,27.454549999999998,0.0,0.11125299999999999,0.0324495,2.2284170000000003,0.015675,10892,9765.5,7876.5,1,1.389205,1.1560885,2.983985,18.68085,1.6484899999999998,0.7552734999999999,27.21075,7876.5,1,1,33560584
tiledb,rank,65536,0,cold,window_65536,65536,128,4,36.836529994616285,36.836529994616285,38.40943658433389,7116414.060670556,3.393370657286909,0.21880340576171875,2.969924227305031,0.21880340576171875,0.21880340576171875,device,0.875213623046875,510.0771259601844,0.632080078125,61048.5,8,169127936,6419963904,428936,27451904,27451904,2,0.3642645,0.090434,0.034044000000000005,0.009315,0.015125,32.657127,0.042594,0.0,0.0,0.224491,1.1275835,29.777495000000002,0.0,0.500783,0.068829,2.8517825,0.029654,116568.5,52570,9564.5,1,1.7542499999999999,1.522975,3.632605,18.2205,1.847685,2.218395,29.214100000000002,9564.5,1,1,33560584
tiledb,rank,65536,0,warm,random,1024,128,4,16.558422503294423,16.558422503294423,16.627047056681477,247366.55917464782,0.11795356711132422,0.0,0.0,0.0,0.0,device,0.0,765.3540575787699,0.9979248046875,4066,16,2171904,6406066176,8328,532992,532992,2,0.1875425,0.032875,0.030319,0.00885,0.007015,15.337740499999999,0.0047799999999999995,0.0,0.0,0.0588135,0.11978349999999999,14.819674,0.0,0.030670000000000003,0.0274095,0.718589,0.0134445,1050,1041,1023.5,1,0.6272555,0.5247459999999999,0.9015315,7.3055900000000005,2.5919950000000003,0.120693,14.7229,1023.5,1,1,33560584
tiledb,rank,65536,0,warm,random,8192,128,4,21.9161924906075,21.9161924906075,22.3460077366326,1495150.218909749,0.712943181471705,0.0,0.0,0.0,0.0,device,0.0,824.6604859738123,0.9839630126953125,31241.5,16,17116160,6414430208,61472,3934208,3934208,2,0.19203199999999998,0.0914335,0.0329395,0.009315,0.00809,21.148169,0.0180495,0.0,0.0,0.187967,0.796913,19.047291,0.0,0.0863585,0.026999500000000003,0.132683,0.014580000000000001,8166.5,7665.5,6795.5,1,1.5153150000000002,1.2948849999999998,3.0037700000000003,8.137265000000001,2.0328099999999996,0.586436,18.73055,6795.5,1,1,33560584
tiledb,rank,65536,0,warm,random,65536,128,4,29.88752897363156,29.88752897363156,30.381932284217328,8771016.173042543,4.182346426507255,0.0,0.0,0.0,0.0,device,0.0,885.6488511764616,0.8847713470458984,180587,16,125202432,6428078080,332472,21278208,21278208,2,0.26013149999999996,0.084498,0.035245,0.010325,0.0134595,27.9383175,0.0339895,0.0,0.0,0.329905,1.659245,23.714450999999997,0.0,0.394704,0.04611,0.835953,0.028574500000000003,65554,41483,15260,1,2.74553,2.4583950000000003,5.840165,8.015155,2.14848,2.31825,22.64685,15260,1,1,33560584
tiledb,rank,65536,0,warm,window_256,1024,128,4,14.66883602552116,14.66883602552116,15.150990337133408,279231.4259204814,0.13314791961692876,0.0,0.0,0.0,0.0,device,0.0,658.939518662769,0.246826171875,17,4,2447872,6404694016,4048,259072,259072,2,0.1586825,0.033379,0.03583,0.0089195,0.007265,13.745225,0.0013449999999999998,0.0,0.0,0.041094500000000006,0.004045,13.2326525,0.0,0.0196995,0.0247795,0.5051425,0.01163,1536,378.5,7,1,0.188307,0.1316975,0.225787,7.432325,2.2633799999999997,0.028239,13.2116,7,1,1,33560584
tiledb,rank,65536,0,warm,window_256,8192,128,4,13.832018012180924,13.832018012180924,14.018706831848249,2368996.336698191,1.1296254809847788,0.0,0.0,0.0,0.0,device,0.0,634.7314319767647,0.03125,4,4,17912832,6404767744,2048,131072,131072,2,0.2863155,0.088294,0.0349695,0.0083745,0.0066549999999999995,13.054580000000001,0.0017300000000000002,0.0,0.0,0.054314499999999995,0.003815,12.864538,0.0,0.01709,0.02743,0.174998,0.0141295,8192,256,1,1,0.039624999999999994,0.022269999999999998,0.09622900000000001,7.621385,1.87699,0.029159499999999998,12.839500000000001,1,1,1,33560584
tiledb,rank,65536,0,warm,window_256,65536,128,4,15.479249006602913,15.479249006602913,15.940051677171141,16935188.51516494,8.07532716520545,0.0,0.0,0.0,0.0,device,0.0,578.6451426796776,0.00390625,4,4,143177728,6406266880,4096,262144,262144,2,0.1796025,0.0804485,0.033530000000000004,0.008945,0.0071695000000000005,12.5019685,0.0027945,0.0,0.0,0.03443,0.002245,12.3391455,0.0,0.0171295,0.0457645,2.4386539999999997,0.0253695,98304,384,1.5,1,0.063219,0.044704999999999995,0.103508,7.208335,1.9084349999999999,0.032024,12.3214,1.5,1,1,33560584
tiledb,rank,65536,0,warm,window_4096,1024,128,4,14.694445504574105,14.694445504574105,14.844891734537669,278744.78140226466,0.13291586942780717,0.0,0.0,0.0,0.0,device,0.0,638.4439070586018,0.8836669921875,2801,4,3113984,6408175616,14472,926208,926208,2,0.13696799999999998,0.0161395,0.01481,0.008265,0.0027145,7.2074225,0.00372,0.0,0.0,0.0372545,0.080269,6.877852,0.0,0.01636,0.0123045,7.1745874999999995,0.01209,1024,904.5,693.5,0.5,0.348655,0.28592,0.530635,3.711115,0.908795,0.065929,6.846299999999999,693.5,0.5,0.5,16780292
tiledb,rank,65536,0,warm,window_4096,8192,128,4,15.593041985994205,15.593041985994205,16.030323176528327,2101450.1230377294,1.0020495047749183,0.0,0.0,0.0,0.0,device,0.0,708.6546268473638,0.4308013916015625,1967.5,4.5,21692928,6408159232,35560,2275840,2275840,2,0.2389365,0.0890485,0.028934500000000002,0.008709999999999999,0.007185,13.7106605,0.0059050000000000005,0.0,0.0,0.042869000000000004,0.069979,13.354215499999999,0.0,0.050754,0.027119499999999998,1.2953459999999999,0.013219999999999999,9277.5,4002.5,545.5,1,0.4389335,0.35387899999999994,0.6019209999999999,7.121995,2.01412,0.17211300000000002,13.324300000000001,545.5,1,1,33560584
tiledb,rank,65536,0,warm,window_4096,65536,128,4,15.588291978929192,15.588291978929192,16.435138863744214,16816723.753592886,8.018838764950221,0.0,0.0,0.0,0.0,device,0.0,608.6217279496786,0.0625,4,4,144179712,6407340032,65536,4194304,4194304,2,0.193332,0.084814,0.028489,0.011535,0.00762,13.193778,0.025405,0.0,0.0,0.0273145,0.00336,13.011631,0.0,0.06951399999999999,0.0468595,1.8038625000000001,0.02636,98304,6144,1.5,1,0.0747285,0.05824900000000001,0.1147285,7.36007,2.0408049999999998,0.18498199999999998,12.9938,1.5,1,1,33560584
tiledb,rank,65536,0,warm,window_65536,1024,128,4,16.562547476496547,16.562547476496547,16.71028475393541,247304.95147636678,0.11792419027155246,0.0,0.0,0.0,0.0,device,0.0,763.8676156523342,0.994140625,4009.5,8,3737600,6406381568,19976,1278464,1278464,2,0.122128,0.058504,0.0301595,0.009000000000000001,0.00716,15.869363,0.009305,0.0,0.0,0.0952735,0.23247649999999997,15.049795,0.0,0.0433945,0.032764,0.223832,0.0128745,2104.5,2073,2002,1,0.7081189999999999,0.5711705,1.2024675,7.32169,2.2277050000000003,0.24007699999999998,14.9724,2002,1,1,33560584
tiledb,rank,65536,0,warm,window_65536,8192,128,4,21.04690601117909,21.04690601117909,21.3135814468842,1556903.4224125503,0.74238940353992,0.0,0.0,0.0,0.0,device,0.0,752.3355566651733,0.940277099609375,27193,8,21854208,6416945152,94656,6057984,6057984,2,0.1696425,0.092119,0.0288195,0.009579500000000001,0.007945,20.152679499999998,0.026750000000000003,0.0,0.0,0.239446,1.0700245000000002,17.425275,0.0,0.119213,0.030469,0.277711,0.013345,12968.5,11546,9122,1,1.7028400000000001,1.4479899999999999,3.62712,7.4293249999999995,2.073665,0.8174680000000001,17.1897,9122,1,1,33560584
tiledb,rank,65536,0,warm,window_65536,65536,128,4,25.61197249451652,25.61197249451652,26.15004337276332,10235213.240843695,4.880529995366905,0.0,0.0,0.0,0.0,device,0.0,697.9014327704328,0.632080078125,61048.5,8,169127936,6421647360,428936,27451904,27451904,2,0.29163550000000005,0.0904485,0.0313045,0.00903,0.0148995,21.574697999999998,0.042494500000000004,0.0,0.0,0.2082765,1.112069,18.792324,0.0,0.4995825,0.065559,2.822503,0.028934500000000002,116568.5,52570,9564.5,1,1.6321500000000002,1.4329399999999999,3.496495,7.48095,1.81614,2.2932550000000003,18.2271,9564.5,1,1,33560584
tiledb,node,256,0,cold,random,1024,128,4,34.42815598100424,34.42815598100424,34.85548766911961,118972.38998975058,0.05673045634734658,0.25006103515625,3.6316356196106083,0.25006103515625,0.25006103515625,device,64.015625,742.97700591671,0.9979248046875,4066,2589,2171904,6407471104,8328,532992,532992,2,0.3122255,0.0316095,0.0292645,0.00885,0.007039999999999999,32.670262,0.0070244999999999995,0.0,0.0,0.075374,0.123558,29.8475995,0.0,0.024459500000000002,0.0341945,1.1692775,0.011849499999999999,1038.5,1032.5,1016,1,0.6288755,0.514462,0.9453505,22.8327,2.417885,0.076714,29.756349999999998,1016,251.5,1,33562624
tiledb,node,256,0,cold,random,8192,128,4,39.93524349061772,39.93524349061772,41.29926323075779,820528.363817249,0.39125841322767685,0.25006103515625,3.13083148240975,0.25006103515625,0.25006103515625,device,8.001953125,847.2458295627794,0.9839630126953125,31241.5,4094,17116160,6415527936,62184,3979776,3979776,2,0.1731175,0.0900535,0.0303745,0.008934999999999998,0.007925,39.228614,0.009579500000000001,0.0,0.0,0.16943799999999998,0.8040875000000001,35.051652,0.0,0.0850385,0.027209999999999998,0.131953,0.0142345,8243.5,7728.5,6814.5,1,1.72062,1.5266199999999999,3.564305,23.75875,2.08291,0.256026,34.573499999999996,6814.5,256,1,33562624
tiledb,node,256,0,cold,random,65536,128,4,50.09021153091453,50.09021153091453,50.364446474122815,5233437.671514139,2.4954975469179814,0.25006103515625,2.496106799248772,0.25006103515625,0.25006103515625,device,1.000244140625,964.2543088521503,0.8847713470458984,180587,4096,125202432,6430535680,331416,21210624,21210624,2,0.2954055,0.0820535,0.0308195,0.009515,0.01442,48.196875000000006,0.033060000000000006,0.0,0.0,0.315195,1.6835149999999999,41.6939625,0.0,0.39106399999999997,0.044914499999999996,0.8332225,0.027200000000000002,65716,41418,15293,1,3.304725,3.01434,7.10478,23.14965,2.32421,0.5375624999999999,40.6993,15293,256,1,33562624
tiledb,node,256,0,cold,window_256,1024,128,4,5.919325980357826,5.919325980357826,6.64747369592078,691970.6759843618,0.3299573306962785,0.02336883544921875,1.9739439529740255,0.02336883544921875,0.02336883544921875,device,5.982421875,329.83773937754574,0.246826171875,17,8,2447872,6407516160,4048,259072,259072,2,0.12740800000000002,0.032889,0.0328995,0.00886,0.00718,2.8918719999999998,0.001315,0.0,0.0,0.042408999999999995,0.00483,2.33728,0.0,0.0174395,0.0229595,2.6364955,0.0117,1536,378.5,7,1,0.16953200000000002,0.1102525,0.215827,1.8469815,0.143058,0.030558999999999996,2.3155025,7,3,1,4129776
tiledb,node,256,0,cold,window_256,8192,128,4,6.087719491915777,6.087719491915777,6.203179134172387,5382639.598213166,2.5666425696435766,0.02642059326171875,2.1699910201844985,0.02642059326171875,0.02642059326171875,device,0.845458984375,274.7562863599729,0.03125,4,8,17912832,6407688192,4096,262144,262144,2,0.16715750000000001,0.0879235,0.02819,0.008785,0.0061845,3.163043,0.0023049999999999998,0.0,0.0,0.0267545,0.0021200000000000004,2.9187065,0.0,0.016434499999999998,0.0255395,2.4538785,0.0134295,12288,384,1.5,1,0.070294,0.053474,0.1062085,2.606701,0.0936285,0.02632,2.9021545000000004,1.5,3,1,6227440
tiledb,node,256,0,cold,window_256,65536,128,4,7.76960450457409,7.76960450457409,9.310084575554356,33739683.898411,16.088334988790034,0.026561737060546875,1.709336494856949,0.026561737060546875,0.026561737060546875,device,0.1062469482421875,288.9690844209932,0.00390625,4,8,143177728,6409678848,4096,262144,262144,2,0.3204155,0.0824835,0.029535,0.008699499999999999,0.00715,2.0136845,0.0024850000000000002,0.0,0.0,0.0281595,0.00204,1.809168,0.0,0.016165,0.0443545,5.104024,0.025769,98304,384,1.5,1,0.082244,0.06522900000000001,0.11512800000000001,1.4937919999999998,0.0836635,0.0297945,1.7919649999999998,1.5,3,1,3212048
tiledb,node,256,0,cold,window_4096,1024,128,4,5.304980499204248,5.304980499204248,5.625843576854095,772104.6289641223,0.3681681771107303,0.019664764404296875,1.8534247587947408,0.019664764404296875,0.019664764404296875,device,5.0341796875,592.2233928044151,0.8836669921875,2801,68,3113984,6411493376,14472,926208,926208,2,0.122228,0.01647,0.0142045,0.00838,0.003625,2.6124810000000003,0.00146,0.0,0.0,0.0274095,0.075384,2.0855935,0.0,0.0149845,0.01192,2.398399,0.011009999999999999,1024,904.5,693.5,0.5,0.3604645,0.2894515,0.556875,1.21414,0.13309300000000002,0.0226595,2.057295,693.5,17,0.5,2425424
tiledb,node,256,0,cold,window_4096,8192,128,4,10.7965185015928,10.7965185015928,12.807475347653963,3035052.4565086206,1.4472257883589843,0.04203033447265625,1.9464762861498155,0.04203033447265625,0.04203033447265625,device,1.344970703125,540.3355117799645,0.4308013916015625,1967.5,68,21692928,6410493952,56312,3603968,3603968,2,0.164238,0.0914735,0.02935,0.009329500000000001,0.00754,9.9689065,0.0191645,0.0,0.0,0.051753999999999994,0.09673899999999999,8.282311499999999,0.0,0.066399,0.024914,0.3059955,0.012275000000000001,13373.5,5742,813.5,1,0.533727,0.4261535,0.804833,6.85693,0.276991,0.073859,8.240155,813.5,28,1,15929136
tiledb,node,256,0,cold,window_4096,65536,128,4,13.954342022771016,13.954342022771016,13.962937009637244,18785837.381098114,8.95778531126886,0.049480438232421875,1.7729405711741393,0.049480438232421875,0.049480438232421875,device,0.1979217529296875,396.05551024773604,0.0625,4,68,144179712,6409945088,65536,4194304,4194304,2,0.18637700000000001,0.08397299999999999,0.03007,0.008539999999999999,0.00755,6.729019,0.0158845,0.0,0.0,0.025575,0.00334,5.673105,0.0,0.069164,0.0448845,6.654691,0.0253495,98304,6144,1.5,1,0.052954,0.029148999999999998,0.094144,5.0668050000000004,0.256231,0.062264,5.656225,1.5,25.5,1,11209392
tiledb,node,256,0,cold,window_65536,1024,128,4,29.43907500593923,29.43907500593923,29.492475613369606,139134.80634747003,0.06634464566586973,0.17124557495117188,2.9084741099478104,0.17124557495117188,0.17124557495117188,device,43.8388671875,668.0858891127552,0.994140625,4009.5,1008.5,3737600,6408859648,3760,240640,240640,2,0.0980085,0.03124,0.029284,0.008705000000000001,0.006699999999999999,13.05443,0.0031450000000000002,0.0,0.0,0.040349,0.057444499999999996,10.8982375,0.0,0.01754,0.015605,16.0310205,0.012254999999999999,434,431,426,1,0.465043,0.367494,0.613321,9.067335,0.695139,0.045515,10.8588,426,107.5,1,14224784
tiledb,node,256,0,cold,window_65536,8192,128,4,35.147949965903535,35.147949965903535,36.73714206961449,932287.6592173289,0.44454939804903454,0.17368698120117188,2.4707981741419176,0.17368698120117188,0.17368698120117188,device,5.5579833984375,784.0367482807073,0.940277099609375,27193,1026.5,21854208,6418477056,94656,6057984,6057984,2,0.390469,0.091224,0.028454,0.012685000000000002,0.008135,29.413386000000003,0.0367945,0.0,0.0,0.3008305,0.9756855,23.371235499999997,0.0,0.1058335,0.028974,4.920672,0.0142645,10892,9765.5,7876.5,1,1.9390199999999997,1.6572149999999999,3.88603,14.942499999999999,1.74438,0.1865625,23.0902,7876.5,208,1,27269632
tiledb,node,256,0,cold,window_65536,65536,128,4,37.106050964212045,37.106050964212045,37.27173376537394,7064723.763055034,3.36872280266525,0.15038681030273438,2.0264459083476587,0.15038681030273438,0.15038681030273438,device,0.6015472412109375,746.522268745777,0.632080078125,61048.5,1028,169127936,6423064576,428936,27451904,27451904,2,0.3140155,0.09120400000000001,0.030529,0.009465,0.013935,33.943278,0.042134000000000005,0.0,0.0,0.22491650000000002,1.1159985,28.8098345,0.0,0.487193,0.060839000000000004,1.97547,0.0276345,116568.5,52570,9564.5,1,2.355175,2.112725,4.7349,16.543550000000003,1.69374,0.5629614999999999,28.162100000000002,9564.5,256,1,33562624
tiledb,node,256,0,warm,random,1024,128,4,19.785314507316798,19.785314507316798,19.892817235086113,207022.2335098722,0.09871589351171121,0.0,0.0,0.0,0.0,device,0.0,920.6373137644025,0.9979248046875,4066,2589,2171904,6410059776,8328,532992,532992,2,0.205542,0.0315995,0.03114,0.0089545,0.00615,18.269482,0.004305,0.0,0.0,0.058764,0.120633,15.1900835,0.0,0.023575,0.0222245,1.0396695,0.011460000000000001,1031.5,1023.5,1003.5,1,0.5268915000000001,0.418564,0.8324324999999999,8.37982,1.9623650000000001,0.081404,15.1252,1003.5,252.5,1,33562624
tiledb,node,256,0,warm,random,8192,128,4,24.770910007646307,24.770910007646307,25.004852408892475,1322841.994496171,0.630780217407308,0.0,0.0,0.0,0.0,device,0.0,1050.6162426800897,0.9839630126953125,31241.5,4094,17116160,6417428480,62184,3979776,3979776,2,0.181892,0.09189349999999999,0.0298995,0.008775000000000002,0.007925,24.051976,0.007715,0.0,0.0,0.164732,0.7743435000000001,19.4276995,0.0,0.084348,0.027200000000000002,0.12806299999999998,0.013695,8201.5,7719.5,6803,1,1.78186,1.588125,3.60419,8.43688,2.15587,0.194262,18.9576,6803,256,1,33562624
tiledb,node,256,0,warm,random,65536,128,4,35.64273801748641,35.64273801748641,35.73878422903363,7354766.064026606,3.50702574921923,0.0,0.0,0.0,0.0,device,0.0,1145.15939207519,0.8847713470458984,180587,4096,125202432,6432104448,331272,21201408,21201408,2,0.26548099999999997,0.08218400000000001,0.032209,0.009295000000000001,0.015045,33.7628355,0.034274,0.0,0.0,0.344225,1.7581885000000002,26.9708075,0.0,0.390354,0.0416995,0.832778,0.0275945,65527.5,41408,15287,1,3.3969050000000003,3.1208,7.201115,9.0465,2.010065,0.42184900000000003,26.001350000000002,15287,256,1,33562624
tiledb,node,256,0,warm,window_256,1024,128,4,3.4494885185267776,3.4494885185267776,3.73212946287822,1187422.4187153801,0.566207131726923,0.0,0.0,0.0,0.0,device,0.0,399.70733127381385,0.246826171875,17,8,2447872,6410391552,4048,259072,259072,2,0.1084385,0.032604499999999995,0.033244499999999996,0.0093,0.0067694999999999995,1.623646,0.001145,0.0,0.0,0.0422845,0.0046300000000000004,1.0942885,0.0,0.0168445,0.02264,1.466668,0.01176,1536,380.5,5,1,0.136473,0.0988885,0.180877,0.7206545,0.0630795,0.0206295,1.0712970000000002,5,3,1,4129776
tiledb,node,256,0,warm,window_256,8192,128,4,4.39691951032728,4.39691951032728,4.812016134383157,7452490.299864723,3.5536242961238496,0.0,0.0,0.0,0.0,device,0.0,360.1368631562998,0.03125,4,8,17912832,6410420224,4096,262144,262144,2,0.16527750000000002,0.0883385,0.026195,0.008740000000000001,0.006699999999999999,2.2612409999999996,0.0022199999999999998,0.0,0.0,0.023779,0.002,1.7176045,0.0,0.015385,0.024964,1.67229,0.013485,12288,384,1.5,1,0.07745350000000001,0.059813500000000006,0.11301850000000001,1.4091595,0.083364,0.025328999999999997,1.7007475,1.5,3,1,6227440
tiledb,node,256,0,warm,window_256,65536,128,4,5.276316485833377,5.276316485833377,5.961732630385086,49683145.56259891,23.690769940661863,0.0,0.0,0.0,0.0,device,0.0,331.70036420276796,0.00390625,4,8,143177728,6412001280,4096,262144,262144,2,0.1841325,0.081709,0.0287695,0.00888,0.007005,1.106643,0.00273,0.0,0.0,0.0236995,0.00198,0.8994065,0.0,0.01548,0.0439945,3.66305,0.0249945,98304,384,1.5,1,0.0693735,0.052784,0.1035535,0.5981645,0.0797335,0.02317,0.8823675000000001,1.5,3,1,3212048
tiledb,node,256,0,warm,window_4096,1024,128,4,4.148997977608815,4.148997977608815,4.51153957110364,987226.3187654386,0.47074619234344417,0.0,0.0,0.0,0.0,device,0.0,673.6594631002555,0.8836669921875,2801,68,3113984,6413574144,14472,926208,926208,2,0.11998800000000001,0.01648,0.0140545,0.008125,0.00351,2.062989,0.00131,0.0,0.0,0.033135,0.0758185,1.477808,0.0,0.01492,0.012035,1.799573,0.0107845,1024,904.5,693.5,0.5,0.3574295,0.2976205,0.55855,0.58877,0.138333,0.0254695,1.4554500000000001,693.5,17,0.5,2425424
tiledb,node,256,0,warm,window_4096,8192,128,4,7.681635004701093,7.681635004701093,9.023362208972685,4265758.524057219,2.034072172192201,0.0,0.0,0.0,0.0,device,0.0,582.3790504576411,0.4308013916015625,1967.5,68,21692928,6413402112,56312,3603968,3603968,2,0.180377,0.0894485,0.0281295,0.00896,0.007595,5.2446365,0.014239499999999999,0.0,0.0,0.0472935,0.094414,3.8287635,0.0,0.060179,0.0242845,1.9144415,0.013025,12288,5285.5,744.5,1,0.500692,0.39084450000000004,0.7693835,2.4942765000000002,0.245631,0.0681435,3.790625,744.5,25.5,1,11274944
tiledb,node,256,0,warm,window_4096,65536,128,4,9.373679989948869,9.373679989948869,9.756570565514266,27965964.30442362,13.335210945331392,0.0,0.0,0.0,0.0,device,0.0,434.8088215482415,0.0625,4,68,144179712,6412636160,65536,4194304,4194304,2,0.183967,0.085079,0.029498999999999997,0.00835,0.007615,4.092239,0.01633,0.0,0.0,0.0239445,0.00332,3.010145,0.0,0.068374,0.0444295,4.7145195,0.025239499999999998,98304,6144,1.5,1,0.0409345,0.01992,0.0865985,2.4306360000000002,0.2402315,0.0735195,2.993783,1.5,25.5,1,11209392
tiledb,node,256,0,warm,window_65536,1024,128,4,18.351341015659273,18.351341015659273,18.48307671607472,223198.94750497345,0.10642955184220002,0.0,0.0,0.0,0.0,device,0.0,795.8079895925985,0.994140625,4009.5,1008.5,3737600,6411296768,3760,240640,240640,2,0.1094235,0.03157,0.027634,0.008255,0.00659,7.36131,0.0028450000000000003,0.0,0.0,0.03641,0.044124,4.7880985,0.0,0.01768,0.015475,10.654410500000001,0.0115045,385,382,376,1,0.412329,0.3039655,0.5486565000000001,2.8151849999999996,0.9502659999999999,0.0404945,4.761385000000001,376,92.5,1,12192672
tiledb,node,256,0,warm,window_65536,8192,128,4,24.422659975243732,24.422659975243732,25.024719481007196,1341704.7951867487,0.6397747016843551,0.0,0.0,0.0,0.0,device,0.0,915.1743021708651,0.940277099609375,27193,1026.5,21854208,6419963904,94656,6057984,6057984,2,0.18138700000000002,0.0925385,0.0275595,0.009205000000000001,0.008715,23.611942,0.045574,0.0,0.0,0.200303,1.098128,18.026390499999998,0.0,0.1180035,0.0277795,0.206337,0.013934499999999999,12472,11190.5,9013,1,2.2037750000000003,1.94486,4.436025,8.15381,1.75205,0.2209715,17.5821,9013,241.5,1,31858272
tiledb,node,256,0,warm,window_65536,65536,128,4,28.65165751427412,28.65165751427412,29.150893358746544,9149348.510444853,4.362749343130519,0.0,0.0,0.0,0.0,device,0.0,817.2890569536481,0.632080078125,61048.5,1028,169127936,6424444928,428936,27451904,27451904,2,0.2957505,0.09010850000000001,0.0311045,0.009325,0.0146945,25.3342815,0.0425195,0.0,0.0,0.2161865,1.1075985,20.348696,0.0,0.490508,0.06056399999999999,2.135078,0.0279545,116568.5,52570,9564.5,1,2.25975,2.00442,4.65175,8.340505,1.74334,0.5093425,19.7015,9564.5,256,1,33562624
tiledb,node,4096,0,cold,random,1024,128,4,33.7594305165112,33.7594305165112,33.95757587859407,121329.06086779844,0.05785420459165499,0.25005340576171875,3.703460069319321,0.25005340576171875,0.25005340576171875,device,64.013671875,732.664653152334,0.9979248046875,4066,256,2171904,6408859648,8192,524288,524288,2,0.18140699999999998,0.0319445,0.0306545,0.008875000000000001,0.0060845,32.040426499999995,0.00433,0.0,0.0,0.0555345,0.138053,28.9258825,0.0,0.023555,0.0227545,1.2572315,0.01236,1028,1021.5,1006,1,0.49942250000000005,0.4136105,0.8145225,23.275100000000002,1.92822,0.043125,28.8481,1006,16,1,33560704
tiledb,node,4096,0,cold,random,8192,128,4,38.04724701330997,38.04724701330997,38.110484622302465,861244.9670415537,0.4106736026008385,0.25005340576171875,3.286090655576778,0.25005340576171875,0.25005340576171875,device,8.001708984375,788.0338698227309,0.9839630126953125,31241.5,256,17116160,6416986112,62184,3979776,3979776,2,0.196717,0.2658855,0.031625,0.009505,0.0088595,36.208714,0.0075595,0.0,0.0,0.169008,0.7738235,31.981162,0.0,0.08915400000000001,0.0318095,1.02093,0.01497,8201.5,7719.5,6803,1,1.6434350000000002,1.4615400000000003,3.28998,23.13545,1.791925,0.12701800000000002,31.5569,6803,16,1,33560704
tiledb,node,4096,0,cold,random,65536,128,4,47.001078026369214,47.001078026369214,47.087090130662546,5577403.987477228,2.659513467539419,0.25005340576171875,2.6600816009095603,0.25005340576171875,0.25005340576171875,device,1.000213623046875,870.6040896985991,0.8847713470458984,180587,256,125202432,6432210944,331672,21227008,21227008,2,0.268791,0.0823635,0.0351495,0.010695,0.01246,44.9812975,0.033929,0.0,0.0,0.33174,1.807718,38.284558000000004,0.0,0.406069,0.054404499999999995,0.8535124999999999,0.0289895,65645.5,41358.5,15192.5,1,3.5003150000000005,3.22429,7.069645,25.0777,1.963125,0.39855399999999996,37.58345,15192.5,16,1,33560704
tiledb,node,4096,0,cold,window_256,1024,128,4,7.3982444882858545,7.3982444882858545,7.8395122167421505,553644.8554093443,0.2639984395071718,0.03412628173828125,2.306376992022616,0.03412628173828125,0.03412628173828125,device,8.736328125,366.2855362904973,0.246826171875,17,4,2447872,6408904704,4048,259072,259072,2,0.199062,0.032854,0.031485,0.008775,0.007105,4.255996,0.00115,0.0,0.0,0.037823999999999997,0.00398,3.5769020000000005,0.0,0.018070000000000003,0.0222345,2.7004895,0.01191,1536,378.5,7,1,0.15744249999999999,0.111268,0.19124200000000002,3.03479,0.2455215,0.024849999999999997,3.5570250000000003,7,1.5,1,6292632
tiledb,node,4096,0,cold,window_256,8192,128,4,7.8997265081852674,7.8997265081852674,8.276033151196316,4147991.701490878,1.9779165751890555,0.0399932861328125,2.5313082732277903,0.0399932861328125,0.0399932861328125,device,1.27978515625,324.8833294849819,0.03125,4,4.5,17912832,6408933376,4096,262144,262144,2,0.1690825,0.088434,0.0293595,0.00898,0.00626,4.7615835,0.00275,0.0,0.0,0.028249000000000003,0.00205,4.2723615,0.0,0.0187495,0.026145,2.66153,0.013195,12288,384,1.5,1,0.045144,0.022509499999999998,0.075999,3.821425,0.288751,0.0235445,4.25547,1.5,1.5,1,8390176
tiledb,node,4096,0,cold,window_256,65536,128,4,8.212401968194172,8.212401968194172,9.855494162184186,31920502.797507726,15.220881842378486,0.031703948974609375,1.9302482451173033,0.031703948974609375,0.031703948974609375,device,0.1268157958984375,321.6849601653032,0.00390625,4,4,143177728,6411448320,4096,262144,262144,2,0.185797,0.0822085,0.0286995,0.008834999999999999,0.00716,2.799098,0.0028095,0.0,0.0,0.02646,0.00203,2.4683580000000003,0.0,0.016469499999999998,0.045039499999999996,4.897457,0.0249095,98304,384,1.5,1,0.053294499999999995,0.0325945,0.0820485,2.01843,0.282241,0.0208895,2.45112,1.5,1.5,1,4195088
tiledb,node,4096,0,cold,window_4096,1024,128,4,7.337375485803932,7.337375485803932,7.4859767279122025,558237.7524395175,0.26618850347495915,0.032634735107421875,2.2238697726838628,0.032634735107421875,0.032634735107421875,device,8.3544921875,554.6301409643771,0.8836669921875,2801,8,3113984,6412738560,14472,926208,926208,2,0.2446265,0.016815,0.0155795,0.008425,0.00366,3.535687,0.00141,0.0,0.0,0.04092899999999999,0.085189,2.732049,0.0,0.016045,0.0124945,3.381599,0.01124,1024,904.5,693.5,0.5,0.37373449999999997,0.31522,0.5883499999999999,1.79876,0.183057,0.0530545,2.69901,693.5,1.5,0.5,3146316
tiledb,node,4096,0,cold,window_4096,8192,128,4,12.165443476988003,12.165443476988003,14.695705744088627,2693531.0711840084,1.2843757015152018,0.051700592041015625,2.1248954934857824,0.051700592041015625,0.051700592041015625,device,1.6544189453125,508.1375012504278,0.4308013916015625,1967.5,8,21692928,6412103680,56312,3603968,3603968,2,0.3330455,0.092689,0.0283495,0.008944500000000001,0.007685,11.166268500000001,0.016395,0.0,0.0,0.0491885,0.098224,9.3623955,0.0,0.066964,0.0253045,0.3049105,0.0122495,13373.5,5742,813.5,1,0.4519785,0.361364,0.6816404999999999,8.03558,0.41322349999999997,0.0947085,9.32644,813.5,3.5,1,16780352
tiledb,node,4096,0,cold,window_4096,65536,128,4,7.816378492861986,7.816378492861986,8.150260028196499,33537782.265712075,15.992060788017309,0.0350799560546875,2.244003158670153,0.0350799560546875,0.0350799560546875,device,0.14031982421875,455.10166930228894,0.0625,4,8,144179712,6411984896,65536,4194304,4194304,2,0.18124200000000001,0.084254,0.029064,0.008805,0.007845000000000001,4.4587535,0.01427,0.0,0.0,0.026784500000000003,0.0034894999999999995,3.8145235,0.0,0.069494,0.0447595,2.7857285,0.0253345,98304,6144,1.5,1,0.069734,0.0451145,0.1126085,3.09082,0.412784,0.1004435,3.794175,1.5,3,1.5,6292632
tiledb,node,4096,0,cold,window_65536,1024,128,4,28.08848553104326,28.08848553104326,28.172917698975652,145824.87886266137,0.0695347208321864,0.17919158935546875,3.1897695081749253,0.17919158935546875,0.17919158935546875,device,45.873046875,665.3815628238264,0.994140625,4009.5,68,3737600,6409920512,9352,598528,598528,2,0.183502,0.032359,0.031145000000000003,0.00875,0.0071649999999999995,18.507808,0.004285,0.0,0.0,0.0522035,0.08902399999999999,16.675916,0.0,0.0261995,0.0232,9.102848499999999,0.0129,734.5,731.5,721.5,1,0.5784765000000001,0.439655,0.804378,13.720109999999998,1.18905,0.040873999999999994,16.6362,721.5,10.5,1,22024212
tiledb,node,4096,0,cold,window_65536,8192,128,4,31.42981548444368,31.42981548444368,32.000366420834325,1042576.9128749311,0.4971394123434692,0.1791839599609375,2.850541073803398,0.1791839599609375,0.1791839599609375,device,5.73388671875,706.0532286924685,0.940277099609375,27193,68,21854208,6419480576,94656,6057984,6057984,2,0.1851025,0.09528400000000001,0.030469499999999997,0.009544500000000001,0.008645,29.564739,0.03671,0.0,0.0,0.249541,1.0592595,22.719146000000002,0.0,0.12903799999999999,0.0749335,1.129483,0.014825000000000001,12968.5,11546,9122,1,2.022085,1.75048,4.0853850000000005,15.75385,2.06983,0.195417,22.4452,9122,14.5,1,30414388
tiledb,node,4096,0,cold,window_65536,65536,128,4,33.49313448416069,33.49313448416069,34.26556175108999,7826798.059882125,3.7321081447039246,0.15331649780273438,2.2887750006682652,0.15331649780273438,0.15331649780273438,device,0.6132659912109375,646.9846487568307,0.632080078125,61048.5,68,169127936,6422470656,428936,27451904,27451904,2,0.404559,0.09120349999999999,0.035019499999999995,0.009665,0.0149245,30.12975,0.0429845,0.0,0.0,0.2297315,1.132698,25.194654,0.0,0.5105675000000001,0.06598899999999999,1.9757655,0.0298845,116568.5,52570,9564.5,1,2.0545350000000004,1.8220800000000001,4.141795,16.21785,1.660095,0.5851514999999999,24.667,9564.5,16,1,33560704
tiledb,node,4096,0,warm,random,1024,128,4,19.361931044841185,19.361931044841185,20.64349415304605,211549.1471648094,0.10087449415436239,0.0,0.0,0.0,0.0,device,0.0,882.5380128885879,0.9979248046875,4066,256,2171904,6410895360,8328,532992,532992,2,0.201382,0.0331245,0.0326545,0.0090195,0.006745,18.5215835,0.00598,0.0,0.0,0.057964,0.118003,15.695981,0.0,0.0251595,0.022690000000000002,0.3348345,0.011869999999999999,1031.5,1023.5,1003.5,1,0.5852815,0.48486250000000003,0.8844665,8.90173,2.46429,0.0445745,15.606200000000001,1003.5,16,1,33560704
tiledb,node,4096,0,warm,random,8192,128,4,22.180153464432806,22.180153464432806,22.506889008218423,1477356.7753958707,0.7044586064318994,0.0,0.0,0.0,0.0,device,0.0,955.8219799513969,0.9839630126953125,31241.5,256,17116160,6418419712,62184,3979776,3979776,2,0.2406765,0.09137400000000001,0.0327095,0.0090245,0.006914999999999999,21.068900499999998,0.0177545,0.0,0.0,0.17039750000000004,0.7682884999999999,16.508688499999998,0.0,0.0936185,0.0358495,0.3787345,0.016429,8174.5,7674.5,6772,1,1.759055,1.562675,3.4701250000000003,7.788525,1.75808,0.1313475,16.04485,6772,16,1,33560704
tiledb,node,4096,0,warm,random,65536,128,4,30.467660020804033,30.467660020804033,31.00045640312601,8604008.309827598,4.102710871614264,0.0,0.0,0.0,0.0,device,0.0,1027.0057473607799,0.8847713470458984,180587,256,125202432,6433193984,331672,21227008,21227008,2,0.279926,0.083499,0.037444000000000005,0.010284999999999999,0.013305,28.359955999999997,0.033584,0.0,0.0,0.32387,1.690145,21.622032,0.0,0.4006195,0.051529000000000005,0.883752,0.10277800000000001,65645.5,41358.5,15192.5,1,3.193455,2.89492,6.772315,8.72155,2.0331200000000003,0.4185945,20.88205,15192.5,16,1,33560704
tiledb,node,4096,0,warm,window_256,1024,128,4,4.1351634718012065,4.1351634718012065,4.298074744292535,990529.1599550361,0.47232110975028807,0.0,0.0,0.0,0.0,device,0.0,468.2562160369862,0.246826171875,17,4,2447872,6407479296,4048,259072,259072,2,0.1266335,0.0322045,0.0365495,0.00888,0.0061200000000000004,2.3701745,0.001145,0.0,0.0,0.043893999999999996,0.00513,1.7242395,0.0,0.016584500000000002,0.022875,1.3978789999999999,0.01052,1536,378.5,7,1,0.172248,0.112579,0.207012,1.1792019999999999,0.22295150000000002,0.02441,1.699983,7,1.5,1,6292632
tiledb,node,4096,0,warm,window_256,8192,128,4,5.661385483108461,5.661385483108461,6.2802430300507694,5787982.481985714,2.759925118439538,0.0,0.0,0.0,0.0,device,0.0,433.38352552047814,0.03125,4,4.5,17912832,6406787072,4096,262144,262144,2,0.3205205,0.08744299999999999,0.027540000000000002,0.008735,0.00601,3.2085115,0.0013549999999999999,0.0,0.0,0.025674000000000002,0.0022400000000000002,2.427314,0.0,0.015595000000000001,0.02493,1.8353975,0.0134745,12288,384,1.5,1,0.07350899999999999,0.057799,0.1083835,1.9670515000000002,0.264121,0.02341,2.410383,1.5,1.5,1,8390176
tiledb,node,4096,0,warm,window_256,65536,128,4,5.591640976490453,5.591640976490453,6.15345335972961,46881407.64082684,22.354797192014143,0.0,0.0,0.0,0.0,device,0.0,402.4614794586575,0.00390625,4,4,143177728,6412029952,4096,262144,262144,2,0.18308750000000001,0.081729,0.0291295,0.008305,0.00677,1.6791644999999997,0.002895,0.0,0.0,0.0238895,0.0020545,1.226942,0.0,0.015595000000000001,0.043879,3.406954,0.024895,98304,384,1.5,1,0.063574,0.046849,0.1036435,0.7414270000000001,0.2747855,0.0369295,1.2098535,1.5,1.5,1,3146316
tiledb,node,4096,0,warm,window_4096,1024,128,4,5.095089029055089,5.095089029055089,5.321223923237994,803911.3696821162,0.38333481296640215,0.0,0.0,0.0,0.0,device,0.0,631.3826964857963,0.8836669921875,2801,8,3113984,6409416704,14472,926208,926208,2,0.116788,0.016505,0.0142895,0.008305,0.00359,2.207472,0.00385,0.0,0.0,0.032814499999999996,0.075314,1.5684665,0.0,0.015725,0.0123245,2.5939064999999997,0.0117045,1024,904.5,693.5,0.5,0.339595,0.271571,0.548945,0.6561750000000001,0.2222615,0.0439995,1.5439500000000002,693.5,1.5,0.5,3146316
tiledb,node,4096,0,warm,window_4096,8192,128,4,7.059554511215538,7.059554511215538,7.548399886582047,4641652.663484837,2.2133124654220757,0.0,0.0,0.0,0.0,device,0.0,591.707004084137,0.4308013916015625,1967.5,8,21692928,6409793536,56312,3603968,3603968,2,0.1943875,0.08904899999999999,0.0267645,0.008559500000000001,0.006605,4.7799935,0.015355,0.0,0.0,0.0487385,0.092929,3.7451939999999997,0.0,0.06410450000000001,0.026744,1.7326540000000001,0.01351,12288,5285.5,744.5,1,0.48452800000000007,0.3860545,0.7139095,2.351724,0.397719,0.139888,3.7100150000000003,744.5,3,1,12585264
tiledb,node,4096,0,warm,window_4096,65536,128,4,6.062010012101382,6.062010012101382,6.487424706574529,43243742.50070372,20.62022328410326,0.0,0.0,0.0,0.0,device,0.0,516.448190245523,0.0625,4,8,144179712,6409961472,65536,4194304,4194304,2,0.1838325,0.08459900000000001,0.0325895,0.0084945,0.0076,2.7728289999999998,0.01781,0.0,0.0,0.025149499999999998,0.003905,1.8336075,0.0,0.068104,0.044404,2.716389,0.025834999999999997,98304,6144,1.5,1,0.064029,0.031499,0.0976835,1.0775435,0.47605299999999995,0.0975485,1.8168499999999999,1.5,3,1.5,6292632
tiledb,node,4096,0,warm,window_65536,1024,128,4,17.237716994713992,17.237716994713992,17.75589740718715,237618.47356329457,0.11330531767048577,0.0,0.0,0.0,0.0,device,0.0,786.6862128063959,0.994140625,4009.5,68,3737600,6408024064,19976,1278464,1278464,2,0.252546,0.058319499999999996,0.0278845,0.008605,0.0065595,12.772339500000001,0.005285,0.0,0.0,0.0722535,0.17235250000000002,9.818394,0.0,0.0308445,0.022305000000000002,3.9088865,0.01228,1506,1483.5,1426.5,1,0.66852,0.545246,1.06477,5.410125,1.851305,0.046709,9.761275000000001,1426.5,12,1,25170528
tiledb,node,4096,0,warm,window_65536,8192,128,4,20.65755147486925,20.65755147486925,21.73749971552752,1586248.013946067,0.7563819951753936,0.0,0.0,0.0,0.0,device,0.0,818.1160613618642,0.940277099609375,27193,68,21854208,6416756736,84392,5401088,5401088,2,0.248661,0.093088,0.029105000000000002,0.008844999999999999,0.00845,19.7805845,0.008824499999999999,0.0,0.0,0.349725,0.8979515,13.9856965,0.0,0.1022085,0.029138999999999998,0.1885025,0.0145995,10208,9324.5,7767.5,1,1.588305,1.37123,3.207455,7.138335,1.677035,0.188027,13.557,7767.5,15.5,1,32511932
tiledb,node,4096,0,warm,window_65536,65536,128,4,26.162074005696923,26.162074005696923,26.44558297470212,10020000.705713043,4.777908661705514,0.0,0.0,0.0,0.0,device,0.0,750.7105054332948,0.632080078125,61048.5,68,169127936,6421856256,428936,27451904,27451904,2,0.3001055,0.0909035,0.039404499999999995,0.0102395,0.014974999999999999,21.7910945,0.0430145,0.0,0.0,0.242956,1.1309685,16.6949605,0.0,0.5032274999999999,0.07281399999999999,3.0508095,0.030179,116568.5,52570,9564.5,1,2.0441949999999998,1.79575,4.189305,7.715920000000001,1.859455,0.5685915,16.16875,9564.5,16,1,33560704
tiledb,node,65536,0,cold,random,1024,128,4,28.651357017224655,28.651357017224655,29.03977721289266,142960.06983325648,0.06816867343581032,0.25005340576171875,4.363727093473991,0.25005340576171875,0.25005340576171875,device,64.013671875,452.5723962116208,0.9979248046875,4066,16,2171904,6407282688,8192,524288,524288,2,0.135143,0.033149,0.0364745,0.0099245,0.006115000000000001,27.795650000000002,0.00506,0.0,0.0,0.081989,0.123278,27.256413000000002,0.0,0.0347945,0.029159499999999998,0.371174,0.01316,1028,1021.5,1006,1,0.6172660000000001,0.5090675,0.9693430000000001,20.85315,2.442535,0.13399250000000001,27.18645,1006,1,1,33560584
tiledb,node,65536,0,cold,random,8192,128,4,32.42045050137676,32.42045050137676,32.54605675174389,1010720.0699943537,0.4819488859149712,0.25005340576171875,3.856414730435347,0.25005340576171875,0.25005340576171875,device,8.001708984375,522.3776008072684,0.9839630126953125,31241.5,16,17116160,6415278080,62184,3979776,3979776,2,0.258137,0.092134,0.032009,0.009495,0.008135,31.575274,0.007815,0.0,0.0,0.16270700000000002,0.779059,29.617687500000002,0.0,0.09049299999999999,0.03177,0.13722299999999998,0.015179499999999999,8243.5,7728.5,6814.5,1,1.5317349999999998,1.326985,2.95321,20.9435,1.7118099999999998,0.6507205,29.23995,6814.5,1,1,33560584
tiledb,node,65536,0,cold,random,65536,128,4,41.87365004327148,41.87365004327148,42.153928050538525,6260357.043847505,2.9851708621251607,0.25005340576171875,2.98580856342017,0.25005340576171875,0.25005340576171875,device,1.000213623046875,621.1764205680846,0.8847713470458984,180587,16,125202432,6429437952,332472,21278208,21278208,2,0.5256270000000001,0.084709,0.035034499999999996,0.0100295,0.013315,39.422991499999995,0.037879499999999997,0.0,0.0,0.3201155,1.6281355,35.3457025,0.0,0.414798,0.054245,1.062494,0.0295995,65742.5,41493,15266,1,3.1020700000000003,2.8259600000000002,6.183445000000001,20.9894,1.6946750000000002,2.539415,34.50465,15266,1,1,33560584
tiledb,node,65536,0,cold,window_256,1024,128,4,24.53909401083365,24.53909401083365,24.727407295722514,166917.3278439569,0.07959238426397176,0.1884918212890625,3.840643448487669,0.1884918212890625,0.1884918212890625,device,48.25390625,484.92184123613225,0.246826171875,17,4,2447872,6405885952,4048,259072,259072,2,0.203237,0.033244499999999996,0.03529,0.0092895,0.006895,23.182488499999998,0.00124,0.0,0.0,0.063309,0.005685,22.625926999999997,0.0,0.0235,0.028714499999999997,0.8784865,0.012935,1536,378.5,7,1,0.16702250000000002,0.11034350000000001,0.21840649999999998,17.4645,1.93337,0.0317445,22.597,7,1,1,33560584
tiledb,node,65536,0,cold,window_256,8192,128,4,23.620797030162066,23.620797030162066,23.846765438793227,1387252.0879865997,0.6614933433468817,0.18848800659179688,3.9898739731582977,0.18848800659179688,0.18848800659179688,device,6.0316162109375,508.60439572210197,0.03125,4,4,17912832,6406205440,4096,262144,262144,2,0.2283565,0.0911835,0.0323495,0.008995,0.007154499999999999,22.866444,0.002745,0.0,0.0,0.0446795,0.0036950000000000004,22.702545999999998,0.0,0.018439499999999998,0.0280595,0.206172,0.01403,12288,384,1.5,1,0.05877349999999999,0.039914500000000006,0.0951485,17.53805,1.733215,0.0234645,22.67705,1.5,1,1,33560584
tiledb,node,65536,0,cold,window_256,65536,128,4,22.632022009929642,22.632022009929642,24.106037491583265,11582880.216579242,5.523147686280843,0.1572418212890625,3.473879205757085,0.1572418212890625,0.1572418212890625,device,0.62896728515625,429.28885654747575,0.00390625,4,4,143177728,6408691712,4096,262144,262144,2,0.20402700000000001,0.0833185,0.031215,0.008754999999999999,0.0068445,19.9916065,0.002615,0.0,0.0,0.035089499999999996,0.0024549999999999997,19.8341585,0.0,0.01783,0.046814,2.0797434999999997,0.026025,98304,384,1.5,1,0.0727485,0.052594,0.1084485,15.456150000000001,1.791355,0.033785,19.81495,1.5,1,1,33560584
tiledb,node,65536,0,cold,window_4096,1024,128,4,24.543743522372097,24.543743522372097,24.924113659653813,166885.70740100901,0.07957730646181536,0.18850326538085938,3.8401490222759826,0.18850326538085938,0.18850326538085938,device,48.2568359375,514.3572999975635,0.8836669921875,2801,4,3113984,6410469376,14472,926208,926208,2,0.2073815,0.016185,0.0167195,0.008490000000000001,0.002765,11.8019585,0.001315,0.0,0.0,0.048004000000000005,0.079159,11.447444,0.0,0.01718,0.014505,12.349270500000001,0.011144999999999999,1024,904.5,693.5,0.5,0.31658549999999996,0.256637,0.48596300000000003,8.18425,1.232345,0.072944,11.4186,693.5,0.5,0.5,16780292
tiledb,node,65536,0,cold,window_4096,8192,128,4,26.56000296701677,26.56000296701677,29.340061559923925,1233734.8019385599,0.5882905969326782,0.21879959106445312,4.118967745149856,0.21879959106445312,0.21879959106445312,device,7.0015869140625,523.0137593452337,0.4308013916015625,1967.5,4.5,21692928,6410227712,56312,3603968,3603968,2,0.224862,0.08973900000000001,0.0322195,0.009225,0.0083695,25.2882075,0.018985000000000002,0.0,0.0,0.057014499999999996,0.0833785,24.877578,0.0,0.059899499999999994,0.028704,0.6780949999999999,0.01404,11202.5,4822.5,685.5,1,0.5029875,0.395489,0.7126745,19.3185,1.91491,0.1713725,24.83545,685.5,1,1,33560584
tiledb,node,65536,0,cold,window_4096,65536,128,4,23.743095487589017,23.743095487589017,24.101127617177553,11040851.860997982,5.264688425539962,0.18801116943359375,3.959280910357095,0.18801116943359375,0.18801116943359375,device,0.752044677734375,427.0680609148177,0.0625,4,4,144179712,6409371648,32768,2097152,2097152,2,0.206837,0.0820235,0.0358495,0.008825,0.007725,20.923292500000002,0.004694500000000001,0.0,0.0,0.051324,0.004595,20.644602,0.0,0.055899000000000004,0.0400695,2.2159725,0.025273999999999998,65536,4096,1,1,0.0334995,0.0166695,0.0807735,16.26515,1.59454,0.091339,20.616100000000003,1,1,1,33560584
tiledb,node,65536,0,cold,window_65536,1024,128,4,28.59809249639511,28.59809249639511,28.933769540162757,143226.3358304864,0.06829563895725556,0.25005340576171875,4.371854622703225,0.25005340576171875,0.25005340576171875,device,64.013671875,552.9913612942357,0.994140625,4009.5,8,3737600,6407684096,3760,240640,240640,2,0.1275475,0.032595,0.034734,0.009590000000000001,0.007105,26.841714,0.004735,0.0,0.0,0.060488999999999994,0.057099,26.4839945,0.0,0.0308545,0.0248195,1.31129,0.012504999999999999,434,431,426,1,0.3154455,0.238033,0.4273785,21.4438,1.9874399999999999,0.0580845,26.447899999999997,426,1,1,33560584
tiledb,node,65536,0,cold,window_65536,8192,128,4,31.702946522273123,31.702946522273123,32.759602763690054,1033594.7788631765,0.4928563970867045,0.21926498413085938,3.458116802752281,0.21926498413085938,0.21926498413085938,device,7.0164794921875,549.1460356143491,0.940277099609375,27193,8,21854208,6418096128,94656,6057984,6057984,2,0.27153099999999997,0.0929335,0.02938,0.009084499999999999,0.008665,30.791945,0.0097095,0.0,0.0,0.23005650000000002,1.0873789999999999,28.119459499999998,0.0,0.1180385,0.029954,0.207062,0.013260000000000001,12472,11190.5,9013,1,2.2211299999999996,1.93676,4.31435,18.099600000000002,1.7646950000000001,0.9126815,27.701549999999997,9013,1,1,33560584
tiledb,node,65536,0,cold,window_65536,65536,128,4,36.66086250450462,36.66086250450462,37.903429043944925,7150513.711121489,3.409630637703652,0.21926498413085938,2.9904504306727326,0.21926498413085938,0.21926498413085938,device,0.8770599365234375,547.1778493355188,0.632080078125,61048.5,8,169127936,6423003136,428936,27451904,27451904,2,0.4367885,0.0905685,0.033654500000000004,0.008915,0.014874499999999999,33.3029425,0.042869500000000005,0.0,0.0,0.204872,1.1108985,30.460919500000003,0.0,0.5023329999999999,0.066859,1.9978,0.0284545,116568.5,52570,9564.5,1,2.65774,2.401755,4.757645,18.59115,1.708535,2.269635,29.85425,9564.5,1,1,33560584
tiledb,node,65536,0,warm,random,1024,128,4,16.1560034903232,16.1560034903232,16.322316715377383,253528.0462432024,0.1208915930953991,0.0,0.0,0.0,0.0,device,0.0,803.9758414127549,0.9979248046875,4066,16,2171904,6409932800,8152,521728,521728,2,0.2175375,0.0330145,0.0351445,0.0093395,0.006755000000000001,13.351911,0.0046099999999999995,0.0,0.0,0.0706735,0.11798349999999999,12.867463,0.0,0.025023999999999998,0.02391,2.2860055,0.013420000000000001,1018,1012.5,992.5,1,0.47695299999999996,0.3806240000000001,0.7276594999999999,6.95486,1.86509,0.1187635,12.7865,992.5,1,1,33560584
tiledb,node,65536,0,warm,random,8192,128,4,19.467669510049745,19.467669510049745,19.535438166349195,1683200.9595747585,0.802612762248401,0.0,0.0,0.0,0.0,device,0.0,870.8492786590705,0.9839630126953125,31241.5,16,17116160,6417354752,61856,3958784,3958784,2,0.22960150000000001,0.092939,0.030669000000000002,0.0089,0.00818,18.653711,0.00767,0.0,0.0,0.1623775,0.7520285,16.608142,0.0,0.092024,0.032729999999999995,0.136953,0.015225,8181.5,7699,6804,1,1.781255,1.59714,3.3269200000000003,7.453525,1.759335,0.6433405000000001,16.1202,6804,1,1,33560584
tiledb,node,65536,0,warm,random,65536,128,4,29.76494049653411,29.76494049653411,30.160957184853032,8807140.065693213,4.199571640822035,0.0,0.0,0.0,0.0,device,0.0,925.9566973839329,0.8847713470458984,180587,16,125202432,6430564352,331672,21227008,21227008,2,0.36072899999999997,0.083819,0.035884,0.009495,0.013895000000000001,27.762045,0.0335895,0.0,0.0,0.3225895,1.636561,23.7567255,0.0,0.39477450000000003,0.0473595,0.8385375,0.0293545,65790,41443,15190,1,3.7861700000000003,3.4818949999999997,7.1933050000000005,7.9335450000000005,1.7930000000000001,2.57519,22.70825,15190,1,1,33560584
tiledb,node,65536,0,warm,window_256,1024,128,4,12.72031050757505,12.72031050757505,13.143259691423737,322004.71816790936,0.15354381473918408,0.0,0.0,0.0,0.0,device,0.0,637.8411081371262,0.246826171875,17,4,2447872,6408134656,4048,259072,259072,2,0.18992150000000002,0.032869499999999996,0.0360495,0.009045000000000001,0.006175,12.2108925,0.0014850000000000002,0.0,0.0,0.047544,0.00418,11.712625,0.0,0.0209345,0.02636,0.059419,0.011875,1536,378.5,7,1,0.174942,0.122528,0.21938649999999998,7.30666,1.59595,0.032565000000000004,11.685749999999999,7,1,1,33560584
tiledb,node,65536,0,warm,window_256,8192,128,4,12.615851504961029,12.615851504961029,12.823370375554077,2597367.287266689,1.2385212360700077,0.0,0.0,0.0,0.0,device,0.0,657.3276957753488,0.03125,4,4,17912832,6408462336,4096,262144,262144,2,0.1878375,0.088778,0.032244999999999996,0.008905,0.0069,11.684255,0.00234,0.0,0.0,0.034514,0.00243,11.529743,0.0,0.0230245,0.03067,0.4024335,0.014255,12288,384,1.5,1,0.056008999999999996,0.0392395,0.0936185,6.828125,1.6850800000000001,0.0332495,11.5099,1.5,1,1,33560584
tiledb,node,65536,0,warm,window_256,65536,128,4,14.135614008409902,14.135614008409902,14.311619804357179,18544931.960085988,8.842912654917711,0.0,0.0,0.0,0.0,device,0.0,565.4649203950033,0.00390625,4,4,143177728,6411034624,4096,262144,262144,2,0.202117,0.082764,0.0312,0.0088845,0.0069195,11.2929615,0.00302,0.0,0.0,0.03451,0.0023899999999999998,11.1298885,0.0,0.01663,0.045828999999999995,2.273891,0.0260345,98304,384,1.5,1,0.051864499999999994,0.02735,0.08364350000000001,6.7589500000000005,1.63543,0.0235195,11.1112,1.5,1,1,33560584
tiledb,node,65536,0,warm,window_4096,1024,128,4,14.181293518049642,14.181293518049642,15.066605978063308,288831.19828150375,0.13772544778895557,0.0,0.0,0.0,0.0,device,0.0,671.2892789281506,0.8836669921875,2801,4,3113984,6412005376,7272,465408,465408,2,0.22111199999999998,0.0322695,0.0333245,0.0089745,0.0071649999999999995,13.6167315,0.0020700000000000002,0.0,0.0,0.07886399999999999,0.0998085,13.127704000000001,0.0,0.026025,0.0253245,0.0461745,0.01264,1024,901.5,690.5,1,0.5433870000000001,0.42940849999999997,0.767479,7.43002,1.5845449999999999,0.09790399999999999,13.07455,690.5,1,1,33560584
tiledb,node,65536,0,warm,window_4096,8192,128,4,15.076199983013794,15.076199983013794,16.056785083492287,2173491.9964526463,1.0364017469657165,0.0,0.0,0.0,0.0,device,0.0,747.3545663160955,0.4308013916015625,1967.5,4.5,21692928,6411890688,56312,3603968,3603968,2,0.19670700000000002,0.08817849999999999,0.0294595,0.0091,0.0076100000000000004,14.03899,0.0152145,0.0,0.0,0.0534685,0.084309,13.641852,0.0,0.057234,0.026994999999999998,0.48635300000000004,0.0140645,11202.5,4822.5,685.5,1,0.5030875,0.406069,0.710899,7.031515000000001,1.8321749999999999,0.1890075,13.601500000000001,685.5,1,1,33560584
tiledb,node,65536,0,warm,window_4096,65536,128,4,14.420674997381866,14.420674997381866,14.703720499528572,18178344.636960015,8.668110197525031,0.0,0.0,0.0,0.0,device,0.0,611.4387399758214,0.0625,4,4,144179712,6411710464,65536,4194304,4194304,2,0.2322665,0.0841935,0.0316445,0.00884,0.007115,11.2221975,0.0160095,0.0,0.0,0.0357995,0.003735,11.033485500000001,0.0,0.0706135,0.0470945,2.558092,0.0257145,98304,6144,1.5,1,0.05388950000000001,0.030644499999999998,0.0935435,5.840294999999999,1.671805,0.1172135,11.0105,1.5,1,1,33560584
tiledb,node,65536,0,warm,window_65536,1024,128,4,15.932341979350895,15.932341979350895,16.216405358863994,257087.12537733745,0.12258869427554009,0.0,0.0,0.0,0.0,device,0.0,780.4067924298073,0.994140625,4009.5,8,3737600,6409920512,3760,240640,240640,2,0.1171685,0.032599,0.034225000000000005,0.008529499999999999,0.00659,12.9419215,0.002725,0.0,0.0,0.0579345,0.050009,12.226077499999999,0.0,0.0223645,0.018520000000000002,2.6210955,0.011775,385,382,376,1,0.34576500000000004,0.2540555,0.4592935,6.870595,1.665635,0.0543095,12.189,376,1,1,33560584
tiledb,node,65536,0,warm,window_65536,8192,128,4,21.57357250689529,21.57357250689529,22.288913643569686,1518895.398039744,0.7242657652090759,0.0,0.0,0.0,0.0,device,0.0,807.1010790834391,0.940277099609375,27193,8,21854208,6420000768,94656,6057984,6057984,2,0.205137,0.093189,0.0285795,0.0091745,0.00874,20.7185955,0.044899999999999995,0.0,0.0,0.23266150000000002,1.0344950000000002,18.0516905,0.0,0.1181035,0.0325495,0.2072515,0.013625,12472,11190.5,9013,1,2.2196350000000002,1.93727,4.3278300000000005,7.586415000000001,1.9598650000000002,0.948401,17.63095,9013,1,1,33560584
tiledb,node,65536,0,warm,window_65536,65536,128,4,25.572387996362522,25.572387996362522,26.246784112299792,10251056.727173386,4.888084758364385,0.0,0.0,0.0,0.0,device,0.0,737.9224714048676,0.632080078125,61048.5,8,169127936,6424285184,428936,27451904,27451904,2,0.367395,0.091324,0.0356495,0.009534500000000001,0.014974999999999999,22.211688,0.0426595,0.0,0.0,0.2283015,1.122533,19.264252499999998,0.0,0.499123,0.068684,2.01295,0.0295795,116568.5,52570,9564.5,1,2.3587,2.117795,4.471360000000001,7.28947,1.76627,2.08316,18.63695,9564.5,1,1,33560584
